2026-09-02T08:26:03.854Z - [32minfo[39m: Website generation (lazy) started at 16:26:03
2026-09-02T08:26:04.106Z - [32minfo[39m: Building assets...
2026-09-02T08:26:04.206Z - [32minfo[39m: Assets built
2026-09-02T08:26:04.206Z - [32minfo[39m: Generating landing page...
2026-09-02T08:26:04.297Z - [36mverbose[39m: Rendering page: /Users/damithch/Repos/git-mastery/git-mastery.github.io/index.md
2026-09-02T08:26:04.310Z - [32minfo[39m: Landing page built, other pages will be built as you navigate to them!
2026-09-02T08:26:04.387Z - [32minfo[39m: Site data built
2026-09-02T08:26:04.387Z - [32minfo[39m: Website generation (lazy) complete! Total build time: 0.708s
2026-09-02T08:26:04.399Z - [32minfo[39m: Serving "/Users/damithch/Repos/git-mastery/git-mastery.github.io/_site" at http://127.0.0.1:8080
2026-09-02T08:26:04.399Z - [32minfo[39m: Press CTRL+C to stop ...
2026-09-02T08:26:06.973Z - [32minfo[39m: Building /Users/damithch/Repos/git-mastery/git-mastery.github.io/versions/cs2103/insertions as some of its dependencies were changed since the last visit
2026-09-02T08:26:07.005Z - [36mverbose[39m: Rendering page: /Users/damithch/Repos/git-mastery/git-mastery.github.io/versions/cs2103/insertions.md
2026-09-02T08:26:07.011Z - [32minfo[39m: Site data built
2026-09-02T08:26:07.011Z - [32minfo[39m: Lazy website regeneration complete! Total build time: 0.039s
2026-09-02T08:26:42.123Z - [32minfo[39m: [16:26:42] Reload for file change: /Users/damithch/Repos/git-mastery/git-mastery.github.io/site.json
2026-09-02T08:26:42.128Z - [32minfo[39m: Synchronizing opened pages list before reload
2026-09-02T08:26:42.135Z - [32minfo[39m: Current opened pages, from most-to-least recent:
2026-09-02T08:26:42.136Z - [32minfo[39m: 1. index
2026-09-02T08:26:42.318Z - [32minfo[39m: [16:26:42] Reload for file change: /Users/damithch/Repos/git-mastery/git-mastery.github.io/site.json
2026-09-02T08:26:42.318Z - [32minfo[39m: Synchronizing opened pages list before reload
2026-09-02T08:26:42.318Z - [32minfo[39m: Current opened pages, from most-to-least recent:
2026-09-02T08:26:42.318Z - [32minfo[39m: 1. index
2026-09-02T08:26:42.355Z - [32minfo[39m: No pages needed to be rebuilt
2026-09-02T08:26:44.238Z - [32minfo[39m: Pages or site config modified, updating pages...
2026-09-02T08:26:45.296Z - [32minfo[39m: Building /Users/damithch/Repos/git-mastery/git-mastery.github.io/index as some of its dependencies were changed since the last visit
2026-09-02T08:26:45.367Z - [36mverbose[39m: Rendering page: /Users/damithch/Repos/git-mastery/git-mastery.github.io/index.md
2026-09-02T08:26:45.374Z - [32minfo[39m: Site data built
2026-09-02T08:26:45.374Z - [32minfo[39m: Lazy website regeneration complete! Total build time: 0.078s
2026-09-02T08:26:45.375Z - [32minfo[39m: Site data built
2026-09-02T08:26:46.700Z - [32minfo[39m: Building /Users/damithch/Repos/git-mastery/git-mastery.github.io/versions/cs2103/insertions as some of its dependencies were changed since the last visit
2026-09-02T08:26:46.736Z - [36mverbose[39m: Rendering page: /Users/damithch/Repos/git-mastery/git-mastery.github.io/versions/cs2103/insertions.md
2026-09-02T08:26:46.740Z - [32minfo[39m: Site data built
2026-09-02T08:26:46.740Z - [32minfo[39m: Lazy website regeneration complete! Total build time: 0.041s
2026-09-02T08:26:52.186Z - [32minfo[39m: Building /Users/damithch/Repos/git-mastery/git-mastery.github.io/lessons/index as some of its dependencies were changed since the last visit
2026-09-02T08:26:52.536Z - [36mverbose[39m: Rendering page: /Users/damithch/Repos/git-mastery/git-mastery.github.io/lessons/index.md
2026-09-02T08:26:52.547Z - [32minfo[39m: Site data built
2026-09-02T08:26:52.547Z - [32minfo[39m: Lazy website regeneration complete! Total build time: 0.362s
2026-09-02T08:27:08.977Z - [32minfo[39m: Building /Users/damithch/Repos/git-mastery/git-mastery.github.io/lessons/intro/index as some of its dependencies were changed since the last visit
2026-09-02T08:27:09.054Z - [36mverbose[39m: Rendering page: /Users/damithch/Repos/git-mastery/git-mastery.github.io/lessons/intro/index.md
2026-09-02T08:27:09.066Z - [32minfo[39m: Site data built
2026-09-02T08:27:09.066Z - [32minfo[39m: Lazy website regeneration complete! Total build time: 0.09s
2026-09-02T08:32:43.688Z - [32minfo[39m: Website generation started at 16:32:43
2026-09-02T08:32:43.805Z - [32minfo[39m: Building assets...
2026-09-02T08:32:43.902Z - [32minfo[39m: Assets built
2026-09-02T08:32:43.903Z - [32minfo[39m: Generating pages...
2026-09-02T08:32:44.409Z - [36mverbose[39m: Rendering page: /Users/damithch/Repos/git-mastery/git-mastery.github.io/about/index.md
2026-09-02T08:32:44.417Z - [36mverbose[39m: Rendering page: /Users/damithch/Repos/git-mastery/git-mastery.github.io/exercises-directory/index.md
2026-09-02T08:32:44.447Z - [36mverbose[39m: Rendering page: /Users/damithch/Repos/git-mastery/git-mastery.github.io/faq/index.md
2026-09-02T08:32:44.450Z - [36mverbose[39m: Rendering page: /Users/damithch/Repos/git-mastery/git-mastery.github.io/companion-app/index.md
2026-09-02T08:32:47.738Z - [36mverbose[39m: Rendering page: /Users/damithch/Repos/git-mastery/git-mastery.github.io/versions/cs2113/insertions.md
2026-09-02T08:32:47.744Z - [36mverbose[39m: Rendering page: /Users/damithch/Repos/git-mastery/git-mastery.github.io/versions/cs2103/insertions.md
2026-09-02T08:32:47.745Z - [36mverbose[39m: Rendering page: /Users/damithch/Repos/git-mastery/git-mastery.github.io/lessons/tag/exercise-tags-update.md
2026-09-02T08:32:47.756Z - [36mverbose[39m: Rendering page: /Users/damithch/Repos/git-mastery/git-mastery.github.io/lessons/trail/all.md
2026-09-02T08:32:48.004Z - [36mverbose[39m: Rendering page: /Users/damithch/Repos/git-mastery/git-mastery.github.io/lessons/tag/exercise-tags-push.md
2026-09-02T08:32:48.013Z - [36mverbose[39m: Rendering page: /Users/damithch/Repos/git-mastery/git-mastery.github.io/lessons/tag/exercise-tags-add.md
2026-09-02T08:32:48.015Z - [36mverbose[39m: Rendering page: /Users/damithch/Repos/git-mastery/git-mastery.github.io/lessons/stage/exercise-stage-fright.md
2026-09-02T08:32:48.031Z - [36mverbose[39m: Rendering page: /Users/damithch/Repos/git-mastery/git-mastery.github.io/lessons/show/exercise-view-commits.md
2026-09-02T08:32:48.048Z - [36mverbose[39m: Rendering page: /Users/damithch/Repos/git-mastery/git-mastery.github.io/lessons/setRemote/exercise-link-me.md
2026-09-02T08:32:48.057Z - [36mverbose[39m: Rendering page: /Users/damithch/Repos/git-mastery/git-mastery.github.io/lessons/reset/exercise-sensors-reset.md
2026-09-02T08:32:48.059Z - [36mverbose[39m: Rendering page: /Users/damithch/Repos/git-mastery/git-mastery.github.io/lessons/revert/exercise-sensors-revert.md
2026-09-02T08:32:48.069Z - [36mverbose[39m: Rendering page: /Users/damithch/Repos/git-mastery/git-mastery.github.io/lessons/remoteBranchRename/exercise-remote-branch-rename.md
2026-09-02T08:32:48.077Z - [36mverbose[39m: Rendering page: /Users/damithch/Repos/git-mastery/git-mastery.github.io/lessons/remoteBranchRename/exercise-glossary-branch-rename.md
2026-09-02T08:32:48.097Z - [36mverbose[39m: Rendering page: /Users/damithch/Repos/git-mastery/git-mastery.github.io/lessons/remoteBranchPush/exercise-glossary-branch-push.md
2026-09-02T08:32:48.099Z - [36mverbose[39m: Rendering page: /Users/damithch/Repos/git-mastery/git-mastery.github.io/lessons/remoteBranchPull/exercise-glossary-branch-pull.md
2026-09-02T08:32:48.107Z - [36mverbose[39m: Rendering page: /Users/damithch/Repos/git-mastery/git-mastery.github.io/lessons/remoteBranchDelete/exercise-glossary-branch-delete.md
2026-09-02T08:32:48.109Z - [36mverbose[39m: Rendering page: /Users/damithch/Repos/git-mastery/git-mastery.github.io/lessons/push/exercise-push-over.md
2026-09-02T08:32:48.143Z - [36mverbose[39m: Rendering page: /Users/damithch/Repos/git-mastery/git-mastery.github.io/lessons/prsCreate/exercise-create-pr-from-main.md
2026-09-02T08:32:48.145Z - [36mverbose[39m: Rendering page: /Users/damithch/Repos/git-mastery/git-mastery.github.io/lessons/pull/exercise-fetch-and-pull.md
2026-09-02T08:32:48.154Z - [36mverbose[39m: Rendering page: /Users/damithch/Repos/git-mastery/git-mastery.github.io/lessons/merge/exercise-merge-undo.md
2026-09-02T08:32:48.164Z - [36mverbose[39m: Rendering page: /Users/damithch/Repos/git-mastery/git-mastery.github.io/lessons/mergeConflicts/exercise-conflict-mediator.md
2026-09-02T08:32:48.167Z - [36mverbose[39m: Rendering page: /Users/damithch/Repos/git-mastery/git-mastery.github.io/lessons/merge/exercise-merge-squash.md
2026-09-02T08:32:48.176Z - [36mverbose[39m: Rendering page: /Users/damithch/Repos/git-mastery/git-mastery.github.io/lessons/merge/exercise-ff-undo.md
2026-09-02T08:32:48.200Z - [36mverbose[39m: Rendering page: /Users/damithch/Repos/git-mastery/git-mastery.github.io/lessons/merge/exercise-branch-forward.md
2026-09-02T08:32:48.203Z - [36mverbose[39m: Rendering page: /Users/damithch/Repos/git-mastery/git-mastery.github.io/lessons/merge/exercise-branch-compare.md
2026-09-02T08:32:48.204Z - [36mverbose[39m: Rendering page: /Users/damithch/Repos/git-mastery/git-mastery.github.io/lessons/merge/exercise-branch-bender.md
2026-09-02T08:32:48.212Z - [36mverbose[39m: Rendering page: /Users/damithch/Repos/git-mastery/git-mastery.github.io/lessons/log/exercise-log-and-order.md
2026-09-02T08:32:48.219Z - [36mverbose[39m: Rendering page: /Users/damithch/Repos/git-mastery/git-mastery.github.io/lessons/init/exercise-undo-init.md
2026-09-02T08:32:48.241Z - [36mverbose[39m: Rendering page: /Users/damithch/Repos/git-mastery/git-mastery.github.io/lessons/init/exercise-under-control.md
2026-09-02T08:32:48.244Z - [36mverbose[39m: Rendering page: /Users/damithch/Repos/git-mastery/git-mastery.github.io/lessons/fork/exercise-fork-repo.md
2026-09-02T08:32:48.245Z - [36mverbose[39m: Rendering page: /Users/damithch/Repos/git-mastery/git-mastery.github.io/lessons/ignore/exercise-ignoring-somethings.md
2026-09-02T08:32:48.247Z - [36mverbose[39m: Rendering page: /Users/damithch/Repos/git-mastery/git-mastery.github.io/lessons/diff/exercise-sensors-diff.md
2026-09-02T08:32:48.284Z - [36mverbose[39m: Rendering page: /Users/damithch/Repos/git-mastery/git-mastery.github.io/lessons/createRemoteRepo/exercise-remote-control.md
2026-09-02T08:32:48.286Z - [36mverbose[39m: Rendering page: /Users/damithch/Repos/git-mastery/git-mastery.github.io/lessons/commit/exercise-staging-intervention.md
2026-09-02T08:32:48.287Z - [36mverbose[39m: Rendering page: /Users/damithch/Repos/git-mastery/git-mastery.github.io/lessons/commit/exercise-grocery-shopping.md
2026-09-02T08:32:48.288Z - [36mverbose[39m: Rendering page: /Users/damithch/Repos/git-mastery/git-mastery.github.io/lessons/clone/exercise-clone-repo.md
2026-09-02T08:32:48.328Z - [36mverbose[39m: Rendering page: /Users/damithch/Repos/git-mastery/git-mastery.github.io/lessons/checkout/exercise-sensors-checkout.md
2026-09-02T08:32:48.330Z - [36mverbose[39m: Rendering page: /Users/damithch/Repos/git-mastery/git-mastery.github.io/lessons/branchRename/exercise-branch-rename.md
2026-09-02T08:32:48.333Z - [36mverbose[39m: Rendering page: /Users/damithch/Repos/git-mastery/git-mastery.github.io/lessons/branchDelete/exercise-mix-messy-graph.md
2026-09-02T08:32:48.357Z - [36mverbose[39m: Rendering page: /Users/damithch/Repos/git-mastery/git-mastery.github.io/lessons/branchDelete/exercise-mix-messy-docs.md
2026-09-02T08:32:48.367Z - [36mverbose[39m: Rendering page: /Users/damithch/Repos/git-mastery/git-mastery.github.io/lessons/branchDelete/exercise-branch-delete.md
2026-09-02T08:32:48.373Z - [36mverbose[39m: Rendering page: /Users/damithch/Repos/git-mastery/git-mastery.github.io/lessons/branch/exercise-side-track.md
2026-09-02T08:32:48.376Z - [36mverbose[39m: Rendering page: /Users/damithch/Repos/git-mastery/git-mastery.github.io/lessons/branch/exercise-branch-previous.md
2026-09-02T08:32:48.381Z - [36mverbose[39m: Rendering page: /Users/damithch/Repos/git-mastery/git-mastery.github.io/versions/cs2113/index.md
2026-09-02T08:32:48.439Z - [36mverbose[39m: Rendering page: /Users/damithch/Repos/git-mastery/git-mastery.github.io/versions/cs2103/index.md
2026-09-02T08:32:48.570Z - [36mverbose[39m: Rendering page: /Users/damithch/Repos/git-mastery/git-mastery.github.io/lessons/worktrees/index.md
2026-09-02T08:32:48.578Z - [36mverbose[39m: Rendering page: /Users/damithch/Repos/git-mastery/git-mastery.github.io/lessons/workflows/index.md
2026-09-02T08:32:48.714Z - [36mverbose[39m: Rendering page: /Users/damithch/Repos/git-mastery/git-mastery.github.io/lessons/trail/workingWithRemotes/index.md
2026-09-02T08:32:49.126Z - [36mverbose[39m: Rendering page: /Users/damithch/Repos/git-mastery/git-mastery.github.io/lessons/trail/workingWithPrs/index.md
2026-09-02T08:32:49.241Z - [36mverbose[39m: Rendering page: /Users/damithch/Repos/git-mastery/git-mastery.github.io/lessons/trail/syncingBranches/index.md
2026-09-02T08:32:49.250Z - [36mverbose[39m: Rendering page: /Users/damithch/Repos/git-mastery/git-mastery.github.io/lessons/trail/usingRevisionHistory/index.md
2026-09-02T08:32:49.662Z - [36mverbose[39m: Rendering page: /Users/damithch/Repos/git-mastery/git-mastery.github.io/lessons/trail/remoteBranches/index.md
2026-09-02T08:32:49.867Z - [36mverbose[39m: Rendering page: /Users/damithch/Repos/git-mastery/git-mastery.github.io/lessons/trail/recordingFolderHistory/index.md
2026-09-02T08:32:49.988Z - [36mverbose[39m: Rendering page: /Users/damithch/Repos/git-mastery/git-mastery.github.io/lessons/trail/index.md
2026-09-02T08:32:49.995Z - [36mverbose[39m: Rendering page: /Users/damithch/Repos/git-mastery/git-mastery.github.io/lessons/trail/managingProjects/index.md
2026-09-02T08:32:50.352Z - [36mverbose[39m: Rendering page: /Users/damithch/Repos/git-mastery/git-mastery.github.io/lessons/trail/fineTuningHistory/index.md
2026-09-02T08:32:50.582Z - [36mverbose[39m: Rendering page: /Users/damithch/Repos/git-mastery/git-mastery.github.io/lessons/trail/branchingLocally/index.md
2026-09-02T08:32:50.685Z - [36mverbose[39m: Rendering page: /Users/damithch/Repos/git-mastery/git-mastery.github.io/lessons/trail/backingUpOnCloud/index.md
2026-09-02T08:32:50.712Z - [36mverbose[39m: Rendering page: /Users/damithch/Repos/git-mastery/git-mastery.github.io/lessons/template/index.md
2026-09-02T08:32:50.733Z - [36mverbose[39m: Rendering page: /Users/damithch/Repos/git-mastery/git-mastery.github.io/lessons/tag/index.md
2026-09-02T08:32:50.881Z - [36mverbose[39m: Rendering page: /Users/damithch/Repos/git-mastery/git-mastery.github.io/lessons/syncByRebase/index.md
2026-09-02T08:32:50.886Z - [36mverbose[39m: Rendering page: /Users/damithch/Repos/git-mastery/git-mastery.github.io/lessons/stage/index.md
2026-09-02T08:32:50.898Z - [36mverbose[39m: Rendering page: /Users/damithch/Repos/git-mastery/git-mastery.github.io/lessons/syncByMerge/index.md
2026-09-02T08:32:50.902Z - [36mverbose[39m: Rendering page: /Users/damithch/Repos/git-mastery/git-mastery.github.io/lessons/show/index.md
2026-09-02T08:32:51.064Z - [36mverbose[39m: Rendering page: /Users/damithch/Repos/git-mastery/git-mastery.github.io/lessons/setRemote/index.md
2026-09-02T08:32:51.072Z - [36mverbose[39m: Rendering page: /Users/damithch/Repos/git-mastery/git-mastery.github.io/lessons/revert/index.md
2026-09-02T08:32:51.077Z - [36mverbose[39m: Rendering page: /Users/damithch/Repos/git-mastery/git-mastery.github.io/lessons/selectiveStage/index.md
2026-09-02T08:32:51.081Z - [36mverbose[39m: Rendering page: /Users/damithch/Repos/git-mastery/git-mastery.github.io/lessons/reset/index.md
2026-09-02T08:32:51.175Z - [36mverbose[39m: Rendering page: /Users/damithch/Repos/git-mastery/git-mastery.github.io/lessons/remoteRepos/index.md
2026-09-02T08:32:51.179Z - [36mverbose[39m: Rendering page: /Users/damithch/Repos/git-mastery/git-mastery.github.io/lessons/remoteBranchRename/index.md
2026-09-02T08:32:51.183Z - [36mverbose[39m: Rendering page: /Users/damithch/Repos/git-mastery/git-mastery.github.io/lessons/remoteBranchPush/index.md
2026-09-02T08:32:51.209Z - [36mverbose[39m: Rendering page: /Users/damithch/Repos/git-mastery/git-mastery.github.io/lessons/remoteBranchPull/index.md
2026-09-02T08:32:51.363Z - [36mverbose[39m: Rendering page: /Users/damithch/Repos/git-mastery/git-mastery.github.io/lessons/remoteBranchDelete/index.md
2026-09-02T08:32:51.393Z - [36mverbose[39m: Rendering page: /Users/damithch/Repos/git-mastery/git-mastery.github.io/lessons/push/index.md
2026-09-02T08:32:51.403Z - [36mverbose[39m: Rendering page: /Users/damithch/Repos/git-mastery/git-mastery.github.io/lessons/pull/index.md
2026-09-02T08:32:51.417Z - [36mverbose[39m: Rendering page: /Users/damithch/Repos/git-mastery/git-mastery.github.io/lessons/prsReview/index.md
2026-09-02T08:32:51.593Z - [36mverbose[39m: Rendering page: /Users/damithch/Repos/git-mastery/git-mastery.github.io/lessons/prsMerge/index.md
2026-09-02T08:32:51.598Z - [36mverbose[39m: Rendering page: /Users/damithch/Repos/git-mastery/git-mastery.github.io/lessons/prsCreate/index.md
2026-09-02T08:32:51.609Z - [36mverbose[39m: Rendering page: /Users/damithch/Repos/git-mastery/git-mastery.github.io/lessons/otherPmFeatures/index.md
2026-09-02T08:32:51.612Z - [36mverbose[39m: Rendering page: /Users/damithch/Repos/git-mastery/git-mastery.github.io/lessons/mergeConflicts/index.md
2026-09-02T08:32:51.803Z - [36mverbose[39m: Rendering page: /Users/damithch/Repos/git-mastery/git-mastery.github.io/lessons/merge/index.md
2026-09-02T08:32:51.817Z - [36mverbose[39m: Rendering page: /Users/damithch/Repos/git-mastery/git-mastery.github.io/lessons/log/index.md
2026-09-02T08:32:51.827Z - [36mverbose[39m: Rendering page: /Users/damithch/Repos/git-mastery/git-mastery.github.io/lessons/intro/index.md
2026-09-02T08:32:51.830Z - [36mverbose[39m: Rendering page: /Users/damithch/Repos/git-mastery/git-mastery.github.io/lessons/interactiveRebase/index.md
2026-09-02T08:32:52.100Z - [36mverbose[39m: Rendering page: /Users/damithch/Repos/git-mastery/git-mastery.github.io/lessons/init/index.md
2026-09-02T08:32:52.108Z - [36mverbose[39m: Rendering page: /Users/damithch/Repos/git-mastery/git-mastery.github.io/lessons/index.md
2026-09-02T08:32:52.117Z - [36mverbose[39m: Rendering page: /Users/damithch/Repos/git-mastery/git-mastery.github.io/lessons/githubPrep/index.md
2026-09-02T08:32:52.122Z - [36mverbose[39m: Rendering page: /Users/damithch/Repos/git-mastery/git-mastery.github.io/lessons/ignore/index.md
2026-09-02T08:32:52.267Z - [36mverbose[39m: Rendering page: /Users/damithch/Repos/git-mastery/git-mastery.github.io/lessons/gitPrep/index.md
2026-09-02T08:32:52.279Z - [36mverbose[39m: Rendering page: /Users/damithch/Repos/git-mastery/git-mastery.github.io/lessons/forkingWorkflow/index.md
2026-09-02T08:32:52.284Z - [36mverbose[39m: Rendering page: /Users/damithch/Repos/git-mastery/git-mastery.github.io/lessons/fork/index.md
2026-09-02T08:32:52.287Z - [36mverbose[39m: Rendering page: /Users/damithch/Repos/git-mastery/git-mastery.github.io/lessons/diff/index.md
2026-09-02T08:32:52.426Z - [36mverbose[39m: Rendering page: /Users/damithch/Repos/git-mastery/git-mastery.github.io/lessons/createRemoteRepo/index.md
2026-09-02T08:32:52.430Z - [36mverbose[39m: Rendering page: /Users/damithch/Repos/git-mastery/git-mastery.github.io/lessons/commitMessage/index.md
2026-09-02T08:32:52.434Z - [36mverbose[39m: Rendering page: /Users/damithch/Repos/git-mastery/git-mastery.github.io/lessons/commit/index.md
2026-09-02T08:32:52.446Z - [36mverbose[39m: Rendering page: /Users/damithch/Repos/git-mastery/git-mastery.github.io/lessons/clone/index.md
2026-09-02T08:32:52.608Z - [36mverbose[39m: Rendering page: /Users/damithch/Repos/git-mastery/git-mastery.github.io/lessons/checkout/index.md
2026-09-02T08:32:52.617Z - [36mverbose[39m: Rendering page: /Users/damithch/Repos/git-mastery/git-mastery.github.io/lessons/cherryPick/index.md
2026-09-02T08:32:52.621Z - [36mverbose[39m: Rendering page: /Users/damithch/Repos/git-mastery/git-mastery.github.io/lessons/branchRename/index.md
2026-09-02T08:32:52.627Z - [36mverbose[39m: Rendering page: /Users/damithch/Repos/git-mastery/git-mastery.github.io/lessons/branchDelete/index.md
2026-09-02T08:32:52.731Z - [36mverbose[39m: Rendering page: /Users/damithch/Repos/git-mastery/git-mastery.github.io/lessons/branch/index.md
2026-09-02T08:32:52.742Z - [36mverbose[39m: Rendering page: /Users/damithch/Repos/git-mastery/git-mastery.github.io/index.md
2026-09-02T08:32:52.753Z - [32minfo[39m: Pages built
2026-09-02T08:32:52.854Z - [32minfo[39m: Site data built
2026-09-02T08:32:52.854Z - [32minfo[39m: Website generation complete! Total build time: 9.235s
2026-09-02T08:32:52.854Z - [32minfo[39m: Build success!
2026-09-02T09:00:14.210Z - [32minfo[39m: Website generation started at 5:00:14 PM
2026-09-02T09:00:14.338Z - [32minfo[39m: Building assets...
2026-09-02T09:00:14.441Z - [32minfo[39m: Assets built
2026-09-02T09:00:14.441Z - [32minfo[39m: Generating pages...
2026-09-02T09:00:14.978Z - [36mverbose[39m: Rendering page: /Users/damithch/Repos/git-mastery/git-mastery.github.io/about/index.md
2026-09-02T09:00:14.987Z - [36mverbose[39m: Rendering page: /Users/damithch/Repos/git-mastery/git-mastery.github.io/companion-app/index.md
2026-09-02T09:00:15.006Z - [36mverbose[39m: Rendering page: /Users/damithch/Repos/git-mastery/git-mastery.github.io/faq/index.md
2026-09-02T09:00:15.008Z - [36mverbose[39m: Rendering page: /Users/damithch/Repos/git-mastery/git-mastery.github.io/exercises-directory/index.md
2026-09-02T09:00:18.008Z - [36mverbose[39m: Rendering page: /Users/damithch/Repos/git-mastery/git-mastery.github.io/versions/cs2113/insertions.md
2026-09-02T09:00:18.011Z - [36mverbose[39m: Rendering page: /Users/damithch/Repos/git-mastery/git-mastery.github.io/versions/cs2103/insertions.md
2026-09-02T09:00:18.014Z - [36mverbose[39m: Rendering page: /Users/damithch/Repos/git-mastery/git-mastery.github.io/lessons/tag/exercise-tags-update.md
2026-09-02T09:00:18.032Z - [36mverbose[39m: Rendering page: /Users/damithch/Repos/git-mastery/git-mastery.github.io/lessons/trail/all.md
2026-09-02T09:00:18.280Z - [36mverbose[39m: Rendering page: /Users/damithch/Repos/git-mastery/git-mastery.github.io/lessons/tag/exercise-tags-push.md
2026-09-02T09:00:18.282Z - [36mverbose[39m: Rendering page: /Users/damithch/Repos/git-mastery/git-mastery.github.io/lessons/tag/exercise-tags-add.md
2026-09-02T09:00:18.290Z - [36mverbose[39m: Rendering page: /Users/damithch/Repos/git-mastery/git-mastery.github.io/lessons/stage/exercise-stage-fright.md
2026-09-02T09:00:18.305Z - [36mverbose[39m: Rendering page: /Users/damithch/Repos/git-mastery/git-mastery.github.io/lessons/show/exercise-view-commits.md
2026-09-02T09:00:18.316Z - [36mverbose[39m: Rendering page: /Users/damithch/Repos/git-mastery/git-mastery.github.io/lessons/setRemote/exercise-link-me.md
2026-09-02T09:00:18.324Z - [36mverbose[39m: Rendering page: /Users/damithch/Repos/git-mastery/git-mastery.github.io/lessons/revert/exercise-sensors-revert.md
2026-09-02T09:00:18.326Z - [36mverbose[39m: Rendering page: /Users/damithch/Repos/git-mastery/git-mastery.github.io/lessons/reset/exercise-sensors-reset.md
2026-09-02T09:00:18.351Z - [36mverbose[39m: Rendering page: /Users/damithch/Repos/git-mastery/git-mastery.github.io/lessons/remoteBranchRename/exercise-remote-branch-rename.md
2026-09-02T09:00:18.354Z - [36mverbose[39m: Rendering page: /Users/damithch/Repos/git-mastery/git-mastery.github.io/lessons/remoteBranchRename/exercise-glossary-branch-rename.md
2026-09-02T09:00:18.355Z - [36mverbose[39m: Rendering page: /Users/damithch/Repos/git-mastery/git-mastery.github.io/lessons/remoteBranchPush/exercise-glossary-branch-push.md
2026-09-02T09:00:18.364Z - [36mverbose[39m: Rendering page: /Users/damithch/Repos/git-mastery/git-mastery.github.io/lessons/remoteBranchPull/exercise-glossary-branch-pull.md
2026-09-02T09:00:18.380Z - [36mverbose[39m: Rendering page: /Users/damithch/Repos/git-mastery/git-mastery.github.io/lessons/remoteBranchDelete/exercise-glossary-branch-delete.md
2026-09-02T09:00:18.392Z - [36mverbose[39m: Rendering page: /Users/damithch/Repos/git-mastery/git-mastery.github.io/lessons/push/exercise-push-over.md
2026-09-02T09:00:18.394Z - [36mverbose[39m: Rendering page: /Users/damithch/Repos/git-mastery/git-mastery.github.io/lessons/pull/exercise-fetch-and-pull.md
2026-09-02T09:00:18.403Z - [36mverbose[39m: Rendering page: /Users/damithch/Repos/git-mastery/git-mastery.github.io/lessons/prsCreate/exercise-create-pr-from-main.md
2026-09-02T09:00:18.426Z - [36mverbose[39m: Rendering page: /Users/damithch/Repos/git-mastery/git-mastery.github.io/lessons/mergeConflicts/exercise-conflict-mediator.md
2026-09-02T09:00:18.429Z - [36mverbose[39m: Rendering page: /Users/damithch/Repos/git-mastery/git-mastery.github.io/lessons/merge/exercise-merge-undo.md
2026-09-02T09:00:18.430Z - [36mverbose[39m: Rendering page: /Users/damithch/Repos/git-mastery/git-mastery.github.io/lessons/merge/exercise-merge-squash.md
2026-09-02T09:00:18.431Z - [36mverbose[39m: Rendering page: /Users/damithch/Repos/git-mastery/git-mastery.github.io/lessons/merge/exercise-ff-undo.md
2026-09-02T09:00:18.459Z - [36mverbose[39m: Rendering page: /Users/damithch/Repos/git-mastery/git-mastery.github.io/lessons/merge/exercise-branch-forward.md
2026-09-02T09:00:18.461Z - [36mverbose[39m: Rendering page: /Users/damithch/Repos/git-mastery/git-mastery.github.io/lessons/merge/exercise-branch-compare.md
2026-09-02T09:00:18.463Z - [36mverbose[39m: Rendering page: /Users/damithch/Repos/git-mastery/git-mastery.github.io/lessons/merge/exercise-branch-bender.md
2026-09-02T09:00:18.464Z - [36mverbose[39m: Rendering page: /Users/damithch/Repos/git-mastery/git-mastery.github.io/lessons/log/exercise-log-and-order.md
2026-09-02T09:00:18.490Z - [36mverbose[39m: Rendering page: /Users/damithch/Repos/git-mastery/git-mastery.github.io/lessons/init/exercise-undo-init.md
2026-09-02T09:00:18.492Z - [36mverbose[39m: Rendering page: /Users/damithch/Repos/git-mastery/git-mastery.github.io/lessons/init/exercise-under-control.md
2026-09-02T09:00:18.493Z - [36mverbose[39m: Rendering page: /Users/damithch/Repos/git-mastery/git-mastery.github.io/lessons/fork/exercise-fork-repo.md
2026-09-02T09:00:18.495Z - [36mverbose[39m: Rendering page: /Users/damithch/Repos/git-mastery/git-mastery.github.io/lessons/ignore/exercise-ignoring-somethings.md
2026-09-02T09:00:18.521Z - [36mverbose[39m: Rendering page: /Users/damithch/Repos/git-mastery/git-mastery.github.io/lessons/diff/exercise-sensors-diff.md
2026-09-02T09:00:18.523Z - [36mverbose[39m: Rendering page: /Users/damithch/Repos/git-mastery/git-mastery.github.io/lessons/createRemoteRepo/exercise-remote-control.md
2026-09-02T09:00:18.524Z - [36mverbose[39m: Rendering page: /Users/damithch/Repos/git-mastery/git-mastery.github.io/lessons/commit/exercise-grocery-shopping.md
2026-09-02T09:00:18.526Z - [36mverbose[39m: Rendering page: /Users/damithch/Repos/git-mastery/git-mastery.github.io/lessons/commit/exercise-staging-intervention.md
2026-09-02T09:00:18.560Z - [36mverbose[39m: Rendering page: /Users/damithch/Repos/git-mastery/git-mastery.github.io/lessons/clone/exercise-clone-repo.md
2026-09-02T09:00:18.562Z - [36mverbose[39m: Rendering page: /Users/damithch/Repos/git-mastery/git-mastery.github.io/lessons/checkout/exercise-sensors-checkout.md
2026-09-02T09:00:18.564Z - [36mverbose[39m: Rendering page: /Users/damithch/Repos/git-mastery/git-mastery.github.io/lessons/branchRename/exercise-branch-rename.md
2026-09-02T09:00:18.565Z - [36mverbose[39m: Rendering page: /Users/damithch/Repos/git-mastery/git-mastery.github.io/lessons/branchDelete/exercise-mix-messy-graph.md
2026-09-02T09:00:18.603Z - [36mverbose[39m: Rendering page: /Users/damithch/Repos/git-mastery/git-mastery.github.io/lessons/branchDelete/exercise-mix-messy-docs.md
2026-09-02T09:00:18.607Z - [36mverbose[39m: Rendering page: /Users/damithch/Repos/git-mastery/git-mastery.github.io/lessons/branchDelete/exercise-branch-delete.md
2026-09-02T09:00:18.608Z - [36mverbose[39m: Rendering page: /Users/damithch/Repos/git-mastery/git-mastery.github.io/lessons/branch/exercise-branch-previous.md
2026-09-02T09:00:18.613Z - [36mverbose[39m: Rendering page: /Users/damithch/Repos/git-mastery/git-mastery.github.io/lessons/branch/exercise-side-track.md
2026-09-02T09:00:18.618Z - [36mverbose[39m: Rendering page: /Users/damithch/Repos/git-mastery/git-mastery.github.io/versions/cs2113/index.md
2026-09-02T09:00:18.679Z - [36mverbose[39m: Rendering page: /Users/damithch/Repos/git-mastery/git-mastery.github.io/versions/cs2103/index.md
2026-09-02T09:00:18.815Z - [36mverbose[39m: Rendering page: /Users/damithch/Repos/git-mastery/git-mastery.github.io/lessons/workflows/index.md
2026-09-02T09:00:18.819Z - [36mverbose[39m: Rendering page: /Users/damithch/Repos/git-mastery/git-mastery.github.io/lessons/worktrees/index.md
2026-09-02T09:00:19.330Z - [36mverbose[39m: Rendering page: /Users/damithch/Repos/git-mastery/git-mastery.github.io/lessons/trail/workingWithRemotes/index.md
2026-09-02T09:00:19.405Z - [36mverbose[39m: Rendering page: /Users/damithch/Repos/git-mastery/git-mastery.github.io/lessons/trail/workingWithPrs/index.md
2026-09-02T09:00:19.523Z - [36mverbose[39m: Rendering page: /Users/damithch/Repos/git-mastery/git-mastery.github.io/lessons/trail/usingRevisionHistory/index.md
2026-09-02T09:00:19.949Z - [36mverbose[39m: Rendering page: /Users/damithch/Repos/git-mastery/git-mastery.github.io/lessons/trail/syncingBranches/index.md
2026-09-02T09:00:19.957Z - [36mverbose[39m: Rendering page: /Users/damithch/Repos/git-mastery/git-mastery.github.io/lessons/trail/remoteBranches/index.md
2026-09-02T09:00:20.177Z - [36mverbose[39m: Rendering page: /Users/damithch/Repos/git-mastery/git-mastery.github.io/lessons/trail/recordingFolderHistory/index.md
2026-09-02T09:00:20.290Z - [36mverbose[39m: Rendering page: /Users/damithch/Repos/git-mastery/git-mastery.github.io/lessons/trail/managingProjects/index.md
2026-09-02T09:00:20.297Z - [36mverbose[39m: Rendering page: /Users/damithch/Repos/git-mastery/git-mastery.github.io/lessons/trail/index.md
2026-09-02T09:00:20.717Z - [36mverbose[39m: Rendering page: /Users/damithch/Repos/git-mastery/git-mastery.github.io/lessons/trail/fineTuningHistory/index.md
2026-09-02T09:00:21.153Z - [36mverbose[39m: Rendering page: /Users/damithch/Repos/git-mastery/git-mastery.github.io/lessons/trail/branchingLocally/index.md
2026-09-02T09:00:21.445Z - [36mverbose[39m: Rendering page: /Users/damithch/Repos/git-mastery/git-mastery.github.io/lessons/template/index.md
2026-09-02T09:00:21.456Z - [36mverbose[39m: Rendering page: /Users/damithch/Repos/git-mastery/git-mastery.github.io/lessons/trail/backingUpOnCloud/index.md
2026-09-02T09:00:21.553Z - [36mverbose[39m: Rendering page: /Users/damithch/Repos/git-mastery/git-mastery.github.io/lessons/tag/index.md
2026-09-02T09:00:21.726Z - [36mverbose[39m: Rendering page: /Users/damithch/Repos/git-mastery/git-mastery.github.io/lessons/syncByRebase/index.md
2026-09-02T09:00:21.731Z - [36mverbose[39m: Rendering page: /Users/damithch/Repos/git-mastery/git-mastery.github.io/lessons/syncByMerge/index.md
2026-09-02T09:00:21.735Z - [36mverbose[39m: Rendering page: /Users/damithch/Repos/git-mastery/git-mastery.github.io/lessons/stage/index.md
2026-09-02T09:00:21.749Z - [36mverbose[39m: Rendering page: /Users/damithch/Repos/git-mastery/git-mastery.github.io/lessons/show/index.md
2026-09-02T09:00:21.922Z - [36mverbose[39m: Rendering page: /Users/damithch/Repos/git-mastery/git-mastery.github.io/lessons/setRemote/index.md
2026-09-02T09:00:21.932Z - [36mverbose[39m: Rendering page: /Users/damithch/Repos/git-mastery/git-mastery.github.io/lessons/selectiveStage/index.md
2026-09-02T09:00:21.936Z - [36mverbose[39m: Rendering page: /Users/damithch/Repos/git-mastery/git-mastery.github.io/lessons/revert/index.md
2026-09-02T09:00:21.946Z - [36mverbose[39m: Rendering page: /Users/damithch/Repos/git-mastery/git-mastery.github.io/lessons/reset/index.md
2026-09-02T09:00:22.045Z - [36mverbose[39m: Rendering page: /Users/damithch/Repos/git-mastery/git-mastery.github.io/lessons/remoteBranchRename/index.md
2026-09-02T09:00:22.051Z - [36mverbose[39m: Rendering page: /Users/damithch/Repos/git-mastery/git-mastery.github.io/lessons/remoteRepos/index.md
2026-09-02T09:00:22.057Z - [36mverbose[39m: Rendering page: /Users/damithch/Repos/git-mastery/git-mastery.github.io/lessons/remoteBranchPush/index.md
2026-09-02T09:00:22.062Z - [36mverbose[39m: Rendering page: /Users/damithch/Repos/git-mastery/git-mastery.github.io/lessons/remoteBranchPull/index.md
2026-09-02T09:00:22.281Z - [36mverbose[39m: Rendering page: /Users/damithch/Repos/git-mastery/git-mastery.github.io/lessons/remoteBranchDelete/index.md
2026-09-02T09:00:22.286Z - [36mverbose[39m: Rendering page: /Users/damithch/Repos/git-mastery/git-mastery.github.io/lessons/push/index.md
2026-09-02T09:00:22.296Z - [36mverbose[39m: Rendering page: /Users/damithch/Repos/git-mastery/git-mastery.github.io/lessons/pull/index.md
2026-09-02T09:00:22.311Z - [36mverbose[39m: Rendering page: /Users/damithch/Repos/git-mastery/git-mastery.github.io/lessons/prsReview/index.md
2026-09-02T09:00:22.497Z - [36mverbose[39m: Rendering page: /Users/damithch/Repos/git-mastery/git-mastery.github.io/lessons/prsMerge/index.md
2026-09-02T09:00:22.504Z - [36mverbose[39m: Rendering page: /Users/damithch/Repos/git-mastery/git-mastery.github.io/lessons/prsCreate/index.md
2026-09-02T09:00:22.653Z - [36mverbose[39m: Rendering page: /Users/damithch/Repos/git-mastery/git-mastery.github.io/lessons/otherPmFeatures/index.md
2026-09-02T09:00:22.657Z - [36mverbose[39m: Rendering page: /Users/damithch/Repos/git-mastery/git-mastery.github.io/lessons/mergeConflicts/index.md
2026-09-02T09:00:22.735Z - [36mverbose[39m: Rendering page: /Users/damithch/Repos/git-mastery/git-mastery.github.io/lessons/merge/index.md
2026-09-02T09:00:22.778Z - [36mverbose[39m: Rendering page: /Users/damithch/Repos/git-mastery/git-mastery.github.io/lessons/log/index.md
2026-09-02T09:00:22.788Z - [36mverbose[39m: Rendering page: /Users/damithch/Repos/git-mastery/git-mastery.github.io/lessons/intro/index.md
2026-09-02T09:00:22.841Z - [36mverbose[39m: Rendering page: /Users/damithch/Repos/git-mastery/git-mastery.github.io/lessons/interactiveRebase/index.md
2026-09-02T09:00:23.068Z - [36mverbose[39m: Rendering page: /Users/damithch/Repos/git-mastery/git-mastery.github.io/lessons/init/index.md
2026-09-02T09:00:23.104Z - [36mverbose[39m: Rendering page: /Users/damithch/Repos/git-mastery/git-mastery.github.io/lessons/index.md
2026-09-02T09:00:23.173Z - [36mverbose[39m: Rendering page: /Users/damithch/Repos/git-mastery/git-mastery.github.io/lessons/ignore/index.md
2026-09-02T09:00:23.200Z - [36mverbose[39m: Rendering page: /Users/damithch/Repos/git-mastery/git-mastery.github.io/lessons/githubPrep/index.md
2026-09-02T09:00:23.223Z - [36mverbose[39m: Rendering page: /Users/damithch/Repos/git-mastery/git-mastery.github.io/lessons/gitPrep/index.md
2026-09-02T09:00:23.278Z - [36mverbose[39m: Rendering page: /Users/damithch/Repos/git-mastery/git-mastery.github.io/lessons/forkingWorkflow/index.md
2026-09-02T09:00:23.307Z - [36mverbose[39m: Rendering page: /Users/damithch/Repos/git-mastery/git-mastery.github.io/lessons/fork/index.md
2026-09-02T09:00:23.335Z - [36mverbose[39m: Rendering page: /Users/damithch/Repos/git-mastery/git-mastery.github.io/lessons/diff/index.md
2026-09-02T09:00:23.416Z - [36mverbose[39m: Rendering page: /Users/damithch/Repos/git-mastery/git-mastery.github.io/lessons/createRemoteRepo/index.md
2026-09-02T09:00:23.420Z - [36mverbose[39m: Rendering page: /Users/damithch/Repos/git-mastery/git-mastery.github.io/lessons/commitMessage/index.md
2026-09-02T09:00:23.464Z - [36mverbose[39m: Rendering page: /Users/damithch/Repos/git-mastery/git-mastery.github.io/lessons/commit/index.md
2026-09-02T09:00:23.524Z - [36mverbose[39m: Rendering page: /Users/damithch/Repos/git-mastery/git-mastery.github.io/lessons/clone/index.md
2026-09-02T09:00:23.554Z - [36mverbose[39m: Rendering page: /Users/damithch/Repos/git-mastery/git-mastery.github.io/lessons/checkout/index.md
2026-09-02T09:00:23.563Z - [36mverbose[39m: Rendering page: /Users/damithch/Repos/git-mastery/git-mastery.github.io/lessons/cherryPick/index.md
2026-09-02T09:00:23.625Z - [36mverbose[39m: Rendering page: /Users/damithch/Repos/git-mastery/git-mastery.github.io/lessons/branchRename/index.md
2026-09-02T09:00:23.715Z - [36mverbose[39m: Rendering page: /Users/damithch/Repos/git-mastery/git-mastery.github.io/lessons/branchDelete/index.md
2026-09-02T09:00:23.723Z - [36mverbose[39m: Rendering page: /Users/damithch/Repos/git-mastery/git-mastery.github.io/index.md
2026-09-02T09:00:23.725Z - [36mverbose[39m: Rendering page: /Users/damithch/Repos/git-mastery/git-mastery.github.io/lessons/branch/index.md
2026-09-02T09:00:23.743Z - [32minfo[39m: Pages built
2026-09-02T09:00:23.819Z - [32minfo[39m: Site data built
2026-09-02T09:00:23.819Z - [32minfo[39m: Website generation complete! Total build time: 9.702s
2026-09-02T09:00:23.819Z - [32minfo[39m: Build success!
2026-09-02T09:13:52.634Z - [32minfo[39m: Website generation started at 5:13:52 PM
2026-09-02T09:13:52.757Z - [32minfo[39m: Building assets...
2026-09-02T09:13:52.874Z - [32minfo[39m: Assets built
2026-09-02T09:13:52.875Z - [32minfo[39m: Generating pages...
2026-09-02T09:13:53.546Z - [36mverbose[39m: Rendering page: /Users/damithch/Repos/git-mastery/git-mastery.github.io/about/index.md
2026-09-02T09:13:53.555Z - [36mverbose[39m: Rendering page: /Users/damithch/Repos/git-mastery/git-mastery.github.io/exercises-directory/index.md
2026-09-02T09:13:53.586Z - [36mverbose[39m: Rendering page: /Users/damithch/Repos/git-mastery/git-mastery.github.io/faq/index.md
2026-09-02T09:13:53.589Z - [36mverbose[39m: Rendering page: /Users/damithch/Repos/git-mastery/git-mastery.github.io/companion-app/index.md
2026-09-02T09:13:56.540Z - [36mverbose[39m: Rendering page: /Users/damithch/Repos/git-mastery/git-mastery.github.io/versions/cs2113/insertions.md
2026-09-02T09:13:56.545Z - [36mverbose[39m: Rendering page: /Users/damithch/Repos/git-mastery/git-mastery.github.io/versions/cs2103/insertions.md
2026-09-02T09:13:56.556Z - [36mverbose[39m: Rendering page: /Users/damithch/Repos/git-mastery/git-mastery.github.io/lessons/tag/exercise-tags-update.md
2026-09-02T09:13:56.560Z - [36mverbose[39m: Rendering page: /Users/damithch/Repos/git-mastery/git-mastery.github.io/lessons/trail/all.md
2026-09-02T09:13:56.944Z - [36mverbose[39m: Rendering page: /Users/damithch/Repos/git-mastery/git-mastery.github.io/lessons/tag/exercise-tags-push.md
2026-09-02T09:13:56.953Z - [36mverbose[39m: Rendering page: /Users/damithch/Repos/git-mastery/git-mastery.github.io/lessons/tag/exercise-tags-add.md
2026-09-02T09:13:56.960Z - [36mverbose[39m: Rendering page: /Users/damithch/Repos/git-mastery/git-mastery.github.io/lessons/stage/exercise-stage-fright.md
2026-09-02T09:13:56.971Z - [36mverbose[39m: Rendering page: /Users/damithch/Repos/git-mastery/git-mastery.github.io/lessons/show/exercise-view-commits.md
2026-09-02T09:13:56.973Z - [36mverbose[39m: Rendering page: /Users/damithch/Repos/git-mastery/git-mastery.github.io/lessons/setRemote/exercise-link-me.md
2026-09-02T09:13:56.989Z - [36mverbose[39m: Rendering page: /Users/damithch/Repos/git-mastery/git-mastery.github.io/lessons/revert/exercise-sensors-revert.md
2026-09-02T09:13:57.000Z - [36mverbose[39m: Rendering page: /Users/damithch/Repos/git-mastery/git-mastery.github.io/lessons/reset/exercise-sensors-reset.md
2026-09-02T09:13:57.002Z - [36mverbose[39m: Rendering page: /Users/damithch/Repos/git-mastery/git-mastery.github.io/lessons/remoteBranchRename/exercise-remote-branch-rename.md
2026-09-02T09:13:57.019Z - [36mverbose[39m: Rendering page: /Users/damithch/Repos/git-mastery/git-mastery.github.io/lessons/remoteBranchRename/exercise-glossary-branch-rename.md
2026-09-02T09:13:57.022Z - [36mverbose[39m: Rendering page: /Users/damithch/Repos/git-mastery/git-mastery.github.io/lessons/remoteBranchPush/exercise-glossary-branch-push.md
2026-09-02T09:13:57.038Z - [36mverbose[39m: Rendering page: /Users/damithch/Repos/git-mastery/git-mastery.github.io/lessons/remoteBranchPull/exercise-glossary-branch-pull.md
2026-09-02T09:13:57.047Z - [36mverbose[39m: Rendering page: /Users/damithch/Repos/git-mastery/git-mastery.github.io/lessons/remoteBranchDelete/exercise-glossary-branch-delete.md
2026-09-02T09:13:57.048Z - [36mverbose[39m: Rendering page: /Users/damithch/Repos/git-mastery/git-mastery.github.io/lessons/push/exercise-push-over.md
2026-09-02T09:13:57.075Z - [36mverbose[39m: Rendering page: /Users/damithch/Repos/git-mastery/git-mastery.github.io/lessons/pull/exercise-fetch-and-pull.md
2026-09-02T09:13:57.077Z - [36mverbose[39m: Rendering page: /Users/damithch/Repos/git-mastery/git-mastery.github.io/lessons/prsCreate/exercise-create-pr-from-main.md
2026-09-02T09:13:57.085Z - [36mverbose[39m: Rendering page: /Users/damithch/Repos/git-mastery/git-mastery.github.io/lessons/merge/exercise-merge-undo.md
2026-09-02T09:13:57.095Z - [36mverbose[39m: Rendering page: /Users/damithch/Repos/git-mastery/git-mastery.github.io/lessons/mergeConflicts/exercise-conflict-mediator.md
2026-09-02T09:13:57.103Z - [36mverbose[39m: Rendering page: /Users/damithch/Repos/git-mastery/git-mastery.github.io/lessons/merge/exercise-merge-squash.md
2026-09-02T09:13:57.104Z - [36mverbose[39m: Rendering page: /Users/damithch/Repos/git-mastery/git-mastery.github.io/lessons/merge/exercise-ff-undo.md
2026-09-02T09:13:57.125Z - [36mverbose[39m: Rendering page: /Users/damithch/Repos/git-mastery/git-mastery.github.io/lessons/merge/exercise-branch-forward.md
2026-09-02T09:13:57.128Z - [36mverbose[39m: Rendering page: /Users/damithch/Repos/git-mastery/git-mastery.github.io/lessons/merge/exercise-branch-compare.md
2026-09-02T09:13:57.129Z - [36mverbose[39m: Rendering page: /Users/damithch/Repos/git-mastery/git-mastery.github.io/lessons/merge/exercise-branch-bender.md
2026-09-02T09:13:57.136Z - [36mverbose[39m: Rendering page: /Users/damithch/Repos/git-mastery/git-mastery.github.io/lessons/log/exercise-log-and-order.md
2026-09-02T09:13:57.157Z - [36mverbose[39m: Rendering page: /Users/damithch/Repos/git-mastery/git-mastery.github.io/lessons/init/exercise-undo-init.md
2026-09-02T09:13:57.159Z - [36mverbose[39m: Rendering page: /Users/damithch/Repos/git-mastery/git-mastery.github.io/lessons/init/exercise-under-control.md
2026-09-02T09:13:57.168Z - [36mverbose[39m: Rendering page: /Users/damithch/Repos/git-mastery/git-mastery.github.io/lessons/fork/exercise-fork-repo.md
2026-09-02T09:13:57.169Z - [36mverbose[39m: Rendering page: /Users/damithch/Repos/git-mastery/git-mastery.github.io/lessons/ignore/exercise-ignoring-somethings.md
2026-09-02T09:13:57.183Z - [36mverbose[39m: Rendering page: /Users/damithch/Repos/git-mastery/git-mastery.github.io/lessons/diff/exercise-sensors-diff.md
2026-09-02T09:13:57.192Z - [36mverbose[39m: Rendering page: /Users/damithch/Repos/git-mastery/git-mastery.github.io/lessons/createRemoteRepo/exercise-remote-control.md
2026-09-02T09:13:57.194Z - [36mverbose[39m: Rendering page: /Users/damithch/Repos/git-mastery/git-mastery.github.io/lessons/commit/exercise-staging-intervention.md
2026-09-02T09:13:57.201Z - [36mverbose[39m: Rendering page: /Users/damithch/Repos/git-mastery/git-mastery.github.io/lessons/commit/exercise-grocery-shopping.md
2026-09-02T09:13:57.218Z - [36mverbose[39m: Rendering page: /Users/damithch/Repos/git-mastery/git-mastery.github.io/lessons/clone/exercise-clone-repo.md
2026-09-02T09:13:57.231Z - [36mverbose[39m: Rendering page: /Users/damithch/Repos/git-mastery/git-mastery.github.io/lessons/checkout/exercise-sensors-checkout.md
2026-09-02T09:13:57.233Z - [36mverbose[39m: Rendering page: /Users/damithch/Repos/git-mastery/git-mastery.github.io/lessons/branchDelete/exercise-mix-messy-graph.md
2026-09-02T09:13:57.236Z - [36mverbose[39m: Rendering page: /Users/damithch/Repos/git-mastery/git-mastery.github.io/lessons/branchRename/exercise-branch-rename.md
2026-09-02T09:13:57.275Z - [36mverbose[39m: Rendering page: /Users/damithch/Repos/git-mastery/git-mastery.github.io/lessons/branchDelete/exercise-mix-messy-docs.md
2026-09-02T09:13:57.279Z - [36mverbose[39m: Rendering page: /Users/damithch/Repos/git-mastery/git-mastery.github.io/lessons/branchDelete/exercise-branch-delete.md
2026-09-02T09:13:57.281Z - [36mverbose[39m: Rendering page: /Users/damithch/Repos/git-mastery/git-mastery.github.io/lessons/branch/exercise-branch-previous.md
2026-09-02T09:13:57.283Z - [36mverbose[39m: Rendering page: /Users/damithch/Repos/git-mastery/git-mastery.github.io/lessons/branch/exercise-side-track.md
2026-09-02T09:13:57.335Z - [36mverbose[39m: Rendering page: /Users/damithch/Repos/git-mastery/git-mastery.github.io/versions/cs2113/index.md
2026-09-02T09:13:57.347Z - [36mverbose[39m: Rendering page: /Users/damithch/Repos/git-mastery/git-mastery.github.io/versions/cs2103/index.md
2026-09-02T09:13:57.348Z - [36mverbose[39m: Rendering page: /Users/damithch/Repos/git-mastery/git-mastery.github.io/lessons/worktrees/index.md
2026-09-02T09:13:57.491Z - [36mverbose[39m: Rendering page: /Users/damithch/Repos/git-mastery/git-mastery.github.io/lessons/workflows/index.md
2026-09-02T09:13:58.067Z - [36mverbose[39m: Rendering page: /Users/damithch/Repos/git-mastery/git-mastery.github.io/lessons/trail/workingWithRemotes/index.md
2026-09-02T09:13:58.087Z - [36mverbose[39m: Rendering page: /Users/damithch/Repos/git-mastery/git-mastery.github.io/lessons/trail/workingWithPrs/index.md
2026-09-02T09:13:58.102Z - [36mverbose[39m: Rendering page: /Users/damithch/Repos/git-mastery/git-mastery.github.io/lessons/trail/usingRevisionHistory/index.md
2026-09-02T09:13:58.147Z - [36mverbose[39m: Rendering page: /Users/damithch/Repos/git-mastery/git-mastery.github.io/lessons/trail/syncingBranches/index.md
2026-09-02T09:13:58.845Z - [36mverbose[39m: Rendering page: /Users/damithch/Repos/git-mastery/git-mastery.github.io/lessons/trail/remoteBranches/index.md
2026-09-02T09:13:58.858Z - [36mverbose[39m: Rendering page: /Users/damithch/Repos/git-mastery/git-mastery.github.io/lessons/trail/recordingFolderHistory/index.md
2026-09-02T09:13:58.907Z - [36mverbose[39m: Rendering page: /Users/damithch/Repos/git-mastery/git-mastery.github.io/lessons/trail/managingProjects/index.md
2026-09-02T09:13:58.914Z - [36mverbose[39m: Rendering page: /Users/damithch/Repos/git-mastery/git-mastery.github.io/lessons/trail/index.md
2026-09-02T09:13:59.580Z - [36mverbose[39m: Rendering page: /Users/damithch/Repos/git-mastery/git-mastery.github.io/lessons/trail/fineTuningHistory/index.md
2026-09-02T09:13:59.592Z - [36mverbose[39m: Rendering page: /Users/damithch/Repos/git-mastery/git-mastery.github.io/lessons/template/index.md
2026-09-02T09:13:59.594Z - [36mverbose[39m: Rendering page: /Users/damithch/Repos/git-mastery/git-mastery.github.io/lessons/trail/backingUpOnCloud/index.md
2026-09-02T09:13:59.622Z - [36mverbose[39m: Rendering page: /Users/damithch/Repos/git-mastery/git-mastery.github.io/lessons/trail/branchingLocally/index.md
2026-09-02T09:13:59.843Z - [36mverbose[39m: Rendering page: /Users/damithch/Repos/git-mastery/git-mastery.github.io/lessons/tag/index.md
2026-09-02T09:13:59.853Z - [36mverbose[39m: Rendering page: /Users/damithch/Repos/git-mastery/git-mastery.github.io/lessons/syncByRebase/index.md
2026-09-02T09:13:59.859Z - [36mverbose[39m: Rendering page: /Users/damithch/Repos/git-mastery/git-mastery.github.io/lessons/syncByMerge/index.md
2026-09-02T09:13:59.862Z - [36mverbose[39m: Rendering page: /Users/damithch/Repos/git-mastery/git-mastery.github.io/lessons/stage/index.md
2026-09-02T09:14:00.021Z - [36mverbose[39m: Rendering page: /Users/damithch/Repos/git-mastery/git-mastery.github.io/lessons/show/index.md
2026-09-02T09:14:00.031Z - [36mverbose[39m: Rendering page: /Users/damithch/Repos/git-mastery/git-mastery.github.io/lessons/setRemote/index.md
2026-09-02T09:14:00.041Z - [36mverbose[39m: Rendering page: /Users/damithch/Repos/git-mastery/git-mastery.github.io/lessons/selectiveStage/index.md
2026-09-02T09:14:00.045Z - [36mverbose[39m: Rendering page: /Users/damithch/Repos/git-mastery/git-mastery.github.io/lessons/revert/index.md
2026-09-02T09:14:00.177Z - [36mverbose[39m: Rendering page: /Users/damithch/Repos/git-mastery/git-mastery.github.io/lessons/reset/index.md
2026-09-02T09:14:00.189Z - [36mverbose[39m: Rendering page: /Users/damithch/Repos/git-mastery/git-mastery.github.io/lessons/remoteBranchRename/index.md
2026-09-02T09:14:00.195Z - [36mverbose[39m: Rendering page: /Users/damithch/Repos/git-mastery/git-mastery.github.io/lessons/remoteRepos/index.md
2026-09-02T09:14:00.198Z - [36mverbose[39m: Rendering page: /Users/damithch/Repos/git-mastery/git-mastery.github.io/lessons/remoteBranchPush/index.md
2026-09-02T09:14:00.420Z - [36mverbose[39m: Rendering page: /Users/damithch/Repos/git-mastery/git-mastery.github.io/lessons/remoteBranchDelete/index.md
2026-09-02T09:14:00.425Z - [36mverbose[39m: Rendering page: /Users/damithch/Repos/git-mastery/git-mastery.github.io/lessons/remoteBranchPull/index.md
2026-09-02T09:14:00.431Z - [36mverbose[39m: Rendering page: /Users/damithch/Repos/git-mastery/git-mastery.github.io/lessons/push/index.md
2026-09-02T09:14:00.442Z - [36mverbose[39m: Rendering page: /Users/damithch/Repos/git-mastery/git-mastery.github.io/lessons/pull/index.md
2026-09-02T09:14:00.593Z - [36mverbose[39m: Rendering page: /Users/damithch/Repos/git-mastery/git-mastery.github.io/lessons/prsReview/index.md
2026-09-02T09:14:00.598Z - [36mverbose[39m: Rendering page: /Users/damithch/Repos/git-mastery/git-mastery.github.io/lessons/prsMerge/index.md
2026-09-02T09:14:00.634Z - [36mverbose[39m: Rendering page: /Users/damithch/Repos/git-mastery/git-mastery.github.io/lessons/otherPmFeatures/index.md
2026-09-02T09:14:00.637Z - [36mverbose[39m: Rendering page: /Users/damithch/Repos/git-mastery/git-mastery.github.io/lessons/prsCreate/index.md
2026-09-02T09:14:00.794Z - [36mverbose[39m: Rendering page: /Users/damithch/Repos/git-mastery/git-mastery.github.io/lessons/mergeConflicts/index.md
2026-09-02T09:14:00.811Z - [36mverbose[39m: Rendering page: /Users/damithch/Repos/git-mastery/git-mastery.github.io/lessons/merge/index.md
2026-09-02T09:14:00.853Z - [36mverbose[39m: Rendering page: /Users/damithch/Repos/git-mastery/git-mastery.github.io/lessons/log/index.md
2026-09-02T09:14:00.863Z - [36mverbose[39m: Rendering page: /Users/damithch/Repos/git-mastery/git-mastery.github.io/lessons/intro/index.md
2026-09-02T09:14:00.918Z - [36mverbose[39m: Rendering page: /Users/damithch/Repos/git-mastery/git-mastery.github.io/lessons/interactiveRebase/index.md
2026-09-02T09:14:01.122Z - [36mverbose[39m: Rendering page: /Users/damithch/Repos/git-mastery/git-mastery.github.io/lessons/init/index.md
2026-09-02T09:14:01.158Z - [36mverbose[39m: Rendering page: /Users/damithch/Repos/git-mastery/git-mastery.github.io/lessons/index.md
2026-09-02T09:14:01.228Z - [36mverbose[39m: Rendering page: /Users/damithch/Repos/git-mastery/git-mastery.github.io/lessons/ignore/index.md
2026-09-02T09:14:01.255Z - [36mverbose[39m: Rendering page: /Users/damithch/Repos/git-mastery/git-mastery.github.io/lessons/githubPrep/index.md
2026-09-02T09:14:01.277Z - [36mverbose[39m: Rendering page: /Users/damithch/Repos/git-mastery/git-mastery.github.io/lessons/gitPrep/index.md
2026-09-02T09:14:01.289Z - [36mverbose[39m: Rendering page: /Users/damithch/Repos/git-mastery/git-mastery.github.io/lessons/forkingWorkflow/index.md
2026-09-02T09:14:01.352Z - [36mverbose[39m: Rendering page: /Users/damithch/Repos/git-mastery/git-mastery.github.io/lessons/fork/index.md
2026-09-02T09:14:01.374Z - [36mverbose[39m: Rendering page: /Users/damithch/Repos/git-mastery/git-mastery.github.io/lessons/diff/index.md
2026-09-02T09:14:01.453Z - [36mverbose[39m: Rendering page: /Users/damithch/Repos/git-mastery/git-mastery.github.io/lessons/createRemoteRepo/index.md
2026-09-02T09:14:01.479Z - [36mverbose[39m: Rendering page: /Users/damithch/Repos/git-mastery/git-mastery.github.io/lessons/commitMessage/index.md
2026-09-02T09:14:01.501Z - [36mverbose[39m: Rendering page: /Users/damithch/Repos/git-mastery/git-mastery.github.io/lessons/commit/index.md
2026-09-02T09:14:01.585Z - [36mverbose[39m: Rendering page: /Users/damithch/Repos/git-mastery/git-mastery.github.io/lessons/clone/index.md
2026-09-02T09:14:01.619Z - [36mverbose[39m: Rendering page: /Users/damithch/Repos/git-mastery/git-mastery.github.io/lessons/cherryPick/index.md
2026-09-02T09:14:01.681Z - [36mverbose[39m: Rendering page: /Users/damithch/Repos/git-mastery/git-mastery.github.io/lessons/checkout/index.md
2026-09-02T09:14:01.690Z - [36mverbose[39m: Rendering page: /Users/damithch/Repos/git-mastery/git-mastery.github.io/lessons/branchRename/index.md
2026-09-02T09:14:01.784Z - [36mverbose[39m: Rendering page: /Users/damithch/Repos/git-mastery/git-mastery.github.io/lessons/branchDelete/index.md
2026-09-02T09:14:01.794Z - [36mverbose[39m: Rendering page: /Users/damithch/Repos/git-mastery/git-mastery.github.io/lessons/branch/index.md
2026-09-02T09:14:01.805Z - [36mverbose[39m: Rendering page: /Users/damithch/Repos/git-mastery/git-mastery.github.io/index.md
2026-09-02T09:14:01.814Z - [32minfo[39m: Pages built
2026-09-02T09:14:01.890Z - [32minfo[39m: Site data built
2026-09-02T09:14:01.890Z - [32minfo[39m: Website generation complete! Total build time: 9.345s
2026-09-02T09:14:01.890Z - [32minfo[39m: Build success!
2026-09-02T09:23:46.635Z - [32minfo[39m: Website generation started at 5:23:46 PM
2026-09-02T09:23:46.740Z - [32minfo[39m: Building assets...
2026-09-02T09:23:46.839Z - [32minfo[39m: Assets built
2026-09-02T09:23:46.839Z - [32minfo[39m: Generating pages...
2026-09-02T09:23:47.394Z - [36mverbose[39m: Rendering page: /Users/damithch/Repos/git-mastery/git-mastery.github.io/about/index.md
2026-09-02T09:23:47.403Z - [36mverbose[39m: Rendering page: /Users/damithch/Repos/git-mastery/git-mastery.github.io/faq/index.md
2026-09-02T09:23:47.406Z - [36mverbose[39m: Rendering page: /Users/damithch/Repos/git-mastery/git-mastery.github.io/companion-app/index.md
2026-09-02T09:23:47.424Z - [36mverbose[39m: Rendering page: /Users/damithch/Repos/git-mastery/git-mastery.github.io/exercises-directory/index.md
2026-09-02T09:23:47.467Z - [36mverbose[39m: Rendering page: /Users/damithch/Repos/git-mastery/git-mastery.github.io/versions/cs2113/insertions.md
2026-09-02T09:23:50.434Z - [36mverbose[39m: Rendering page: /Users/damithch/Repos/git-mastery/git-mastery.github.io/versions/cs2103/insertions.md
2026-09-02T09:23:50.454Z - [36mverbose[39m: Rendering page: /Users/damithch/Repos/git-mastery/git-mastery.github.io/lessons/tag/exercise-tags-update.md
2026-09-02T09:23:50.463Z - [36mverbose[39m: Rendering page: /Users/damithch/Repos/git-mastery/git-mastery.github.io/lessons/trail/all.md
2026-09-02T09:23:50.700Z - [36mverbose[39m: Rendering page: /Users/damithch/Repos/git-mastery/git-mastery.github.io/lessons/tag/exercise-tags-add.md
2026-09-02T09:23:50.708Z - [36mverbose[39m: Rendering page: /Users/damithch/Repos/git-mastery/git-mastery.github.io/lessons/tag/exercise-tags-push.md
2026-09-02T09:23:50.722Z - [36mverbose[39m: Rendering page: /Users/damithch/Repos/git-mastery/git-mastery.github.io/lessons/stage/exercise-stage-fright.md
2026-09-02T09:23:50.734Z - [36mverbose[39m: Rendering page: /Users/damithch/Repos/git-mastery/git-mastery.github.io/lessons/show/exercise-view-commits.md
2026-09-02T09:23:50.736Z - [36mverbose[39m: Rendering page: /Users/damithch/Repos/git-mastery/git-mastery.github.io/lessons/setRemote/exercise-link-me.md
2026-09-02T09:23:50.746Z - [36mverbose[39m: Rendering page: /Users/damithch/Repos/git-mastery/git-mastery.github.io/lessons/revert/exercise-sensors-revert.md
2026-09-02T09:23:50.763Z - [36mverbose[39m: Rendering page: /Users/damithch/Repos/git-mastery/git-mastery.github.io/lessons/reset/exercise-sensors-reset.md
2026-09-02T09:23:50.772Z - [36mverbose[39m: Rendering page: /Users/damithch/Repos/git-mastery/git-mastery.github.io/lessons/remoteBranchPush/exercise-glossary-branch-push.md
2026-09-02T09:23:50.773Z - [36mverbose[39m: Rendering page: /Users/damithch/Repos/git-mastery/git-mastery.github.io/lessons/remoteBranchRename/exercise-remote-branch-rename.md
2026-09-02T09:23:50.784Z - [36mverbose[39m: Rendering page: /Users/damithch/Repos/git-mastery/git-mastery.github.io/lessons/remoteBranchRename/exercise-glossary-branch-rename.md
2026-09-02T09:23:50.800Z - [36mverbose[39m: Rendering page: /Users/damithch/Repos/git-mastery/git-mastery.github.io/lessons/remoteBranchPull/exercise-glossary-branch-pull.md
2026-09-02T09:23:50.809Z - [36mverbose[39m: Rendering page: /Users/damithch/Repos/git-mastery/git-mastery.github.io/lessons/remoteBranchDelete/exercise-glossary-branch-delete.md
2026-09-02T09:23:50.822Z - [36mverbose[39m: Rendering page: /Users/damithch/Repos/git-mastery/git-mastery.github.io/lessons/push/exercise-push-over.md
2026-09-02T09:23:50.824Z - [36mverbose[39m: Rendering page: /Users/damithch/Repos/git-mastery/git-mastery.github.io/lessons/pull/exercise-fetch-and-pull.md
2026-09-02T09:23:50.825Z - [36mverbose[39m: Rendering page: /Users/damithch/Repos/git-mastery/git-mastery.github.io/lessons/prsCreate/exercise-create-pr-from-main.md
2026-09-02T09:23:50.856Z - [36mverbose[39m: Rendering page: /Users/damithch/Repos/git-mastery/git-mastery.github.io/lessons/merge/exercise-merge-undo.md
2026-09-02T09:23:50.858Z - [36mverbose[39m: Rendering page: /Users/damithch/Repos/git-mastery/git-mastery.github.io/lessons/mergeConflicts/exercise-conflict-mediator.md
2026-09-02T09:23:50.860Z - [36mverbose[39m: Rendering page: /Users/damithch/Repos/git-mastery/git-mastery.github.io/lessons/merge/exercise-merge-squash.md
2026-09-02T09:23:50.862Z - [36mverbose[39m: Rendering page: /Users/damithch/Repos/git-mastery/git-mastery.github.io/lessons/merge/exercise-ff-undo.md
2026-09-02T09:23:50.889Z - [36mverbose[39m: Rendering page: /Users/damithch/Repos/git-mastery/git-mastery.github.io/lessons/merge/exercise-branch-compare.md
2026-09-02T09:23:50.891Z - [36mverbose[39m: Rendering page: /Users/damithch/Repos/git-mastery/git-mastery.github.io/lessons/merge/exercise-branch-forward.md
2026-09-02T09:23:50.893Z - [36mverbose[39m: Rendering page: /Users/damithch/Repos/git-mastery/git-mastery.github.io/lessons/log/exercise-log-and-order.md
2026-09-02T09:23:50.894Z - [36mverbose[39m: Rendering page: /Users/damithch/Repos/git-mastery/git-mastery.github.io/lessons/merge/exercise-branch-bender.md
2026-09-02T09:23:50.921Z - [36mverbose[39m: Rendering page: /Users/damithch/Repos/git-mastery/git-mastery.github.io/lessons/init/exercise-undo-init.md
2026-09-02T09:23:50.922Z - [36mverbose[39m: Rendering page: /Users/damithch/Repos/git-mastery/git-mastery.github.io/lessons/init/exercise-under-control.md
2026-09-02T09:23:50.924Z - [36mverbose[39m: Rendering page: /Users/damithch/Repos/git-mastery/git-mastery.github.io/lessons/fork/exercise-fork-repo.md
2026-09-02T09:23:50.925Z - [36mverbose[39m: Rendering page: /Users/damithch/Repos/git-mastery/git-mastery.github.io/lessons/ignore/exercise-ignoring-somethings.md
2026-09-02T09:23:50.952Z - [36mverbose[39m: Rendering page: /Users/damithch/Repos/git-mastery/git-mastery.github.io/lessons/createRemoteRepo/exercise-remote-control.md
2026-09-02T09:23:50.954Z - [36mverbose[39m: Rendering page: /Users/damithch/Repos/git-mastery/git-mastery.github.io/lessons/diff/exercise-sensors-diff.md
2026-09-02T09:23:50.955Z - [36mverbose[39m: Rendering page: /Users/damithch/Repos/git-mastery/git-mastery.github.io/lessons/commit/exercise-staging-intervention.md
2026-09-02T09:23:50.957Z - [36mverbose[39m: Rendering page: /Users/damithch/Repos/git-mastery/git-mastery.github.io/lessons/commit/exercise-grocery-shopping.md
2026-09-02T09:23:50.990Z - [36mverbose[39m: Rendering page: /Users/damithch/Repos/git-mastery/git-mastery.github.io/lessons/checkout/exercise-sensors-checkout.md
2026-09-02T09:23:50.992Z - [36mverbose[39m: Rendering page: /Users/damithch/Repos/git-mastery/git-mastery.github.io/lessons/clone/exercise-clone-repo.md
2026-09-02T09:23:50.994Z - [36mverbose[39m: Rendering page: /Users/damithch/Repos/git-mastery/git-mastery.github.io/lessons/branchDelete/exercise-mix-messy-graph.md
2026-09-02T09:23:50.997Z - [36mverbose[39m: Rendering page: /Users/damithch/Repos/git-mastery/git-mastery.github.io/lessons/branchRename/exercise-branch-rename.md
2026-09-02T09:23:51.035Z - [36mverbose[39m: Rendering page: /Users/damithch/Repos/git-mastery/git-mastery.github.io/lessons/branchDelete/exercise-mix-messy-docs.md
2026-09-02T09:23:51.037Z - [36mverbose[39m: Rendering page: /Users/damithch/Repos/git-mastery/git-mastery.github.io/lessons/branchDelete/exercise-branch-delete.md
2026-09-02T09:23:51.040Z - [36mverbose[39m: Rendering page: /Users/damithch/Repos/git-mastery/git-mastery.github.io/lessons/branch/exercise-side-track.md
2026-09-02T09:23:51.043Z - [36mverbose[39m: Rendering page: /Users/damithch/Repos/git-mastery/git-mastery.github.io/lessons/branch/exercise-branch-previous.md
2026-09-02T09:23:51.107Z - [36mverbose[39m: Rendering page: /Users/damithch/Repos/git-mastery/git-mastery.github.io/versions/cs2113/index.md
2026-09-02T09:23:51.107Z - [36mverbose[39m: Rendering page: /Users/damithch/Repos/git-mastery/git-mastery.github.io/versions/cs2103/index.md
2026-09-02T09:23:51.108Z - [36mverbose[39m: Rendering page: /Users/damithch/Repos/git-mastery/git-mastery.github.io/lessons/workflows/index.md
2026-09-02T09:23:51.111Z - [36mverbose[39m: Rendering page: /Users/damithch/Repos/git-mastery/git-mastery.github.io/lessons/worktrees/index.md
2026-09-02T09:23:51.792Z - [36mverbose[39m: Rendering page: /Users/damithch/Repos/git-mastery/git-mastery.github.io/lessons/trail/workingWithRemotes/index.md
2026-09-02T09:23:51.810Z - [36mverbose[39m: Rendering page: /Users/damithch/Repos/git-mastery/git-mastery.github.io/lessons/trail/workingWithPrs/index.md
2026-09-02T09:23:51.825Z - [36mverbose[39m: Rendering page: /Users/damithch/Repos/git-mastery/git-mastery.github.io/lessons/trail/syncingBranches/index.md
2026-09-02T09:23:51.834Z - [36mverbose[39m: Rendering page: /Users/damithch/Repos/git-mastery/git-mastery.github.io/lessons/trail/usingRevisionHistory/index.md
2026-09-02T09:23:52.557Z - [36mverbose[39m: Rendering page: /Users/damithch/Repos/git-mastery/git-mastery.github.io/lessons/trail/remoteBranches/index.md
2026-09-02T09:23:52.580Z - [36mverbose[39m: Rendering page: /Users/damithch/Repos/git-mastery/git-mastery.github.io/lessons/trail/recordingFolderHistory/index.md
2026-09-02T09:23:52.627Z - [36mverbose[39m: Rendering page: /Users/damithch/Repos/git-mastery/git-mastery.github.io/lessons/trail/managingProjects/index.md
2026-09-02T09:23:52.633Z - [36mverbose[39m: Rendering page: /Users/damithch/Repos/git-mastery/git-mastery.github.io/lessons/trail/index.md
2026-09-02T09:23:53.546Z - [36mverbose[39m: Rendering page: /Users/damithch/Repos/git-mastery/git-mastery.github.io/lessons/trail/fineTuningHistory/index.md
2026-09-02T09:23:53.567Z - [36mverbose[39m: Rendering page: /Users/damithch/Repos/git-mastery/git-mastery.github.io/lessons/trail/branchingLocally/index.md
2026-09-02T09:23:53.622Z - [36mverbose[39m: Rendering page: /Users/damithch/Repos/git-mastery/git-mastery.github.io/lessons/template/index.md
2026-09-02T09:23:53.627Z - [36mverbose[39m: Rendering page: /Users/damithch/Repos/git-mastery/git-mastery.github.io/lessons/trail/backingUpOnCloud/index.md
2026-09-02T09:23:53.889Z - [36mverbose[39m: Rendering page: /Users/damithch/Repos/git-mastery/git-mastery.github.io/lessons/tag/index.md
2026-09-02T09:23:53.900Z - [36mverbose[39m: Rendering page: /Users/damithch/Repos/git-mastery/git-mastery.github.io/lessons/syncByRebase/index.md
2026-09-02T09:23:53.905Z - [36mverbose[39m: Rendering page: /Users/damithch/Repos/git-mastery/git-mastery.github.io/lessons/syncByMerge/index.md
2026-09-02T09:23:53.909Z - [36mverbose[39m: Rendering page: /Users/damithch/Repos/git-mastery/git-mastery.github.io/lessons/stage/index.md
2026-09-02T09:23:54.061Z - [36mverbose[39m: Rendering page: /Users/damithch/Repos/git-mastery/git-mastery.github.io/lessons/show/index.md
2026-09-02T09:23:54.072Z - [36mverbose[39m: Rendering page: /Users/damithch/Repos/git-mastery/git-mastery.github.io/lessons/selectiveStage/index.md
2026-09-02T09:23:54.076Z - [36mverbose[39m: Rendering page: /Users/damithch/Repos/git-mastery/git-mastery.github.io/lessons/setRemote/index.md
2026-09-02T09:23:54.083Z - [36mverbose[39m: Rendering page: /Users/damithch/Repos/git-mastery/git-mastery.github.io/lessons/revert/index.md
2026-09-02T09:23:54.225Z - [36mverbose[39m: Rendering page: /Users/damithch/Repos/git-mastery/git-mastery.github.io/lessons/reset/index.md
2026-09-02T09:23:54.239Z - [36mverbose[39m: Rendering page: /Users/damithch/Repos/git-mastery/git-mastery.github.io/lessons/remoteRepos/index.md
2026-09-02T09:23:54.242Z - [36mverbose[39m: Rendering page: /Users/damithch/Repos/git-mastery/git-mastery.github.io/lessons/remoteBranchRename/index.md
2026-09-02T09:23:54.246Z - [36mverbose[39m: Rendering page: /Users/damithch/Repos/git-mastery/git-mastery.github.io/lessons/remoteBranchPush/index.md
2026-09-02T09:23:54.467Z - [36mverbose[39m: Rendering page: /Users/damithch/Repos/git-mastery/git-mastery.github.io/lessons/remoteBranchPull/index.md
2026-09-02T09:23:54.475Z - [36mverbose[39m: Rendering page: /Users/damithch/Repos/git-mastery/git-mastery.github.io/lessons/remoteBranchDelete/index.md
2026-09-02T09:23:54.480Z - [36mverbose[39m: Rendering page: /Users/damithch/Repos/git-mastery/git-mastery.github.io/lessons/push/index.md
2026-09-02T09:23:54.489Z - [36mverbose[39m: Rendering page: /Users/damithch/Repos/git-mastery/git-mastery.github.io/lessons/pull/index.md
2026-09-02T09:23:54.651Z - [36mverbose[39m: Rendering page: /Users/damithch/Repos/git-mastery/git-mastery.github.io/lessons/prsReview/index.md
2026-09-02T09:23:54.656Z - [36mverbose[39m: Rendering page: /Users/damithch/Repos/git-mastery/git-mastery.github.io/lessons/prsMerge/index.md
2026-09-02T09:23:54.662Z - [36mverbose[39m: Rendering page: /Users/damithch/Repos/git-mastery/git-mastery.github.io/lessons/prsCreate/index.md
2026-09-02T09:23:54.703Z - [36mverbose[39m: Rendering page: /Users/damithch/Repos/git-mastery/git-mastery.github.io/lessons/otherPmFeatures/index.md
2026-09-02T09:23:54.869Z - [36mverbose[39m: Rendering page: /Users/damithch/Repos/git-mastery/git-mastery.github.io/lessons/mergeConflicts/index.md
2026-09-02T09:23:54.875Z - [36mverbose[39m: Rendering page: /Users/damithch/Repos/git-mastery/git-mastery.github.io/lessons/merge/index.md
2026-09-02T09:23:54.889Z - [36mverbose[39m: Rendering page: /Users/damithch/Repos/git-mastery/git-mastery.github.io/lessons/log/index.md
2026-09-02T09:23:54.899Z - [36mverbose[39m: Rendering page: /Users/damithch/Repos/git-mastery/git-mastery.github.io/lessons/intro/index.md
2026-09-02T09:23:55.186Z - [36mverbose[39m: Rendering page: /Users/damithch/Repos/git-mastery/git-mastery.github.io/lessons/interactiveRebase/index.md
2026-09-02T09:23:55.192Z - [36mverbose[39m: Rendering page: /Users/damithch/Repos/git-mastery/git-mastery.github.io/lessons/init/index.md
2026-09-02T09:23:55.229Z - [36mverbose[39m: Rendering page: /Users/damithch/Repos/git-mastery/git-mastery.github.io/lessons/index.md
2026-09-02T09:23:55.235Z - [36mverbose[39m: Rendering page: /Users/damithch/Repos/git-mastery/git-mastery.github.io/lessons/ignore/index.md
2026-09-02T09:23:55.325Z - [36mverbose[39m: Rendering page: /Users/damithch/Repos/git-mastery/git-mastery.github.io/lessons/githubPrep/index.md
2026-09-02T09:23:55.346Z - [36mverbose[39m: Rendering page: /Users/damithch/Repos/git-mastery/git-mastery.github.io/lessons/gitPrep/index.md
2026-09-02T09:23:55.359Z - [36mverbose[39m: Rendering page: /Users/damithch/Repos/git-mastery/git-mastery.github.io/lessons/forkingWorkflow/index.md
2026-09-02T09:23:55.409Z - [36mverbose[39m: Rendering page: /Users/damithch/Repos/git-mastery/git-mastery.github.io/lessons/fork/index.md
2026-09-02T09:23:55.516Z - [36mverbose[39m: Rendering page: /Users/damithch/Repos/git-mastery/git-mastery.github.io/lessons/diff/index.md
2026-09-02T09:23:55.526Z - [36mverbose[39m: Rendering page: /Users/damithch/Repos/git-mastery/git-mastery.github.io/lessons/createRemoteRepo/index.md
2026-09-02T09:23:55.553Z - [36mverbose[39m: Rendering page: /Users/damithch/Repos/git-mastery/git-mastery.github.io/lessons/commitMessage/index.md
2026-09-02T09:23:55.557Z - [36mverbose[39m: Rendering page: /Users/damithch/Repos/git-mastery/git-mastery.github.io/lessons/commit/index.md
2026-09-02T09:23:55.636Z - [36mverbose[39m: Rendering page: /Users/damithch/Repos/git-mastery/git-mastery.github.io/lessons/clone/index.md
2026-09-02T09:23:55.725Z - [36mverbose[39m: Rendering page: /Users/damithch/Repos/git-mastery/git-mastery.github.io/lessons/checkout/index.md
2026-09-02T09:23:55.733Z - [36mverbose[39m: Rendering page: /Users/damithch/Repos/git-mastery/git-mastery.github.io/lessons/cherryPick/index.md
2026-09-02T09:23:55.739Z - [36mverbose[39m: Rendering page: /Users/damithch/Repos/git-mastery/git-mastery.github.io/lessons/branchRename/index.md
2026-09-02T09:23:55.833Z - [36mverbose[39m: Rendering page: /Users/damithch/Repos/git-mastery/git-mastery.github.io/lessons/branchDelete/index.md
2026-09-02T09:23:55.843Z - [36mverbose[39m: Rendering page: /Users/damithch/Repos/git-mastery/git-mastery.github.io/index.md
2026-09-02T09:23:55.845Z - [36mverbose[39m: Rendering page: /Users/damithch/Repos/git-mastery/git-mastery.github.io/lessons/branch/index.md
2026-09-02T09:23:55.862Z - [32minfo[39m: Pages built
2026-09-02T09:23:55.950Z - [32minfo[39m: Site data built
2026-09-02T09:23:55.950Z - [32minfo[39m: Website generation complete! Total build time: 9.398s
2026-09-02T09:23:55.950Z - [32minfo[39m: Build success!
2026-09-02T09:35:07.694Z - [32minfo[39m: Website generation started at 5:35:07 PM
2026-09-02T09:35:07.796Z - [32minfo[39m: Building assets...
2026-09-02T09:35:07.893Z - [32minfo[39m: Assets built
2026-09-02T09:35:07.894Z - [32minfo[39m: Generating pages...
2026-09-02T09:35:08.436Z - [36mverbose[39m: Rendering page: /Users/damithch/Repos/git-mastery/git-mastery.github.io/companion-app/index.md
2026-09-02T09:35:08.462Z - [36mverbose[39m: Rendering page: /Users/damithch/Repos/git-mastery/git-mastery.github.io/faq/index.md
2026-09-02T09:35:08.464Z - [36mverbose[39m: Rendering page: /Users/damithch/Repos/git-mastery/git-mastery.github.io/about/index.md
2026-09-02T09:35:08.466Z - [36mverbose[39m: Rendering page: /Users/damithch/Repos/git-mastery/git-mastery.github.io/exercises-directory/index.md
2026-09-02T09:35:12.112Z - [36mverbose[39m: Rendering page: /Users/damithch/Repos/git-mastery/git-mastery.github.io/versions/cs2113/insertions.md
2026-09-02T09:35:12.115Z - [36mverbose[39m: Rendering page: /Users/damithch/Repos/git-mastery/git-mastery.github.io/versions/cs2103/insertions.md
2026-09-02T09:35:12.118Z - [36mverbose[39m: Rendering page: /Users/damithch/Repos/git-mastery/git-mastery.github.io/lessons/tag/exercise-tags-update.md
2026-09-02T09:35:12.129Z - [36mverbose[39m: Rendering page: /Users/damithch/Repos/git-mastery/git-mastery.github.io/lessons/trail/all.md
2026-09-02T09:35:12.382Z - [36mverbose[39m: Rendering page: /Users/damithch/Repos/git-mastery/git-mastery.github.io/lessons/tag/exercise-tags-push.md
2026-09-02T09:35:12.392Z - [36mverbose[39m: Rendering page: /Users/damithch/Repos/git-mastery/git-mastery.github.io/lessons/tag/exercise-tags-add.md
2026-09-02T09:35:12.393Z - [36mverbose[39m: Rendering page: /Users/damithch/Repos/git-mastery/git-mastery.github.io/lessons/stage/exercise-stage-fright.md
2026-09-02T09:35:12.400Z - [36mverbose[39m: Rendering page: /Users/damithch/Repos/git-mastery/git-mastery.github.io/lessons/show/exercise-view-commits.md
2026-09-02T09:35:12.421Z - [36mverbose[39m: Rendering page: /Users/damithch/Repos/git-mastery/git-mastery.github.io/lessons/setRemote/exercise-link-me.md
2026-09-02T09:35:12.429Z - [36mverbose[39m: Rendering page: /Users/damithch/Repos/git-mastery/git-mastery.github.io/lessons/reset/exercise-sensors-reset.md
2026-09-02T09:35:12.431Z - [36mverbose[39m: Rendering page: /Users/damithch/Repos/git-mastery/git-mastery.github.io/lessons/revert/exercise-sensors-revert.md
2026-09-02T09:35:12.442Z - [36mverbose[39m: Rendering page: /Users/damithch/Repos/git-mastery/git-mastery.github.io/lessons/remoteBranchRename/exercise-remote-branch-rename.md
2026-09-02T09:35:12.467Z - [36mverbose[39m: Rendering page: /Users/damithch/Repos/git-mastery/git-mastery.github.io/lessons/remoteBranchRename/exercise-glossary-branch-rename.md
2026-09-02T09:35:12.470Z - [36mverbose[39m: Rendering page: /Users/damithch/Repos/git-mastery/git-mastery.github.io/lessons/remoteBranchPush/exercise-glossary-branch-push.md
2026-09-02T09:35:12.472Z - [36mverbose[39m: Rendering page: /Users/damithch/Repos/git-mastery/git-mastery.github.io/lessons/remoteBranchPull/exercise-glossary-branch-pull.md
2026-09-02T09:35:12.479Z - [36mverbose[39m: Rendering page: /Users/damithch/Repos/git-mastery/git-mastery.github.io/lessons/remoteBranchDelete/exercise-glossary-branch-delete.md
2026-09-02T09:35:12.499Z - [36mverbose[39m: Rendering page: /Users/damithch/Repos/git-mastery/git-mastery.github.io/lessons/push/exercise-push-over.md
2026-09-02T09:35:12.508Z - [36mverbose[39m: Rendering page: /Users/damithch/Repos/git-mastery/git-mastery.github.io/lessons/pull/exercise-fetch-and-pull.md
2026-09-02T09:35:12.510Z - [36mverbose[39m: Rendering page: /Users/damithch/Repos/git-mastery/git-mastery.github.io/lessons/prsCreate/exercise-create-pr-from-main.md
2026-09-02T09:35:12.525Z - [36mverbose[39m: Rendering page: /Users/damithch/Repos/git-mastery/git-mastery.github.io/lessons/mergeConflicts/exercise-conflict-mediator.md
2026-09-02T09:35:12.535Z - [36mverbose[39m: Rendering page: /Users/damithch/Repos/git-mastery/git-mastery.github.io/lessons/merge/exercise-merge-undo.md
2026-09-02T09:35:12.537Z - [36mverbose[39m: Rendering page: /Users/damithch/Repos/git-mastery/git-mastery.github.io/lessons/merge/exercise-merge-squash.md
2026-09-02T09:35:12.544Z - [36mverbose[39m: Rendering page: /Users/damithch/Repos/git-mastery/git-mastery.github.io/lessons/merge/exercise-ff-undo.md
2026-09-02T09:35:12.553Z - [36mverbose[39m: Rendering page: /Users/damithch/Repos/git-mastery/git-mastery.github.io/lessons/merge/exercise-branch-forward.md
2026-09-02T09:35:12.569Z - [36mverbose[39m: Rendering page: /Users/damithch/Repos/git-mastery/git-mastery.github.io/lessons/merge/exercise-branch-compare.md
2026-09-02T09:35:12.570Z - [36mverbose[39m: Rendering page: /Users/damithch/Repos/git-mastery/git-mastery.github.io/lessons/log/exercise-log-and-order.md
2026-09-02T09:35:12.578Z - [36mverbose[39m: Rendering page: /Users/damithch/Repos/git-mastery/git-mastery.github.io/lessons/merge/exercise-branch-bender.md
2026-09-02T09:35:12.593Z - [36mverbose[39m: Rendering page: /Users/damithch/Repos/git-mastery/git-mastery.github.io/lessons/init/exercise-undo-init.md
2026-09-02T09:35:12.601Z - [36mverbose[39m: Rendering page: /Users/damithch/Repos/git-mastery/git-mastery.github.io/lessons/init/exercise-under-control.md
2026-09-02T09:35:12.603Z - [36mverbose[39m: Rendering page: /Users/damithch/Repos/git-mastery/git-mastery.github.io/lessons/ignore/exercise-ignoring-somethings.md
2026-09-02T09:35:12.612Z - [36mverbose[39m: Rendering page: /Users/damithch/Repos/git-mastery/git-mastery.github.io/lessons/fork/exercise-fork-repo.md
2026-09-02T09:35:12.631Z - [36mverbose[39m: Rendering page: /Users/damithch/Repos/git-mastery/git-mastery.github.io/lessons/diff/exercise-sensors-diff.md
2026-09-02T09:35:12.633Z - [36mverbose[39m: Rendering page: /Users/damithch/Repos/git-mastery/git-mastery.github.io/lessons/createRemoteRepo/exercise-remote-control.md
2026-09-02T09:35:12.635Z - [36mverbose[39m: Rendering page: /Users/damithch/Repos/git-mastery/git-mastery.github.io/lessons/commit/exercise-staging-intervention.md
2026-09-02T09:35:12.644Z - [36mverbose[39m: Rendering page: /Users/damithch/Repos/git-mastery/git-mastery.github.io/lessons/commit/exercise-grocery-shopping.md
2026-09-02T09:35:12.661Z - [36mverbose[39m: Rendering page: /Users/damithch/Repos/git-mastery/git-mastery.github.io/lessons/clone/exercise-clone-repo.md
2026-09-02T09:35:12.675Z - [36mverbose[39m: Rendering page: /Users/damithch/Repos/git-mastery/git-mastery.github.io/lessons/branchRename/exercise-branch-rename.md
2026-09-02T09:35:12.676Z - [36mverbose[39m: Rendering page: /Users/damithch/Repos/git-mastery/git-mastery.github.io/lessons/checkout/exercise-sensors-checkout.md
2026-09-02T09:35:12.678Z - [36mverbose[39m: Rendering page: /Users/damithch/Repos/git-mastery/git-mastery.github.io/lessons/branchDelete/exercise-mix-messy-graph.md
2026-09-02T09:35:12.718Z - [36mverbose[39m: Rendering page: /Users/damithch/Repos/git-mastery/git-mastery.github.io/lessons/branchDelete/exercise-mix-messy-docs.md
2026-09-02T09:35:12.721Z - [36mverbose[39m: Rendering page: /Users/damithch/Repos/git-mastery/git-mastery.github.io/lessons/branch/exercise-side-track.md
2026-09-02T09:35:12.723Z - [36mverbose[39m: Rendering page: /Users/damithch/Repos/git-mastery/git-mastery.github.io/lessons/branchDelete/exercise-branch-delete.md
2026-09-02T09:35:12.727Z - [36mverbose[39m: Rendering page: /Users/damithch/Repos/git-mastery/git-mastery.github.io/lessons/branch/exercise-branch-previous.md
2026-09-02T09:35:12.790Z - [36mverbose[39m: Rendering page: /Users/damithch/Repos/git-mastery/git-mastery.github.io/versions/cs2113/index.md
2026-09-02T09:35:12.791Z - [36mverbose[39m: Rendering page: /Users/damithch/Repos/git-mastery/git-mastery.github.io/versions/cs2103/index.md
2026-09-02T09:35:12.928Z - [36mverbose[39m: Rendering page: /Users/damithch/Repos/git-mastery/git-mastery.github.io/lessons/worktrees/index.md
2026-09-02T09:35:13.071Z - [36mverbose[39m: Rendering page: /Users/damithch/Repos/git-mastery/git-mastery.github.io/lessons/workflows/index.md
2026-09-02T09:35:13.494Z - [36mverbose[39m: Rendering page: /Users/damithch/Repos/git-mastery/git-mastery.github.io/lessons/trail/workingWithRemotes/index.md
2026-09-02T09:35:13.517Z - [36mverbose[39m: Rendering page: /Users/damithch/Repos/git-mastery/git-mastery.github.io/lessons/trail/workingWithPrs/index.md
2026-09-02T09:35:13.683Z - [36mverbose[39m: Rendering page: /Users/damithch/Repos/git-mastery/git-mastery.github.io/lessons/trail/syncingBranches/index.md
2026-09-02T09:35:13.694Z - [36mverbose[39m: Rendering page: /Users/damithch/Repos/git-mastery/git-mastery.github.io/lessons/trail/usingRevisionHistory/index.md
2026-09-02T09:35:14.166Z - [36mverbose[39m: Rendering page: /Users/damithch/Repos/git-mastery/git-mastery.github.io/lessons/trail/remoteBranches/index.md
2026-09-02T09:35:14.340Z - [36mverbose[39m: Rendering page: /Users/damithch/Repos/git-mastery/git-mastery.github.io/lessons/trail/managingProjects/index.md
2026-09-02T09:35:14.346Z - [36mverbose[39m: Rendering page: /Users/damithch/Repos/git-mastery/git-mastery.github.io/lessons/trail/recordingFolderHistory/index.md
2026-09-02T09:35:14.461Z - [36mverbose[39m: Rendering page: /Users/damithch/Repos/git-mastery/git-mastery.github.io/lessons/trail/index.md
2026-09-02T09:35:15.082Z - [36mverbose[39m: Rendering page: /Users/damithch/Repos/git-mastery/git-mastery.github.io/lessons/trail/fineTuningHistory/index.md
2026-09-02T09:35:15.095Z - [36mverbose[39m: Rendering page: /Users/damithch/Repos/git-mastery/git-mastery.github.io/lessons/template/index.md
2026-09-02T09:35:15.164Z - [36mverbose[39m: Rendering page: /Users/damithch/Repos/git-mastery/git-mastery.github.io/lessons/trail/backingUpOnCloud/index.md
2026-09-02T09:35:15.192Z - [36mverbose[39m: Rendering page: /Users/damithch/Repos/git-mastery/git-mastery.github.io/lessons/trail/branchingLocally/index.md
2026-09-02T09:35:15.363Z - [36mverbose[39m: Rendering page: /Users/damithch/Repos/git-mastery/git-mastery.github.io/lessons/tag/index.md
2026-09-02T09:35:15.378Z - [36mverbose[39m: Rendering page: /Users/damithch/Repos/git-mastery/git-mastery.github.io/lessons/syncByRebase/index.md
2026-09-02T09:35:15.460Z - [36mverbose[39m: Rendering page: /Users/damithch/Repos/git-mastery/git-mastery.github.io/lessons/stage/index.md
2026-09-02T09:35:15.473Z - [36mverbose[39m: Rendering page: /Users/damithch/Repos/git-mastery/git-mastery.github.io/lessons/syncByMerge/index.md
2026-09-02T09:35:15.480Z - [36mverbose[39m: Rendering page: /Users/damithch/Repos/git-mastery/git-mastery.github.io/lessons/show/index.md
2026-09-02T09:35:15.649Z - [36mverbose[39m: Rendering page: /Users/damithch/Repos/git-mastery/git-mastery.github.io/lessons/selectiveStage/index.md
2026-09-02T09:35:15.655Z - [36mverbose[39m: Rendering page: /Users/damithch/Repos/git-mastery/git-mastery.github.io/lessons/setRemote/index.md
2026-09-02T09:35:15.663Z - [36mverbose[39m: Rendering page: /Users/damithch/Repos/git-mastery/git-mastery.github.io/lessons/revert/index.md
2026-09-02T09:35:15.699Z - [36mverbose[39m: Rendering page: /Users/damithch/Repos/git-mastery/git-mastery.github.io/lessons/reset/index.md
2026-09-02T09:35:15.767Z - [36mverbose[39m: Rendering page: /Users/damithch/Repos/git-mastery/git-mastery.github.io/lessons/remoteBranchRename/index.md
2026-09-02T09:35:15.773Z - [36mverbose[39m: Rendering page: /Users/damithch/Repos/git-mastery/git-mastery.github.io/lessons/remoteRepos/index.md
2026-09-02T09:35:15.776Z - [36mverbose[39m: Rendering page: /Users/damithch/Repos/git-mastery/git-mastery.github.io/lessons/remoteBranchPush/index.md
2026-09-02T09:35:15.781Z - [36mverbose[39m: Rendering page: /Users/damithch/Repos/git-mastery/git-mastery.github.io/lessons/remoteBranchPull/index.md
2026-09-02T09:35:15.982Z - [36mverbose[39m: Rendering page: /Users/damithch/Repos/git-mastery/git-mastery.github.io/lessons/remoteBranchDelete/index.md
2026-09-02T09:35:15.988Z - [36mverbose[39m: Rendering page: /Users/damithch/Repos/git-mastery/git-mastery.github.io/lessons/push/index.md
2026-09-02T09:35:15.998Z - [36mverbose[39m: Rendering page: /Users/damithch/Repos/git-mastery/git-mastery.github.io/lessons/pull/index.md
2026-09-02T09:35:16.048Z - [36mverbose[39m: Rendering page: /Users/damithch/Repos/git-mastery/git-mastery.github.io/lessons/prsReview/index.md
2026-09-02T09:35:16.136Z - [36mverbose[39m: Rendering page: /Users/damithch/Repos/git-mastery/git-mastery.github.io/lessons/prsMerge/index.md
2026-09-02T09:35:16.172Z - [36mverbose[39m: Rendering page: /Users/damithch/Repos/git-mastery/git-mastery.github.io/lessons/prsCreate/index.md
2026-09-02T09:35:16.279Z - [36mverbose[39m: Rendering page: /Users/damithch/Repos/git-mastery/git-mastery.github.io/lessons/mergeConflicts/index.md
2026-09-02T09:35:16.286Z - [36mverbose[39m: Rendering page: /Users/damithch/Repos/git-mastery/git-mastery.github.io/lessons/otherPmFeatures/index.md
2026-09-02T09:35:16.386Z - [36mverbose[39m: Rendering page: /Users/damithch/Repos/git-mastery/git-mastery.github.io/lessons/merge/index.md
2026-09-02T09:35:16.401Z - [36mverbose[39m: Rendering page: /Users/damithch/Repos/git-mastery/git-mastery.github.io/lessons/log/index.md
2026-09-02T09:35:16.411Z - [36mverbose[39m: Rendering page: /Users/damithch/Repos/git-mastery/git-mastery.github.io/lessons/interactiveRebase/index.md
2026-09-02T09:35:16.417Z - [36mverbose[39m: Rendering page: /Users/damithch/Repos/git-mastery/git-mastery.github.io/lessons/intro/index.md
2026-09-02T09:35:16.670Z - [36mverbose[39m: Rendering page: /Users/damithch/Repos/git-mastery/git-mastery.github.io/lessons/init/index.md
2026-09-02T09:35:16.708Z - [36mverbose[39m: Rendering page: /Users/damithch/Repos/git-mastery/git-mastery.github.io/lessons/index.md
2026-09-02T09:35:16.715Z - [36mverbose[39m: Rendering page: /Users/damithch/Repos/git-mastery/git-mastery.github.io/lessons/ignore/index.md
2026-09-02T09:35:16.727Z - [36mverbose[39m: Rendering page: /Users/damithch/Repos/git-mastery/git-mastery.github.io/lessons/githubPrep/index.md
2026-09-02T09:35:16.879Z - [36mverbose[39m: Rendering page: /Users/damithch/Repos/git-mastery/git-mastery.github.io/lessons/gitPrep/index.md
2026-09-02T09:35:16.890Z - [36mverbose[39m: Rendering page: /Users/damithch/Repos/git-mastery/git-mastery.github.io/lessons/forkingWorkflow/index.md
2026-09-02T09:35:16.895Z - [36mverbose[39m: Rendering page: /Users/damithch/Repos/git-mastery/git-mastery.github.io/lessons/fork/index.md
2026-09-02T09:35:16.900Z - [36mverbose[39m: Rendering page: /Users/damithch/Repos/git-mastery/git-mastery.github.io/lessons/diff/index.md
2026-09-02T09:35:17.035Z - [36mverbose[39m: Rendering page: /Users/damithch/Repos/git-mastery/git-mastery.github.io/lessons/createRemoteRepo/index.md
2026-09-02T09:35:17.040Z - [36mverbose[39m: Rendering page: /Users/damithch/Repos/git-mastery/git-mastery.github.io/lessons/commitMessage/index.md
2026-09-02T09:35:17.044Z - [36mverbose[39m: Rendering page: /Users/damithch/Repos/git-mastery/git-mastery.github.io/lessons/commit/index.md
2026-09-02T09:35:17.054Z - [36mverbose[39m: Rendering page: /Users/damithch/Repos/git-mastery/git-mastery.github.io/lessons/clone/index.md
2026-09-02T09:35:17.216Z - [36mverbose[39m: Rendering page: /Users/damithch/Repos/git-mastery/git-mastery.github.io/lessons/cherryPick/index.md
2026-09-02T09:35:17.224Z - [36mverbose[39m: Rendering page: /Users/damithch/Repos/git-mastery/git-mastery.github.io/lessons/checkout/index.md
2026-09-02T09:35:17.241Z - [36mverbose[39m: Rendering page: /Users/damithch/Repos/git-mastery/git-mastery.github.io/lessons/branchDelete/index.md
2026-09-02T09:35:17.250Z - [36mverbose[39m: Rendering page: /Users/damithch/Repos/git-mastery/git-mastery.github.io/lessons/branchRename/index.md
2026-09-02T09:35:17.353Z - [36mverbose[39m: Rendering page: /Users/damithch/Repos/git-mastery/git-mastery.github.io/index.md
2026-09-02T09:35:17.355Z - [36mverbose[39m: Rendering page: /Users/damithch/Repos/git-mastery/git-mastery.github.io/lessons/branch/index.md
2026-09-02T09:35:17.373Z - [32minfo[39m: Pages built
2026-09-02T09:35:17.450Z - [32minfo[39m: Site data built
2026-09-02T09:35:17.450Z - [32minfo[39m: Website generation complete! Total build time: 9.854s
2026-09-02T09:35:17.450Z - [32minfo[39m: Build success!
2026-09-02T09:36:56.835Z - [32minfo[39m: Website generation started at 5:36:56 PM
2026-09-02T09:36:56.960Z - [32minfo[39m: Building assets...
2026-09-02T09:36:57.074Z - [32minfo[39m: Assets built
2026-09-02T09:36:57.074Z - [32minfo[39m: Generating pages...
2026-09-02T09:36:57.628Z - [36mverbose[39m: Rendering page: /Users/damithch/Repos/git-mastery/git-mastery.github.io/about/index.md
2026-09-02T09:36:57.637Z - [36mverbose[39m: Rendering page: /Users/damithch/Repos/git-mastery/git-mastery.github.io/faq/index.md
2026-09-02T09:36:57.641Z - [36mverbose[39m: Rendering page: /Users/damithch/Repos/git-mastery/git-mastery.github.io/exercises-directory/index.md
2026-09-02T09:36:57.673Z - [36mverbose[39m: Rendering page: /Users/damithch/Repos/git-mastery/git-mastery.github.io/companion-app/index.md
2026-09-02T09:36:57.702Z - [36mverbose[39m: Rendering page: /Users/damithch/Repos/git-mastery/git-mastery.github.io/versions/cs2113/insertions.md
2026-09-02T09:37:00.888Z - [36mverbose[39m: Rendering page: /Users/damithch/Repos/git-mastery/git-mastery.github.io/versions/cs2103/insertions.md
2026-09-02T09:37:00.908Z - [36mverbose[39m: Rendering page: /Users/damithch/Repos/git-mastery/git-mastery.github.io/lessons/tag/exercise-tags-update.md
2026-09-02T09:37:00.911Z - [36mverbose[39m: Rendering page: /Users/damithch/Repos/git-mastery/git-mastery.github.io/lessons/trail/all.md
2026-09-02T09:37:01.162Z - [36mverbose[39m: Rendering page: /Users/damithch/Repos/git-mastery/git-mastery.github.io/lessons/tag/exercise-tags-push.md
2026-09-02T09:37:01.178Z - [36mverbose[39m: Rendering page: /Users/damithch/Repos/git-mastery/git-mastery.github.io/lessons/tag/exercise-tags-add.md
2026-09-02T09:37:01.189Z - [36mverbose[39m: Rendering page: /Users/damithch/Repos/git-mastery/git-mastery.github.io/lessons/stage/exercise-stage-fright.md
2026-09-02T09:37:01.206Z - [36mverbose[39m: Rendering page: /Users/damithch/Repos/git-mastery/git-mastery.github.io/lessons/show/exercise-view-commits.md
2026-09-02T09:37:01.217Z - [36mverbose[39m: Rendering page: /Users/damithch/Repos/git-mastery/git-mastery.github.io/lessons/setRemote/exercise-link-me.md
2026-09-02T09:37:01.225Z - [36mverbose[39m: Rendering page: /Users/damithch/Repos/git-mastery/git-mastery.github.io/lessons/revert/exercise-sensors-revert.md
2026-09-02T09:37:01.236Z - [36mverbose[39m: Rendering page: /Users/damithch/Repos/git-mastery/git-mastery.github.io/lessons/reset/exercise-sensors-reset.md
2026-09-02T09:37:01.238Z - [36mverbose[39m: Rendering page: /Users/damithch/Repos/git-mastery/git-mastery.github.io/lessons/remoteBranchRename/exercise-remote-branch-rename.md
2026-09-02T09:37:01.256Z - [36mverbose[39m: Rendering page: /Users/damithch/Repos/git-mastery/git-mastery.github.io/lessons/remoteBranchRename/exercise-glossary-branch-rename.md
2026-09-02T09:37:01.266Z - [36mverbose[39m: Rendering page: /Users/damithch/Repos/git-mastery/git-mastery.github.io/lessons/remoteBranchPush/exercise-glossary-branch-push.md
2026-09-02T09:37:01.268Z - [36mverbose[39m: Rendering page: /Users/damithch/Repos/git-mastery/git-mastery.github.io/lessons/remoteBranchPull/exercise-glossary-branch-pull.md
2026-09-02T09:37:01.276Z - [36mverbose[39m: Rendering page: /Users/damithch/Repos/git-mastery/git-mastery.github.io/lessons/remoteBranchDelete/exercise-glossary-branch-delete.md
2026-09-02T09:37:01.296Z - [36mverbose[39m: Rendering page: /Users/damithch/Repos/git-mastery/git-mastery.github.io/lessons/push/exercise-push-over.md
2026-09-02T09:37:01.298Z - [36mverbose[39m: Rendering page: /Users/damithch/Repos/git-mastery/git-mastery.github.io/lessons/pull/exercise-fetch-and-pull.md
2026-09-02T09:37:01.308Z - [36mverbose[39m: Rendering page: /Users/damithch/Repos/git-mastery/git-mastery.github.io/lessons/prsCreate/exercise-create-pr-from-main.md
2026-09-02T09:37:01.325Z - [36mverbose[39m: Rendering page: /Users/damithch/Repos/git-mastery/git-mastery.github.io/lessons/mergeConflicts/exercise-conflict-mediator.md
2026-09-02T09:37:01.327Z - [36mverbose[39m: Rendering page: /Users/damithch/Repos/git-mastery/git-mastery.github.io/lessons/merge/exercise-merge-undo.md
2026-09-02T09:37:01.335Z - [36mverbose[39m: Rendering page: /Users/damithch/Repos/git-mastery/git-mastery.github.io/lessons/merge/exercise-merge-squash.md
2026-09-02T09:37:01.357Z - [36mverbose[39m: Rendering page: /Users/damithch/Repos/git-mastery/git-mastery.github.io/lessons/merge/exercise-ff-undo.md
2026-09-02T09:37:01.359Z - [36mverbose[39m: Rendering page: /Users/damithch/Repos/git-mastery/git-mastery.github.io/lessons/merge/exercise-branch-forward.md
2026-09-02T09:37:01.361Z - [36mverbose[39m: Rendering page: /Users/damithch/Repos/git-mastery/git-mastery.github.io/lessons/merge/exercise-branch-compare.md
2026-09-02T09:37:01.362Z - [36mverbose[39m: Rendering page: /Users/damithch/Repos/git-mastery/git-mastery.github.io/lessons/merge/exercise-branch-bender.md
2026-09-02T09:37:01.384Z - [36mverbose[39m: Rendering page: /Users/damithch/Repos/git-mastery/git-mastery.github.io/lessons/log/exercise-log-and-order.md
2026-09-02T09:37:01.393Z - [36mverbose[39m: Rendering page: /Users/damithch/Repos/git-mastery/git-mastery.github.io/lessons/init/exercise-under-control.md
2026-09-02T09:37:01.395Z - [36mverbose[39m: Rendering page: /Users/damithch/Repos/git-mastery/git-mastery.github.io/lessons/init/exercise-undo-init.md
2026-09-02T09:37:01.396Z - [36mverbose[39m: Rendering page: /Users/damithch/Repos/git-mastery/git-mastery.github.io/lessons/ignore/exercise-ignoring-somethings.md
2026-09-02T09:37:01.423Z - [36mverbose[39m: Rendering page: /Users/damithch/Repos/git-mastery/git-mastery.github.io/lessons/fork/exercise-fork-repo.md
2026-09-02T09:37:01.425Z - [36mverbose[39m: Rendering page: /Users/damithch/Repos/git-mastery/git-mastery.github.io/lessons/diff/exercise-sensors-diff.md
2026-09-02T09:37:01.427Z - [36mverbose[39m: Rendering page: /Users/damithch/Repos/git-mastery/git-mastery.github.io/lessons/createRemoteRepo/exercise-remote-control.md
2026-09-02T09:37:01.428Z - [36mverbose[39m: Rendering page: /Users/damithch/Repos/git-mastery/git-mastery.github.io/lessons/commit/exercise-staging-intervention.md
2026-09-02T09:37:01.459Z - [36mverbose[39m: Rendering page: /Users/damithch/Repos/git-mastery/git-mastery.github.io/lessons/commit/exercise-grocery-shopping.md
2026-09-02T09:37:01.462Z - [36mverbose[39m: Rendering page: /Users/damithch/Repos/git-mastery/git-mastery.github.io/lessons/clone/exercise-clone-repo.md
2026-09-02T09:37:01.464Z - [36mverbose[39m: Rendering page: /Users/damithch/Repos/git-mastery/git-mastery.github.io/lessons/checkout/exercise-sensors-checkout.md
2026-09-02T09:37:01.466Z - [36mverbose[39m: Rendering page: /Users/damithch/Repos/git-mastery/git-mastery.github.io/lessons/branchRename/exercise-branch-rename.md
2026-09-02T09:37:01.509Z - [36mverbose[39m: Rendering page: /Users/damithch/Repos/git-mastery/git-mastery.github.io/lessons/branchDelete/exercise-mix-messy-graph.md
2026-09-02T09:37:01.511Z - [36mverbose[39m: Rendering page: /Users/damithch/Repos/git-mastery/git-mastery.github.io/lessons/branchDelete/exercise-mix-messy-docs.md
2026-09-02T09:37:01.514Z - [36mverbose[39m: Rendering page: /Users/damithch/Repos/git-mastery/git-mastery.github.io/lessons/branchDelete/exercise-branch-delete.md
2026-09-02T09:37:01.522Z - [36mverbose[39m: Rendering page: /Users/damithch/Repos/git-mastery/git-mastery.github.io/lessons/branch/exercise-side-track.md
2026-09-02T09:37:01.531Z - [36mverbose[39m: Rendering page: /Users/damithch/Repos/git-mastery/git-mastery.github.io/lessons/branch/exercise-branch-previous.md
2026-09-02T09:37:01.593Z - [36mverbose[39m: Rendering page: /Users/damithch/Repos/git-mastery/git-mastery.github.io/versions/cs2103/index.md
2026-09-02T09:37:01.594Z - [36mverbose[39m: Rendering page: /Users/damithch/Repos/git-mastery/git-mastery.github.io/versions/cs2113/index.md
2026-09-02T09:37:01.595Z - [36mverbose[39m: Rendering page: /Users/damithch/Repos/git-mastery/git-mastery.github.io/lessons/worktrees/index.md
2026-09-02T09:37:01.884Z - [36mverbose[39m: Rendering page: /Users/damithch/Repos/git-mastery/git-mastery.github.io/lessons/workflows/index.md
2026-09-02T09:37:02.318Z - [36mverbose[39m: Rendering page: /Users/damithch/Repos/git-mastery/git-mastery.github.io/lessons/trail/workingWithPrs/index.md
2026-09-02T09:37:02.333Z - [36mverbose[39m: Rendering page: /Users/damithch/Repos/git-mastery/git-mastery.github.io/lessons/trail/workingWithRemotes/index.md
2026-09-02T09:37:02.352Z - [36mverbose[39m: Rendering page: /Users/damithch/Repos/git-mastery/git-mastery.github.io/lessons/trail/usingRevisionHistory/index.md
2026-09-02T09:37:02.504Z - [36mverbose[39m: Rendering page: /Users/damithch/Repos/git-mastery/git-mastery.github.io/lessons/trail/syncingBranches/index.md
2026-09-02T09:37:03.097Z - [36mverbose[39m: Rendering page: /Users/damithch/Repos/git-mastery/git-mastery.github.io/lessons/trail/remoteBranches/index.md
2026-09-02T09:37:03.112Z - [36mverbose[39m: Rendering page: /Users/damithch/Repos/git-mastery/git-mastery.github.io/lessons/trail/recordingFolderHistory/index.md
2026-09-02T09:37:03.162Z - [36mverbose[39m: Rendering page: /Users/damithch/Repos/git-mastery/git-mastery.github.io/lessons/trail/managingProjects/index.md
2026-09-02T09:37:03.168Z - [36mverbose[39m: Rendering page: /Users/damithch/Repos/git-mastery/git-mastery.github.io/lessons/trail/index.md
2026-09-02T09:37:03.913Z - [36mverbose[39m: Rendering page: /Users/damithch/Repos/git-mastery/git-mastery.github.io/lessons/trail/fineTuningHistory/index.md
2026-09-02T09:37:03.944Z - [36mverbose[39m: Rendering page: /Users/damithch/Repos/git-mastery/git-mastery.github.io/lessons/trail/backingUpOnCloud/index.md
2026-09-02T09:37:03.971Z - [36mverbose[39m: Rendering page: /Users/damithch/Repos/git-mastery/git-mastery.github.io/lessons/trail/branchingLocally/index.md
2026-09-02T09:37:04.014Z - [36mverbose[39m: Rendering page: /Users/damithch/Repos/git-mastery/git-mastery.github.io/lessons/template/index.md
2026-09-02T09:37:04.204Z - [36mverbose[39m: Rendering page: /Users/damithch/Repos/git-mastery/git-mastery.github.io/lessons/tag/index.md
2026-09-02T09:37:04.214Z - [36mverbose[39m: Rendering page: /Users/damithch/Repos/git-mastery/git-mastery.github.io/lessons/stage/index.md
2026-09-02T09:37:04.227Z - [36mverbose[39m: Rendering page: /Users/damithch/Repos/git-mastery/git-mastery.github.io/lessons/syncByRebase/index.md
2026-09-02T09:37:04.231Z - [36mverbose[39m: Rendering page: /Users/damithch/Repos/git-mastery/git-mastery.github.io/lessons/syncByMerge/index.md
2026-09-02T09:37:04.376Z - [36mverbose[39m: Rendering page: /Users/damithch/Repos/git-mastery/git-mastery.github.io/lessons/show/index.md
2026-09-02T09:37:04.384Z - [36mverbose[39m: Rendering page: /Users/damithch/Repos/git-mastery/git-mastery.github.io/lessons/selectiveStage/index.md
2026-09-02T09:37:04.388Z - [36mverbose[39m: Rendering page: /Users/damithch/Repos/git-mastery/git-mastery.github.io/lessons/setRemote/index.md
2026-09-02T09:37:04.397Z - [36mverbose[39m: Rendering page: /Users/damithch/Repos/git-mastery/git-mastery.github.io/lessons/revert/index.md
2026-09-02T09:37:04.533Z - [36mverbose[39m: Rendering page: /Users/damithch/Repos/git-mastery/git-mastery.github.io/lessons/reset/index.md
2026-09-02T09:37:04.546Z - [36mverbose[39m: Rendering page: /Users/damithch/Repos/git-mastery/git-mastery.github.io/lessons/remoteBranchRename/index.md
2026-09-02T09:37:04.551Z - [36mverbose[39m: Rendering page: /Users/damithch/Repos/git-mastery/git-mastery.github.io/lessons/remoteBranchPush/index.md
2026-09-02T09:37:04.556Z - [36mverbose[39m: Rendering page: /Users/damithch/Repos/git-mastery/git-mastery.github.io/lessons/remoteRepos/index.md
2026-09-02T09:37:04.770Z - [36mverbose[39m: Rendering page: /Users/damithch/Repos/git-mastery/git-mastery.github.io/lessons/remoteBranchPull/index.md
2026-09-02T09:37:04.778Z - [36mverbose[39m: Rendering page: /Users/damithch/Repos/git-mastery/git-mastery.github.io/lessons/remoteBranchDelete/index.md
2026-09-02T09:37:04.783Z - [36mverbose[39m: Rendering page: /Users/damithch/Repos/git-mastery/git-mastery.github.io/lessons/pull/index.md
2026-09-02T09:37:04.795Z - [36mverbose[39m: Rendering page: /Users/damithch/Repos/git-mastery/git-mastery.github.io/lessons/push/index.md
2026-09-02T09:37:04.943Z - [36mverbose[39m: Rendering page: /Users/damithch/Repos/git-mastery/git-mastery.github.io/lessons/prsReview/index.md
2026-09-02T09:37:04.948Z - [36mverbose[39m: Rendering page: /Users/damithch/Repos/git-mastery/git-mastery.github.io/lessons/prsMerge/index.md
2026-09-02T09:37:04.953Z - [36mverbose[39m: Rendering page: /Users/damithch/Repos/git-mastery/git-mastery.github.io/lessons/prsCreate/index.md
2026-09-02T09:37:04.963Z - [36mverbose[39m: Rendering page: /Users/damithch/Repos/git-mastery/git-mastery.github.io/lessons/otherPmFeatures/index.md
2026-09-02T09:37:05.156Z - [36mverbose[39m: Rendering page: /Users/damithch/Repos/git-mastery/git-mastery.github.io/lessons/merge/index.md
2026-09-02T09:37:05.170Z - [36mverbose[39m: Rendering page: /Users/damithch/Repos/git-mastery/git-mastery.github.io/lessons/mergeConflicts/index.md
2026-09-02T09:37:05.176Z - [36mverbose[39m: Rendering page: /Users/damithch/Repos/git-mastery/git-mastery.github.io/lessons/log/index.md
2026-09-02T09:37:05.186Z - [36mverbose[39m: Rendering page: /Users/damithch/Repos/git-mastery/git-mastery.github.io/lessons/intro/index.md
2026-09-02T09:37:05.481Z - [36mverbose[39m: Rendering page: /Users/damithch/Repos/git-mastery/git-mastery.github.io/lessons/interactiveRebase/index.md
2026-09-02T09:37:05.487Z - [36mverbose[39m: Rendering page: /Users/damithch/Repos/git-mastery/git-mastery.github.io/lessons/init/index.md
2026-09-02T09:37:05.495Z - [36mverbose[39m: Rendering page: /Users/damithch/Repos/git-mastery/git-mastery.github.io/lessons/index.md
2026-09-02T09:37:05.503Z - [36mverbose[39m: Rendering page: /Users/damithch/Repos/git-mastery/git-mastery.github.io/lessons/ignore/index.md
2026-09-02T09:37:05.637Z - [36mverbose[39m: Rendering page: /Users/damithch/Repos/git-mastery/git-mastery.github.io/lessons/githubPrep/index.md
2026-09-02T09:37:05.643Z - [36mverbose[39m: Rendering page: /Users/damithch/Repos/git-mastery/git-mastery.github.io/lessons/gitPrep/index.md
2026-09-02T09:37:05.654Z - [36mverbose[39m: Rendering page: /Users/damithch/Repos/git-mastery/git-mastery.github.io/lessons/forkingWorkflow/index.md
2026-09-02T09:37:05.660Z - [36mverbose[39m: Rendering page: /Users/damithch/Repos/git-mastery/git-mastery.github.io/lessons/fork/index.md
2026-09-02T09:37:05.810Z - [36mverbose[39m: Rendering page: /Users/damithch/Repos/git-mastery/git-mastery.github.io/lessons/commitMessage/index.md
2026-09-02T09:37:05.815Z - [36mverbose[39m: Rendering page: /Users/damithch/Repos/git-mastery/git-mastery.github.io/lessons/createRemoteRepo/index.md
2026-09-02T09:37:05.819Z - [36mverbose[39m: Rendering page: /Users/damithch/Repos/git-mastery/git-mastery.github.io/lessons/diff/index.md
2026-09-02T09:37:05.829Z - [36mverbose[39m: Rendering page: /Users/damithch/Repos/git-mastery/git-mastery.github.io/lessons/commit/index.md
2026-09-02T09:37:05.978Z - [36mverbose[39m: Rendering page: /Users/damithch/Repos/git-mastery/git-mastery.github.io/lessons/clone/index.md
2026-09-02T09:37:05.983Z - [36mverbose[39m: Rendering page: /Users/damithch/Repos/git-mastery/git-mastery.github.io/lessons/checkout/index.md
2026-09-02T09:37:05.990Z - [36mverbose[39m: Rendering page: /Users/damithch/Repos/git-mastery/git-mastery.github.io/lessons/cherryPick/index.md
2026-09-02T09:37:05.995Z - [36mverbose[39m: Rendering page: /Users/damithch/Repos/git-mastery/git-mastery.github.io/lessons/branchRename/index.md
2026-09-02T09:37:06.150Z - [36mverbose[39m: Rendering page: /Users/damithch/Repos/git-mastery/git-mastery.github.io/lessons/branchDelete/index.md
2026-09-02T09:37:06.158Z - [36mverbose[39m: Rendering page: /Users/damithch/Repos/git-mastery/git-mastery.github.io/index.md
2026-09-02T09:37:06.161Z - [36mverbose[39m: Rendering page: /Users/damithch/Repos/git-mastery/git-mastery.github.io/lessons/branch/index.md
2026-09-02T09:37:06.178Z - [32minfo[39m: Pages built
2026-09-02T09:37:06.252Z - [32minfo[39m: Site data built
2026-09-02T09:37:06.252Z - [32minfo[39m: Website generation complete! Total build time: 9.501s
2026-09-02T09:37:06.252Z - [32minfo[39m: Build success!
2026-09-02T09:44:04.428Z - [32minfo[39m: Website generation (lazy) started at 17:44:04
2026-09-02T09:44:04.532Z - [32minfo[39m: Building assets...
2026-09-02T09:44:04.639Z - [32minfo[39m: Assets built
2026-09-02T09:44:04.641Z - [32minfo[39m: Generating landing page...
2026-09-02T09:44:04.726Z - [36mverbose[39m: Rendering page: /Users/damithch/Repos/git-mastery/git-mastery.github.io/index.md
2026-09-02T09:44:04.737Z - [32minfo[39m: Landing page built, other pages will be built as you navigate to them!
2026-09-02T09:44:04.815Z - [32minfo[39m: Site data built
2026-09-02T09:44:04.815Z - [32minfo[39m: Website generation (lazy) complete! Total build time: 0.486s
2026-09-02T09:44:04.825Z - [32minfo[39m: Serving "/Users/damithch/Repos/git-mastery/git-mastery.github.io/_site" at http://127.0.0.1:8080
2026-09-02T09:44:04.825Z - [32minfo[39m: Press CTRL+C to stop ...
2026-09-02T09:44:07.020Z - [32minfo[39m: Building /Users/damithch/Repos/git-mastery/git-mastery.github.io/versions/cs2103/insertions as some of its dependencies were changed since the last visit
2026-09-02T09:44:07.057Z - [36mverbose[39m: Rendering page: /Users/damithch/Repos/git-mastery/git-mastery.github.io/versions/cs2103/insertions.md
2026-09-02T09:44:07.060Z - [32minfo[39m: Site data built
2026-09-02T09:44:07.060Z - [32minfo[39m: Lazy website regeneration complete! Total build time: 0.04s
2026-09-02T09:44:13.395Z - [32minfo[39m: Building /Users/damithch/Repos/git-mastery/git-mastery.github.io/lessons/index as some of its dependencies were changed since the last visit
2026-09-02T09:44:13.834Z - [36mverbose[39m: Rendering page: /Users/damithch/Repos/git-mastery/git-mastery.github.io/lessons/index.md
2026-09-02T09:44:13.853Z - [32minfo[39m: Site data built
2026-09-02T09:44:13.853Z - [32minfo[39m: Lazy website regeneration complete! Total build time: 0.458s
2026-09-02T09:44:24.437Z - [32minfo[39m: Building /Users/damithch/Repos/git-mastery/git-mastery.github.io/lessons/trail/recordingFolderHistory/index as some of its dependencies were changed since the last visit
2026-09-02T09:44:25.005Z - [36mverbose[39m: Rendering page: /Users/damithch/Repos/git-mastery/git-mastery.github.io/lessons/trail/recordingFolderHistory/index.md
2026-09-02T09:44:25.076Z - [32minfo[39m: Site data built
2026-09-02T09:44:25.076Z - [32minfo[39m: Lazy website regeneration complete! Total build time: 0.639s
2026-09-02T09:46:21.903Z - [32minfo[39m: Building /Users/damithch/Repos/git-mastery/git-mastery.github.io/lessons/trail/backingUpOnCloud/index as some of its dependencies were changed since the last visit
2026-09-02T09:46:22.265Z - [36mverbose[39m: Rendering page: /Users/damithch/Repos/git-mastery/git-mastery.github.io/lessons/trail/backingUpOnCloud/index.md
2026-09-02T09:46:22.300Z - [32minfo[39m: Site data built
2026-09-02T09:46:22.300Z - [32minfo[39m: Lazy website regeneration complete! Total build time: 0.398s
2026-09-02T09:47:01.651Z - [32minfo[39m: Building /Users/damithch/Repos/git-mastery/git-mastery.github.io/lessons/trail/workingWithRemotes/index as some of its dependencies were changed since the last visit
2026-09-02T09:47:01.930Z - [36mverbose[39m: Rendering page: /Users/damithch/Repos/git-mastery/git-mastery.github.io/lessons/trail/workingWithRemotes/index.md
2026-09-02T09:47:01.954Z - [32minfo[39m: Site data built
2026-09-02T09:47:01.954Z - [32minfo[39m: Lazy website regeneration complete! Total build time: 0.304s
2026-09-02T09:47:37.691Z - [32minfo[39m: Building /Users/damithch/Repos/git-mastery/git-mastery.github.io/lessons/trail/usingRevisionHistory/index as some of its dependencies were changed since the last visit
2026-09-02T09:47:38.167Z - [36mverbose[39m: Rendering page: /Users/damithch/Repos/git-mastery/git-mastery.github.io/lessons/trail/usingRevisionHistory/index.md
2026-09-02T09:47:38.216Z - [32minfo[39m: Site data built
2026-09-02T09:47:38.216Z - [32minfo[39m: Lazy website regeneration complete! Total build time: 0.527s
2026-09-02T09:48:36.847Z - [32minfo[39m: Building /Users/damithch/Repos/git-mastery/git-mastery.github.io/lessons/trail/fineTuningHistory/index as some of its dependencies were changed since the last visit
2026-09-02T09:48:37.018Z - [36mverbose[39m: Rendering page: /Users/damithch/Repos/git-mastery/git-mastery.github.io/lessons/trail/fineTuningHistory/index.md
2026-09-02T09:48:37.039Z - [32minfo[39m: Site data built
2026-09-02T09:48:37.039Z - [32minfo[39m: Lazy website regeneration complete! Total build time: 0.193s
2026-09-02T09:48:55.089Z - [32minfo[39m: Building /Users/damithch/Repos/git-mastery/git-mastery.github.io/lessons/trail/branchingLocally/index as some of its dependencies were changed since the last visit
2026-09-02T09:48:55.708Z - [36mverbose[39m: Rendering page: /Users/damithch/Repos/git-mastery/git-mastery.github.io/lessons/trail/branchingLocally/index.md
2026-09-02T09:48:55.761Z - [32minfo[39m: Site data built
2026-09-02T09:48:55.761Z - [32minfo[39m: Lazy website regeneration complete! Total build time: 0.672s
2026-09-02T09:50:34.817Z - [32minfo[39m: Building /Users/damithch/Repos/git-mastery/git-mastery.github.io/lessons/trail/syncingBranches/index as some of its dependencies were changed since the last visit
2026-09-02T09:50:34.976Z - [36mverbose[39m: Rendering page: /Users/damithch/Repos/git-mastery/git-mastery.github.io/lessons/trail/syncingBranches/index.md
2026-09-02T09:50:34.994Z - [32minfo[39m: Site data built
2026-09-02T09:50:34.994Z - [32minfo[39m: Lazy website regeneration complete! Total build time: 0.179s
2026-09-02T09:50:47.659Z - [32minfo[39m: Building /Users/damithch/Repos/git-mastery/git-mastery.github.io/lessons/trail/remoteBranches/index as some of its dependencies were changed since the last visit
2026-09-02T09:50:47.876Z - [36mverbose[39m: Rendering page: /Users/damithch/Repos/git-mastery/git-mastery.github.io/lessons/trail/remoteBranches/index.md
2026-09-02T09:50:47.895Z - [32minfo[39m: Site data built
2026-09-02T09:50:47.895Z - [32minfo[39m: Lazy website regeneration complete! Total build time: 0.238s
2026-09-02T09:51:02.392Z - [32minfo[39m: Building /Users/damithch/Repos/git-mastery/git-mastery.github.io/lessons/trail/workingWithPrs/index as some of its dependencies were changed since the last visit
2026-09-02T09:51:02.590Z - [36mverbose[39m: Rendering page: /Users/damithch/Repos/git-mastery/git-mastery.github.io/lessons/trail/workingWithPrs/index.md
2026-09-02T09:51:02.615Z - [32minfo[39m: Site data built
2026-09-02T09:51:02.615Z - [32minfo[39m: Lazy website regeneration complete! Total build time: 0.224s
2026-09-02T09:51:16.309Z - [32minfo[39m: Building /Users/damithch/Repos/git-mastery/git-mastery.github.io/lessons/trail/managingProjects/index as some of its dependencies were changed since the last visit
2026-09-02T09:51:16.444Z - [36mverbose[39m: Rendering page: /Users/damithch/Repos/git-mastery/git-mastery.github.io/lessons/trail/managingProjects/index.md
2026-09-02T09:51:16.458Z - [32minfo[39m: Site data built
2026-09-02T09:51:16.458Z - [32minfo[39m: Lazy website regeneration complete! Total build time: 0.15s
2026-09-02T09:51:31.620Z - [32minfo[39m: Website generation started at 17:51:31
2026-09-02T09:51:31.736Z - [32minfo[39m: Building assets...
2026-09-02T09:51:31.836Z - [32minfo[39m: Assets built
2026-09-02T09:51:31.837Z - [32minfo[39m: Generating pages...
2026-09-02T09:51:32.357Z - [36mverbose[39m: Rendering page: /Users/damithch/Repos/git-mastery/git-mastery.github.io/faq/index.md
2026-09-02T09:51:32.367Z - [36mverbose[39m: Rendering page: /Users/damithch/Repos/git-mastery/git-mastery.github.io/about/index.md
2026-09-02T09:51:32.369Z - [36mverbose[39m: Rendering page: /Users/damithch/Repos/git-mastery/git-mastery.github.io/companion-app/index.md
2026-09-02T09:51:32.385Z - [36mverbose[39m: Rendering page: /Users/damithch/Repos/git-mastery/git-mastery.github.io/exercises-directory/index.md
2026-09-02T09:51:36.658Z - [36mverbose[39m: Rendering page: /Users/damithch/Repos/git-mastery/git-mastery.github.io/versions/cs2113/insertions.md
2026-09-02T09:51:36.663Z - [36mverbose[39m: Rendering page: /Users/damithch/Repos/git-mastery/git-mastery.github.io/versions/cs2103/insertions.md
2026-09-02T09:51:36.699Z - [36mverbose[39m: Rendering page: /Users/damithch/Repos/git-mastery/git-mastery.github.io/lessons/tag/exercise-tags-update.md
2026-09-02T09:51:36.704Z - [36mverbose[39m: Rendering page: /Users/damithch/Repos/git-mastery/git-mastery.github.io/lessons/trail/all.md
2026-09-02T09:51:37.196Z - [36mverbose[39m: Rendering page: /Users/damithch/Repos/git-mastery/git-mastery.github.io/lessons/tag/exercise-tags-push.md
2026-09-02T09:51:37.207Z - [36mverbose[39m: Rendering page: /Users/damithch/Repos/git-mastery/git-mastery.github.io/lessons/tag/exercise-tags-add.md
2026-09-02T09:51:37.229Z - [36mverbose[39m: Rendering page: /Users/damithch/Repos/git-mastery/git-mastery.github.io/lessons/stage/exercise-stage-fright.md
2026-09-02T09:51:37.251Z - [36mverbose[39m: Rendering page: /Users/damithch/Repos/git-mastery/git-mastery.github.io/lessons/show/exercise-view-commits.md
2026-09-02T09:51:37.255Z - [36mverbose[39m: Rendering page: /Users/damithch/Repos/git-mastery/git-mastery.github.io/lessons/setRemote/exercise-link-me.md
2026-09-02T09:51:37.277Z - [36mverbose[39m: Rendering page: /Users/damithch/Repos/git-mastery/git-mastery.github.io/lessons/revert/exercise-sensors-revert.md
2026-09-02T09:51:37.291Z - [36mverbose[39m: Rendering page: /Users/damithch/Repos/git-mastery/git-mastery.github.io/lessons/reset/exercise-sensors-reset.md
2026-09-02T09:51:37.316Z - [36mverbose[39m: Rendering page: /Users/damithch/Repos/git-mastery/git-mastery.github.io/lessons/remoteBranchRename/exercise-remote-branch-rename.md
2026-09-02T09:51:37.330Z - [36mverbose[39m: Rendering page: /Users/damithch/Repos/git-mastery/git-mastery.github.io/lessons/remoteBranchRename/exercise-glossary-branch-rename.md
2026-09-02T09:51:37.334Z - [36mverbose[39m: Rendering page: /Users/damithch/Repos/git-mastery/git-mastery.github.io/lessons/remoteBranchPush/exercise-glossary-branch-push.md
2026-09-02T09:51:37.359Z - [36mverbose[39m: Rendering page: /Users/damithch/Repos/git-mastery/git-mastery.github.io/lessons/remoteBranchPull/exercise-glossary-branch-pull.md
2026-09-02T09:51:37.395Z - [36mverbose[39m: Rendering page: /Users/damithch/Repos/git-mastery/git-mastery.github.io/lessons/push/exercise-push-over.md
2026-09-02T09:51:37.398Z - [36mverbose[39m: Rendering page: /Users/damithch/Repos/git-mastery/git-mastery.github.io/lessons/remoteBranchDelete/exercise-glossary-branch-delete.md
2026-09-02T09:51:37.402Z - [36mverbose[39m: Rendering page: /Users/damithch/Repos/git-mastery/git-mastery.github.io/lessons/pull/exercise-fetch-and-pull.md
2026-09-02T09:51:37.405Z - [36mverbose[39m: Rendering page: /Users/damithch/Repos/git-mastery/git-mastery.github.io/lessons/prsCreate/exercise-create-pr-from-main.md
2026-09-02T09:51:37.470Z - [36mverbose[39m: Rendering page: /Users/damithch/Repos/git-mastery/git-mastery.github.io/lessons/merge/exercise-merge-undo.md
2026-09-02T09:51:37.474Z - [36mverbose[39m: Rendering page: /Users/damithch/Repos/git-mastery/git-mastery.github.io/lessons/mergeConflicts/exercise-conflict-mediator.md
2026-09-02T09:51:37.478Z - [36mverbose[39m: Rendering page: /Users/damithch/Repos/git-mastery/git-mastery.github.io/lessons/merge/exercise-merge-squash.md
2026-09-02T09:51:37.484Z - [36mverbose[39m: Rendering page: /Users/damithch/Repos/git-mastery/git-mastery.github.io/lessons/merge/exercise-ff-undo.md
2026-09-02T09:51:37.532Z - [36mverbose[39m: Rendering page: /Users/damithch/Repos/git-mastery/git-mastery.github.io/lessons/merge/exercise-branch-forward.md
2026-09-02T09:51:37.535Z - [36mverbose[39m: Rendering page: /Users/damithch/Repos/git-mastery/git-mastery.github.io/lessons/merge/exercise-branch-compare.md
2026-09-02T09:51:37.537Z - [36mverbose[39m: Rendering page: /Users/damithch/Repos/git-mastery/git-mastery.github.io/lessons/merge/exercise-branch-bender.md
2026-09-02T09:51:37.539Z - [36mverbose[39m: Rendering page: /Users/damithch/Repos/git-mastery/git-mastery.github.io/lessons/log/exercise-log-and-order.md
2026-09-02T09:51:37.579Z - [36mverbose[39m: Rendering page: /Users/damithch/Repos/git-mastery/git-mastery.github.io/lessons/init/exercise-undo-init.md
2026-09-02T09:51:37.582Z - [36mverbose[39m: Rendering page: /Users/damithch/Repos/git-mastery/git-mastery.github.io/lessons/ignore/exercise-ignoring-somethings.md
2026-09-02T09:51:37.585Z - [36mverbose[39m: Rendering page: /Users/damithch/Repos/git-mastery/git-mastery.github.io/lessons/init/exercise-under-control.md
2026-09-02T09:51:37.596Z - [36mverbose[39m: Rendering page: /Users/damithch/Repos/git-mastery/git-mastery.github.io/lessons/fork/exercise-fork-repo.md
2026-09-02T09:51:37.623Z - [36mverbose[39m: Rendering page: /Users/damithch/Repos/git-mastery/git-mastery.github.io/lessons/diff/exercise-sensors-diff.md
2026-09-02T09:51:37.626Z - [36mverbose[39m: Rendering page: /Users/damithch/Repos/git-mastery/git-mastery.github.io/lessons/createRemoteRepo/exercise-remote-control.md
2026-09-02T09:51:37.628Z - [36mverbose[39m: Rendering page: /Users/damithch/Repos/git-mastery/git-mastery.github.io/lessons/commit/exercise-staging-intervention.md
2026-09-02T09:51:37.630Z - [36mverbose[39m: Rendering page: /Users/damithch/Repos/git-mastery/git-mastery.github.io/lessons/commit/exercise-grocery-shopping.md
2026-09-02T09:51:37.680Z - [36mverbose[39m: Rendering page: /Users/damithch/Repos/git-mastery/git-mastery.github.io/lessons/clone/exercise-clone-repo.md
2026-09-02T09:51:37.686Z - [36mverbose[39m: Rendering page: /Users/damithch/Repos/git-mastery/git-mastery.github.io/lessons/checkout/exercise-sensors-checkout.md
2026-09-02T09:51:37.689Z - [36mverbose[39m: Rendering page: /Users/damithch/Repos/git-mastery/git-mastery.github.io/lessons/branchDelete/exercise-mix-messy-graph.md
2026-09-02T09:51:37.694Z - [36mverbose[39m: Rendering page: /Users/damithch/Repos/git-mastery/git-mastery.github.io/lessons/branchRename/exercise-branch-rename.md
2026-09-02T09:51:37.757Z - [36mverbose[39m: Rendering page: /Users/damithch/Repos/git-mastery/git-mastery.github.io/lessons/branchDelete/exercise-mix-messy-docs.md
2026-09-02T09:51:37.761Z - [36mverbose[39m: Rendering page: /Users/damithch/Repos/git-mastery/git-mastery.github.io/lessons/branchDelete/exercise-branch-delete.md
2026-09-02T09:51:37.765Z - [36mverbose[39m: Rendering page: /Users/damithch/Repos/git-mastery/git-mastery.github.io/lessons/branch/exercise-side-track.md
2026-09-02T09:51:37.768Z - [36mverbose[39m: Rendering page: /Users/damithch/Repos/git-mastery/git-mastery.github.io/lessons/branch/exercise-branch-previous.md
2026-09-02T09:51:37.825Z - [36mverbose[39m: Rendering page: /Users/damithch/Repos/git-mastery/git-mastery.github.io/versions/cs2113/index.md
2026-09-02T09:51:37.839Z - [36mverbose[39m: Rendering page: /Users/damithch/Repos/git-mastery/git-mastery.github.io/versions/cs2103/index.md
2026-09-02T09:51:38.037Z - [36mverbose[39m: Rendering page: /Users/damithch/Repos/git-mastery/git-mastery.github.io/lessons/worktrees/index.md
2026-09-02T09:51:38.047Z - [36mverbose[39m: Rendering page: /Users/damithch/Repos/git-mastery/git-mastery.github.io/lessons/workflows/index.md
2026-09-02T09:51:38.681Z - [36mverbose[39m: Rendering page: /Users/damithch/Repos/git-mastery/git-mastery.github.io/lessons/trail/workingWithRemotes/index.md
2026-09-02T09:51:38.704Z - [36mverbose[39m: Rendering page: /Users/damithch/Repos/git-mastery/git-mastery.github.io/lessons/trail/workingWithPrs/index.md
2026-09-02T09:51:38.832Z - [36mverbose[39m: Rendering page: /Users/damithch/Repos/git-mastery/git-mastery.github.io/lessons/trail/usingRevisionHistory/index.md
2026-09-02T09:51:38.880Z - [36mverbose[39m: Rendering page: /Users/damithch/Repos/git-mastery/git-mastery.github.io/lessons/trail/syncingBranches/index.md
2026-09-02T09:51:39.355Z - [36mverbose[39m: Rendering page: /Users/damithch/Repos/git-mastery/git-mastery.github.io/lessons/trail/remoteBranches/index.md
2026-09-02T09:51:39.569Z - [36mverbose[39m: Rendering page: /Users/damithch/Repos/git-mastery/git-mastery.github.io/lessons/trail/recordingFolderHistory/index.md
2026-09-02T09:51:39.692Z - [36mverbose[39m: Rendering page: /Users/damithch/Repos/git-mastery/git-mastery.github.io/lessons/trail/index.md
2026-09-02T09:51:39.699Z - [36mverbose[39m: Rendering page: /Users/damithch/Repos/git-mastery/git-mastery.github.io/lessons/trail/managingProjects/index.md
2026-09-02T09:51:40.319Z - [36mverbose[39m: Rendering page: /Users/damithch/Repos/git-mastery/git-mastery.github.io/lessons/trail/fineTuningHistory/index.md
2026-09-02T09:51:40.399Z - [36mverbose[39m: Rendering page: /Users/damithch/Repos/git-mastery/git-mastery.github.io/lessons/template/index.md
2026-09-02T09:51:40.402Z - [36mverbose[39m: Rendering page: /Users/damithch/Repos/git-mastery/git-mastery.github.io/lessons/trail/backingUpOnCloud/index.md
2026-09-02T09:51:40.429Z - [36mverbose[39m: Rendering page: /Users/damithch/Repos/git-mastery/git-mastery.github.io/lessons/trail/branchingLocally/index.md
2026-09-02T09:51:40.504Z - [36mverbose[39m: Rendering page: /Users/damithch/Repos/git-mastery/git-mastery.github.io/lessons/tag/index.md
2026-09-02T09:51:40.660Z - [36mverbose[39m: Rendering page: /Users/damithch/Repos/git-mastery/git-mastery.github.io/lessons/stage/index.md
2026-09-02T09:51:40.676Z - [36mverbose[39m: Rendering page: /Users/damithch/Repos/git-mastery/git-mastery.github.io/lessons/syncByMerge/index.md
2026-09-02T09:51:40.680Z - [36mverbose[39m: Rendering page: /Users/damithch/Repos/git-mastery/git-mastery.github.io/lessons/syncByRebase/index.md
2026-09-02T09:51:40.686Z - [36mverbose[39m: Rendering page: /Users/damithch/Repos/git-mastery/git-mastery.github.io/lessons/show/index.md
2026-09-02T09:51:40.800Z - [36mverbose[39m: Rendering page: /Users/damithch/Repos/git-mastery/git-mastery.github.io/lessons/selectiveStage/index.md
2026-09-02T09:51:40.806Z - [36mverbose[39m: Rendering page: /Users/damithch/Repos/git-mastery/git-mastery.github.io/lessons/setRemote/index.md
2026-09-02T09:51:40.893Z - [36mverbose[39m: Rendering page: /Users/damithch/Repos/git-mastery/git-mastery.github.io/lessons/revert/index.md
2026-09-02T09:51:40.952Z - [36mverbose[39m: Rendering page: /Users/damithch/Repos/git-mastery/git-mastery.github.io/lessons/reset/index.md
2026-09-02T09:51:40.966Z - [36mverbose[39m: Rendering page: /Users/damithch/Repos/git-mastery/git-mastery.github.io/lessons/remoteBranchRename/index.md
2026-09-02T09:51:40.970Z - [36mverbose[39m: Rendering page: /Users/damithch/Repos/git-mastery/git-mastery.github.io/lessons/remoteRepos/index.md
2026-09-02T09:51:40.973Z - [36mverbose[39m: Rendering page: /Users/damithch/Repos/git-mastery/git-mastery.github.io/lessons/remoteBranchPush/index.md
2026-09-02T09:51:41.295Z - [36mverbose[39m: Rendering page: /Users/damithch/Repos/git-mastery/git-mastery.github.io/lessons/remoteBranchPull/index.md
2026-09-02T09:51:41.310Z - [36mverbose[39m: Rendering page: /Users/damithch/Repos/git-mastery/git-mastery.github.io/lessons/remoteBranchDelete/index.md
2026-09-02T09:51:41.326Z - [36mverbose[39m: Rendering page: /Users/damithch/Repos/git-mastery/git-mastery.github.io/lessons/push/index.md
2026-09-02T09:51:41.339Z - [36mverbose[39m: Rendering page: /Users/damithch/Repos/git-mastery/git-mastery.github.io/lessons/pull/index.md
2026-09-02T09:51:41.596Z - [36mverbose[39m: Rendering page: /Users/damithch/Repos/git-mastery/git-mastery.github.io/lessons/prsReview/index.md
2026-09-02T09:51:41.602Z - [36mverbose[39m: Rendering page: /Users/damithch/Repos/git-mastery/git-mastery.github.io/lessons/prsMerge/index.md
2026-09-02T09:51:41.607Z - [36mverbose[39m: Rendering page: /Users/damithch/Repos/git-mastery/git-mastery.github.io/lessons/prsCreate/index.md
2026-09-02T09:51:41.657Z - [36mverbose[39m: Rendering page: /Users/damithch/Repos/git-mastery/git-mastery.github.io/lessons/otherPmFeatures/index.md
2026-09-02T09:51:41.990Z - [36mverbose[39m: Rendering page: /Users/damithch/Repos/git-mastery/git-mastery.github.io/lessons/mergeConflicts/index.md
2026-09-02T09:51:42.050Z - [36mverbose[39m: Rendering page: /Users/damithch/Repos/git-mastery/git-mastery.github.io/lessons/merge/index.md
2026-09-02T09:51:42.087Z - [36mverbose[39m: Rendering page: /Users/damithch/Repos/git-mastery/git-mastery.github.io/lessons/log/index.md
2026-09-02T09:51:42.181Z - [36mverbose[39m: Rendering page: /Users/damithch/Repos/git-mastery/git-mastery.github.io/lessons/intro/index.md
2026-09-02T09:51:42.858Z - [36mverbose[39m: Rendering page: /Users/damithch/Repos/git-mastery/git-mastery.github.io/lessons/interactiveRebase/index.md
2026-09-02T09:51:42.975Z - [36mverbose[39m: Rendering page: /Users/damithch/Repos/git-mastery/git-mastery.github.io/lessons/init/index.md
2026-09-02T09:51:42.985Z - [36mverbose[39m: Rendering page: /Users/damithch/Repos/git-mastery/git-mastery.github.io/lessons/index.md
2026-09-02T09:51:42.994Z - [36mverbose[39m: Rendering page: /Users/damithch/Repos/git-mastery/git-mastery.github.io/lessons/ignore/index.md
2026-09-02T09:51:43.082Z - [36mverbose[39m: Rendering page: /Users/damithch/Repos/git-mastery/git-mastery.github.io/lessons/githubPrep/index.md
2026-09-02T09:51:43.115Z - [36mverbose[39m: Rendering page: /Users/damithch/Repos/git-mastery/git-mastery.github.io/lessons/gitPrep/index.md
2026-09-02T09:51:43.146Z - [36mverbose[39m: Rendering page: /Users/damithch/Repos/git-mastery/git-mastery.github.io/lessons/forkingWorkflow/index.md
2026-09-02T09:51:43.222Z - [36mverbose[39m: Rendering page: /Users/damithch/Repos/git-mastery/git-mastery.github.io/lessons/fork/index.md
2026-09-02T09:51:43.248Z - [36mverbose[39m: Rendering page: /Users/damithch/Repos/git-mastery/git-mastery.github.io/lessons/diff/index.md
2026-09-02T09:51:43.350Z - [36mverbose[39m: Rendering page: /Users/damithch/Repos/git-mastery/git-mastery.github.io/lessons/commitMessage/index.md
2026-09-02T09:51:43.355Z - [36mverbose[39m: Rendering page: /Users/damithch/Repos/git-mastery/git-mastery.github.io/lessons/createRemoteRepo/index.md
2026-09-02T09:51:43.386Z - [36mverbose[39m: Rendering page: /Users/damithch/Repos/git-mastery/git-mastery.github.io/lessons/commit/index.md
2026-09-02T09:51:43.419Z - [36mverbose[39m: Rendering page: /Users/damithch/Repos/git-mastery/git-mastery.github.io/lessons/clone/index.md
2026-09-02T09:51:43.583Z - [36mverbose[39m: Rendering page: /Users/damithch/Repos/git-mastery/git-mastery.github.io/lessons/cherryPick/index.md
2026-09-02T09:51:43.589Z - [36mverbose[39m: Rendering page: /Users/damithch/Repos/git-mastery/git-mastery.github.io/lessons/checkout/index.md
2026-09-02T09:51:43.601Z - [36mverbose[39m: Rendering page: /Users/damithch/Repos/git-mastery/git-mastery.github.io/lessons/branchRename/index.md
2026-09-02T09:51:43.607Z - [36mverbose[39m: Rendering page: /Users/damithch/Repos/git-mastery/git-mastery.github.io/lessons/branchDelete/index.md
2026-09-02T09:51:43.708Z - [36mverbose[39m: Rendering page: /Users/damithch/Repos/git-mastery/git-mastery.github.io/index.md
2026-09-02T09:51:43.710Z - [36mverbose[39m: Rendering page: /Users/damithch/Repos/git-mastery/git-mastery.github.io/lessons/branch/index.md
2026-09-02T09:51:43.728Z - [32minfo[39m: Pages built
2026-09-02T09:51:43.802Z - [32minfo[39m: Site data built
2026-09-02T09:51:43.802Z - [32minfo[39m: Website generation complete! Total build time: 12.27s
2026-09-02T09:51:43.802Z - [32minfo[39m: Build success!
2026-09-02T09:51:54.199Z - [32minfo[39m: GitHub Actions deployment initiated. Check status at: https://github.com/git-mastery/git-mastery.github.io/actions
2026-09-02T09:51:54.199Z - [32minfo[39m: The website will be deployed at: git-mastery.org
2026-09-02T10:02:04.133Z - [32minfo[39m: Website generation started at 6:02:04 PM
2026-09-02T10:02:04.237Z - [32minfo[39m: Building assets...
2026-09-02T10:02:04.354Z - [32minfo[39m: Assets built
2026-09-02T10:02:04.354Z - [32minfo[39m: Generating pages...
2026-09-02T10:02:04.897Z - [36mverbose[39m: Rendering page: /Users/damithch/Repos/git-mastery/git-mastery.github.io/companion-app/index.md
2026-09-02T10:02:04.924Z - [36mverbose[39m: Rendering page: /Users/damithch/Repos/git-mastery/git-mastery.github.io/faq/index.md
2026-09-02T10:02:04.926Z - [36mverbose[39m: Rendering page: /Users/damithch/Repos/git-mastery/git-mastery.github.io/about/index.md
2026-09-02T10:02:04.928Z - [36mverbose[39m: Rendering page: /Users/damithch/Repos/git-mastery/git-mastery.github.io/exercises-directory/index.md
2026-09-02T10:02:07.880Z - [36mverbose[39m: Rendering page: /Users/damithch/Repos/git-mastery/git-mastery.github.io/versions/cs2103/insertions.md
2026-09-02T10:02:07.882Z - [36mverbose[39m: Rendering page: /Users/damithch/Repos/git-mastery/git-mastery.github.io/versions/cs2113/insertions.md
2026-09-02T10:02:07.885Z - [36mverbose[39m: Rendering page: /Users/damithch/Repos/git-mastery/git-mastery.github.io/lessons/tag/exercise-tags-update.md
2026-09-02T10:02:07.900Z - [36mverbose[39m: Rendering page: /Users/damithch/Repos/git-mastery/git-mastery.github.io/lessons/trail/all.md
2026-09-02T10:02:08.141Z - [36mverbose[39m: Rendering page: /Users/damithch/Repos/git-mastery/git-mastery.github.io/lessons/tag/exercise-tags-push.md
2026-09-02T10:02:08.150Z - [36mverbose[39m: Rendering page: /Users/damithch/Repos/git-mastery/git-mastery.github.io/lessons/tag/exercise-tags-add.md
2026-09-02T10:02:08.152Z - [36mverbose[39m: Rendering page: /Users/damithch/Repos/git-mastery/git-mastery.github.io/lessons/stage/exercise-stage-fright.md
2026-09-02T10:02:08.153Z - [36mverbose[39m: Rendering page: /Users/damithch/Repos/git-mastery/git-mastery.github.io/lessons/show/exercise-view-commits.md
2026-09-02T10:02:08.183Z - [36mverbose[39m: Rendering page: /Users/damithch/Repos/git-mastery/git-mastery.github.io/lessons/setRemote/exercise-link-me.md
2026-09-02T10:02:08.185Z - [36mverbose[39m: Rendering page: /Users/damithch/Repos/git-mastery/git-mastery.github.io/lessons/revert/exercise-sensors-revert.md
2026-09-02T10:02:08.186Z - [36mverbose[39m: Rendering page: /Users/damithch/Repos/git-mastery/git-mastery.github.io/lessons/reset/exercise-sensors-reset.md
2026-09-02T10:02:08.201Z - [36mverbose[39m: Rendering page: /Users/damithch/Repos/git-mastery/git-mastery.github.io/lessons/remoteBranchRename/exercise-remote-branch-rename.md
2026-09-02T10:02:08.213Z - [36mverbose[39m: Rendering page: /Users/damithch/Repos/git-mastery/git-mastery.github.io/lessons/remoteBranchRename/exercise-glossary-branch-rename.md
2026-09-02T10:02:08.223Z - [36mverbose[39m: Rendering page: /Users/damithch/Repos/git-mastery/git-mastery.github.io/lessons/remoteBranchPush/exercise-glossary-branch-push.md
2026-09-02T10:02:08.225Z - [36mverbose[39m: Rendering page: /Users/damithch/Repos/git-mastery/git-mastery.github.io/lessons/remoteBranchPull/exercise-glossary-branch-pull.md
2026-09-02T10:02:08.232Z - [36mverbose[39m: Rendering page: /Users/damithch/Repos/git-mastery/git-mastery.github.io/lessons/remoteBranchDelete/exercise-glossary-branch-delete.md
2026-09-02T10:02:08.251Z - [36mverbose[39m: Rendering page: /Users/damithch/Repos/git-mastery/git-mastery.github.io/lessons/push/exercise-push-over.md
2026-09-02T10:02:08.253Z - [36mverbose[39m: Rendering page: /Users/damithch/Repos/git-mastery/git-mastery.github.io/lessons/pull/exercise-fetch-and-pull.md
2026-09-02T10:02:08.260Z - [36mverbose[39m: Rendering page: /Users/damithch/Repos/git-mastery/git-mastery.github.io/lessons/prsCreate/exercise-create-pr-from-main.md
2026-09-02T10:02:08.276Z - [36mverbose[39m: Rendering page: /Users/damithch/Repos/git-mastery/git-mastery.github.io/lessons/mergeConflicts/exercise-conflict-mediator.md
2026-09-02T10:02:08.284Z - [36mverbose[39m: Rendering page: /Users/damithch/Repos/git-mastery/git-mastery.github.io/lessons/merge/exercise-merge-undo.md
2026-09-02T10:02:08.286Z - [36mverbose[39m: Rendering page: /Users/damithch/Repos/git-mastery/git-mastery.github.io/lessons/merge/exercise-merge-squash.md
2026-09-02T10:02:08.288Z - [36mverbose[39m: Rendering page: /Users/damithch/Repos/git-mastery/git-mastery.github.io/lessons/merge/exercise-ff-undo.md
2026-09-02T10:02:08.314Z - [36mverbose[39m: Rendering page: /Users/damithch/Repos/git-mastery/git-mastery.github.io/lessons/merge/exercise-branch-forward.md
2026-09-02T10:02:08.316Z - [36mverbose[39m: Rendering page: /Users/damithch/Repos/git-mastery/git-mastery.github.io/lessons/merge/exercise-branch-compare.md
2026-09-02T10:02:08.317Z - [36mverbose[39m: Rendering page: /Users/damithch/Repos/git-mastery/git-mastery.github.io/lessons/merge/exercise-branch-bender.md
2026-09-02T10:02:08.319Z - [36mverbose[39m: Rendering page: /Users/damithch/Repos/git-mastery/git-mastery.github.io/lessons/log/exercise-log-and-order.md
2026-09-02T10:02:08.344Z - [36mverbose[39m: Rendering page: /Users/damithch/Repos/git-mastery/git-mastery.github.io/lessons/init/exercise-undo-init.md
2026-09-02T10:02:08.346Z - [36mverbose[39m: Rendering page: /Users/damithch/Repos/git-mastery/git-mastery.github.io/lessons/fork/exercise-fork-repo.md
2026-09-02T10:02:08.347Z - [36mverbose[39m: Rendering page: /Users/damithch/Repos/git-mastery/git-mastery.github.io/lessons/init/exercise-under-control.md
2026-09-02T10:02:08.349Z - [36mverbose[39m: Rendering page: /Users/damithch/Repos/git-mastery/git-mastery.github.io/lessons/ignore/exercise-ignoring-somethings.md
2026-09-02T10:02:08.374Z - [36mverbose[39m: Rendering page: /Users/damithch/Repos/git-mastery/git-mastery.github.io/lessons/diff/exercise-sensors-diff.md
2026-09-02T10:02:08.376Z - [36mverbose[39m: Rendering page: /Users/damithch/Repos/git-mastery/git-mastery.github.io/lessons/commit/exercise-staging-intervention.md
2026-09-02T10:02:08.377Z - [36mverbose[39m: Rendering page: /Users/damithch/Repos/git-mastery/git-mastery.github.io/lessons/createRemoteRepo/exercise-remote-control.md
2026-09-02T10:02:08.379Z - [36mverbose[39m: Rendering page: /Users/damithch/Repos/git-mastery/git-mastery.github.io/lessons/commit/exercise-grocery-shopping.md
2026-09-02T10:02:08.413Z - [36mverbose[39m: Rendering page: /Users/damithch/Repos/git-mastery/git-mastery.github.io/lessons/clone/exercise-clone-repo.md
2026-09-02T10:02:08.415Z - [36mverbose[39m: Rendering page: /Users/damithch/Repos/git-mastery/git-mastery.github.io/lessons/checkout/exercise-sensors-checkout.md
2026-09-02T10:02:08.417Z - [36mverbose[39m: Rendering page: /Users/damithch/Repos/git-mastery/git-mastery.github.io/lessons/branchDelete/exercise-mix-messy-graph.md
2026-09-02T10:02:08.419Z - [36mverbose[39m: Rendering page: /Users/damithch/Repos/git-mastery/git-mastery.github.io/lessons/branchRename/exercise-branch-rename.md
2026-09-02T10:02:08.456Z - [36mverbose[39m: Rendering page: /Users/damithch/Repos/git-mastery/git-mastery.github.io/lessons/branchDelete/exercise-branch-delete.md
2026-09-02T10:02:08.458Z - [36mverbose[39m: Rendering page: /Users/damithch/Repos/git-mastery/git-mastery.github.io/lessons/branchDelete/exercise-mix-messy-docs.md
2026-09-02T10:02:08.461Z - [36mverbose[39m: Rendering page: /Users/damithch/Repos/git-mastery/git-mastery.github.io/lessons/branch/exercise-side-track.md
2026-09-02T10:02:08.464Z - [36mverbose[39m: Rendering page: /Users/damithch/Repos/git-mastery/git-mastery.github.io/lessons/branch/exercise-branch-previous.md
2026-09-02T10:02:08.526Z - [36mverbose[39m: Rendering page: /Users/damithch/Repos/git-mastery/git-mastery.github.io/versions/cs2113/index.md
2026-09-02T10:02:08.527Z - [36mverbose[39m: Rendering page: /Users/damithch/Repos/git-mastery/git-mastery.github.io/versions/cs2103/index.md
2026-09-02T10:02:08.788Z - [36mverbose[39m: Rendering page: /Users/damithch/Repos/git-mastery/git-mastery.github.io/lessons/workflows/index.md
2026-09-02T10:02:08.792Z - [36mverbose[39m: Rendering page: /Users/damithch/Repos/git-mastery/git-mastery.github.io/lessons/worktrees/index.md
2026-09-02T10:02:09.154Z - [36mverbose[39m: Rendering page: /Users/damithch/Repos/git-mastery/git-mastery.github.io/lessons/trail/workingWithPrs/index.md
2026-09-02T10:02:09.171Z - [36mverbose[39m: Rendering page: /Users/damithch/Repos/git-mastery/git-mastery.github.io/lessons/trail/workingWithRemotes/index.md
2026-09-02T10:02:09.725Z - [36mverbose[39m: Rendering page: /Users/damithch/Repos/git-mastery/git-mastery.github.io/lessons/trail/usingRevisionHistory/index.md
2026-09-02T10:02:09.771Z - [36mverbose[39m: Rendering page: /Users/damithch/Repos/git-mastery/git-mastery.github.io/lessons/trail/syncingBranches/index.md
2026-09-02T10:02:09.819Z - [36mverbose[39m: Rendering page: /Users/damithch/Repos/git-mastery/git-mastery.github.io/lessons/trail/remoteBranches/index.md
2026-09-02T10:02:09.987Z - [36mverbose[39m: Rendering page: /Users/damithch/Repos/git-mastery/git-mastery.github.io/lessons/trail/recordingFolderHistory/index.md
2026-09-02T10:02:10.034Z - [36mverbose[39m: Rendering page: /Users/damithch/Repos/git-mastery/git-mastery.github.io/lessons/trail/managingProjects/index.md
2026-09-02T10:02:10.471Z - [36mverbose[39m: Rendering page: /Users/damithch/Repos/git-mastery/git-mastery.github.io/lessons/trail/index.md
2026-09-02T10:02:10.706Z - [36mverbose[39m: Rendering page: /Users/damithch/Repos/git-mastery/git-mastery.github.io/lessons/trail/fineTuningHistory/index.md
2026-09-02T10:02:10.719Z - [36mverbose[39m: Rendering page: /Users/damithch/Repos/git-mastery/git-mastery.github.io/lessons/trail/branchingLocally/index.md
2026-09-02T10:02:10.826Z - [36mverbose[39m: Rendering page: /Users/damithch/Repos/git-mastery/git-mastery.github.io/lessons/trail/backingUpOnCloud/index.md
2026-09-02T10:02:10.853Z - [36mverbose[39m: Rendering page: /Users/damithch/Repos/git-mastery/git-mastery.github.io/lessons/template/index.md
2026-09-02T10:02:10.894Z - [36mverbose[39m: Rendering page: /Users/damithch/Repos/git-mastery/git-mastery.github.io/lessons/tag/index.md
2026-09-02T10:02:11.061Z - [36mverbose[39m: Rendering page: /Users/damithch/Repos/git-mastery/git-mastery.github.io/lessons/syncByMerge/index.md
2026-09-02T10:02:11.065Z - [36mverbose[39m: Rendering page: /Users/damithch/Repos/git-mastery/git-mastery.github.io/lessons/syncByRebase/index.md
2026-09-02T10:02:11.069Z - [36mverbose[39m: Rendering page: /Users/damithch/Repos/git-mastery/git-mastery.github.io/lessons/stage/index.md
2026-09-02T10:02:11.082Z - [36mverbose[39m: Rendering page: /Users/damithch/Repos/git-mastery/git-mastery.github.io/lessons/show/index.md
2026-09-02T10:02:11.248Z - [36mverbose[39m: Rendering page: /Users/damithch/Repos/git-mastery/git-mastery.github.io/lessons/selectiveStage/index.md
2026-09-02T10:02:11.252Z - [36mverbose[39m: Rendering page: /Users/damithch/Repos/git-mastery/git-mastery.github.io/lessons/setRemote/index.md
2026-09-02T10:02:11.260Z - [36mverbose[39m: Rendering page: /Users/damithch/Repos/git-mastery/git-mastery.github.io/lessons/revert/index.md
2026-09-02T10:02:11.274Z - [36mverbose[39m: Rendering page: /Users/damithch/Repos/git-mastery/git-mastery.github.io/lessons/reset/index.md
2026-09-02T10:02:11.329Z - [36mverbose[39m: Rendering page: /Users/damithch/Repos/git-mastery/git-mastery.github.io/lessons/remoteBranchRename/index.md
2026-09-02T10:02:11.365Z - [36mverbose[39m: Rendering page: /Users/damithch/Repos/git-mastery/git-mastery.github.io/lessons/remoteRepos/index.md
2026-09-02T10:02:11.369Z - [36mverbose[39m: Rendering page: /Users/damithch/Repos/git-mastery/git-mastery.github.io/lessons/remoteBranchPush/index.md
2026-09-02T10:02:11.394Z - [36mverbose[39m: Rendering page: /Users/damithch/Repos/git-mastery/git-mastery.github.io/lessons/remoteBranchPull/index.md
2026-09-02T10:02:11.556Z - [36mverbose[39m: Rendering page: /Users/damithch/Repos/git-mastery/git-mastery.github.io/lessons/remoteBranchDelete/index.md
2026-09-02T10:02:11.577Z - [36mverbose[39m: Rendering page: /Users/damithch/Repos/git-mastery/git-mastery.github.io/lessons/push/index.md
2026-09-02T10:02:11.587Z - [36mverbose[39m: Rendering page: /Users/damithch/Repos/git-mastery/git-mastery.github.io/lessons/pull/index.md
2026-09-02T10:02:11.639Z - [36mverbose[39m: Rendering page: /Users/damithch/Repos/git-mastery/git-mastery.github.io/lessons/prsReview/index.md
2026-09-02T10:02:11.726Z - [36mverbose[39m: Rendering page: /Users/damithch/Repos/git-mastery/git-mastery.github.io/lessons/prsMerge/index.md
2026-09-02T10:02:11.764Z - [36mverbose[39m: Rendering page: /Users/damithch/Repos/git-mastery/git-mastery.github.io/lessons/prsCreate/index.md
2026-09-02T10:02:11.865Z - [36mverbose[39m: Rendering page: /Users/damithch/Repos/git-mastery/git-mastery.github.io/lessons/otherPmFeatures/index.md
2026-09-02T10:02:11.924Z - [36mverbose[39m: Rendering page: /Users/damithch/Repos/git-mastery/git-mastery.github.io/lessons/mergeConflicts/index.md
2026-09-02T10:02:11.933Z - [36mverbose[39m: Rendering page: /Users/damithch/Repos/git-mastery/git-mastery.github.io/lessons/merge/index.md
2026-09-02T10:02:11.945Z - [36mverbose[39m: Rendering page: /Users/damithch/Repos/git-mastery/git-mastery.github.io/lessons/log/index.md
2026-09-02T10:02:12.206Z - [36mverbose[39m: Rendering page: /Users/damithch/Repos/git-mastery/git-mastery.github.io/lessons/intro/index.md
2026-09-02T10:02:12.209Z - [36mverbose[39m: Rendering page: /Users/damithch/Repos/git-mastery/git-mastery.github.io/lessons/interactiveRebase/index.md
2026-09-02T10:02:12.217Z - [36mverbose[39m: Rendering page: /Users/damithch/Repos/git-mastery/git-mastery.github.io/lessons/init/index.md
2026-09-02T10:02:12.308Z - [36mverbose[39m: Rendering page: /Users/damithch/Repos/git-mastery/git-mastery.github.io/lessons/index.md
2026-09-02T10:02:12.321Z - [36mverbose[39m: Rendering page: /Users/damithch/Repos/git-mastery/git-mastery.github.io/lessons/ignore/index.md
2026-09-02T10:02:12.557Z - [36mverbose[39m: Rendering page: /Users/damithch/Repos/git-mastery/git-mastery.github.io/lessons/githubPrep/index.md
2026-09-02T10:02:12.810Z - [36mverbose[39m: Rendering page: /Users/damithch/Repos/git-mastery/git-mastery.github.io/lessons/forkingWorkflow/index.md
2026-09-02T10:02:12.827Z - [36mverbose[39m: Rendering page: /Users/damithch/Repos/git-mastery/git-mastery.github.io/lessons/gitPrep/index.md
2026-09-02T10:02:12.869Z - [36mverbose[39m: Rendering page: /Users/damithch/Repos/git-mastery/git-mastery.github.io/lessons/fork/index.md
2026-09-02T10:02:12.980Z - [36mverbose[39m: Rendering page: /Users/damithch/Repos/git-mastery/git-mastery.github.io/lessons/diff/index.md
2026-09-02T10:02:13.166Z - [36mverbose[39m: Rendering page: /Users/damithch/Repos/git-mastery/git-mastery.github.io/lessons/createRemoteRepo/index.md
2026-09-02T10:02:13.172Z - [36mverbose[39m: Rendering page: /Users/damithch/Repos/git-mastery/git-mastery.github.io/lessons/commitMessage/index.md
2026-09-02T10:02:13.181Z - [36mverbose[39m: Rendering page: /Users/damithch/Repos/git-mastery/git-mastery.github.io/lessons/commit/index.md
2026-09-02T10:02:13.216Z - [36mverbose[39m: Rendering page: /Users/damithch/Repos/git-mastery/git-mastery.github.io/lessons/clone/index.md
2026-09-02T10:02:13.372Z - [36mverbose[39m: Rendering page: /Users/damithch/Repos/git-mastery/git-mastery.github.io/lessons/checkout/index.md
2026-09-02T10:02:13.380Z - [36mverbose[39m: Rendering page: /Users/damithch/Repos/git-mastery/git-mastery.github.io/lessons/cherryPick/index.md
2026-09-02T10:02:13.385Z - [36mverbose[39m: Rendering page: /Users/damithch/Repos/git-mastery/git-mastery.github.io/lessons/branchRename/index.md
2026-09-02T10:02:13.487Z - [36mverbose[39m: Rendering page: /Users/damithch/Repos/git-mastery/git-mastery.github.io/lessons/branchDelete/index.md
2026-09-02T10:02:13.500Z - [36mverbose[39m: Rendering page: /Users/damithch/Repos/git-mastery/git-mastery.github.io/index.md
2026-09-02T10:02:13.503Z - [36mverbose[39m: Rendering page: /Users/damithch/Repos/git-mastery/git-mastery.github.io/lessons/branch/index.md
2026-09-02T10:02:13.534Z - [32minfo[39m: Pages built
2026-09-02T10:02:13.611Z - [32minfo[39m: Site data built
2026-09-02T10:02:13.611Z - [32minfo[39m: Website generation complete! Total build time: 9.502s
2026-09-02T10:02:13.612Z - [32minfo[39m: Build success!
2026-09-02T10:08:58.737Z - [32minfo[39m: Website generation started at 6:08:58 PM
2026-09-02T10:08:58.846Z - [32minfo[39m: Building assets...
2026-09-02T10:08:58.948Z - [32minfo[39m: Assets built
2026-09-02T10:08:58.948Z - [32minfo[39m: Generating pages...
2026-09-02T10:08:59.476Z - [36mverbose[39m: Rendering page: /Users/damithch/Repos/git-mastery/git-mastery.github.io/about/index.md
2026-09-02T10:08:59.487Z - [36mverbose[39m: Rendering page: /Users/damithch/Repos/git-mastery/git-mastery.github.io/faq/index.md
2026-09-02T10:08:59.490Z - [36mverbose[39m: Rendering page: /Users/damithch/Repos/git-mastery/git-mastery.github.io/companion-app/index.md
2026-09-02T10:08:59.506Z - [36mverbose[39m: Rendering page: /Users/damithch/Repos/git-mastery/git-mastery.github.io/exercises-directory/index.md
2026-09-02T10:09:02.413Z - [36mverbose[39m: Rendering page: /Users/damithch/Repos/git-mastery/git-mastery.github.io/versions/cs2113/insertions.md
2026-09-02T10:09:02.415Z - [36mverbose[39m: Rendering page: /Users/damithch/Repos/git-mastery/git-mastery.github.io/versions/cs2103/insertions.md
2026-09-02T10:09:02.432Z - [36mverbose[39m: Rendering page: /Users/damithch/Repos/git-mastery/git-mastery.github.io/lessons/tag/exercise-tags-update.md
2026-09-02T10:09:02.449Z - [36mverbose[39m: Rendering page: /Users/damithch/Repos/git-mastery/git-mastery.github.io/lessons/trail/all.md
2026-09-02T10:09:02.682Z - [36mverbose[39m: Rendering page: /Users/damithch/Repos/git-mastery/git-mastery.github.io/lessons/tag/exercise-tags-add.md
2026-09-02T10:09:02.692Z - [36mverbose[39m: Rendering page: /Users/damithch/Repos/git-mastery/git-mastery.github.io/lessons/tag/exercise-tags-push.md
2026-09-02T10:09:02.694Z - [36mverbose[39m: Rendering page: /Users/damithch/Repos/git-mastery/git-mastery.github.io/lessons/stage/exercise-stage-fright.md
2026-09-02T10:09:02.714Z - [36mverbose[39m: Rendering page: /Users/damithch/Repos/git-mastery/git-mastery.github.io/lessons/show/exercise-view-commits.md
2026-09-02T10:09:02.724Z - [36mverbose[39m: Rendering page: /Users/damithch/Repos/git-mastery/git-mastery.github.io/lessons/setRemote/exercise-link-me.md
2026-09-02T10:09:02.726Z - [36mverbose[39m: Rendering page: /Users/damithch/Repos/git-mastery/git-mastery.github.io/lessons/revert/exercise-sensors-revert.md
2026-09-02T10:09:02.734Z - [36mverbose[39m: Rendering page: /Users/damithch/Repos/git-mastery/git-mastery.github.io/lessons/reset/exercise-sensors-reset.md
2026-09-02T10:09:02.758Z - [36mverbose[39m: Rendering page: /Users/damithch/Repos/git-mastery/git-mastery.github.io/lessons/remoteBranchRename/exercise-remote-branch-rename.md
2026-09-02T10:09:02.761Z - [36mverbose[39m: Rendering page: /Users/damithch/Repos/git-mastery/git-mastery.github.io/lessons/remoteBranchRename/exercise-glossary-branch-rename.md
2026-09-02T10:09:02.762Z - [36mverbose[39m: Rendering page: /Users/damithch/Repos/git-mastery/git-mastery.github.io/lessons/remoteBranchPush/exercise-glossary-branch-push.md
2026-09-02T10:09:02.764Z - [36mverbose[39m: Rendering page: /Users/damithch/Repos/git-mastery/git-mastery.github.io/lessons/remoteBranchPull/exercise-glossary-branch-pull.md
2026-09-02T10:09:02.796Z - [36mverbose[39m: Rendering page: /Users/damithch/Repos/git-mastery/git-mastery.github.io/lessons/remoteBranchDelete/exercise-glossary-branch-delete.md
2026-09-02T10:09:02.798Z - [36mverbose[39m: Rendering page: /Users/damithch/Repos/git-mastery/git-mastery.github.io/lessons/push/exercise-push-over.md
2026-09-02T10:09:02.799Z - [36mverbose[39m: Rendering page: /Users/damithch/Repos/git-mastery/git-mastery.github.io/lessons/pull/exercise-fetch-and-pull.md
2026-09-02T10:09:02.808Z - [36mverbose[39m: Rendering page: /Users/damithch/Repos/git-mastery/git-mastery.github.io/lessons/prsCreate/exercise-create-pr-from-main.md
2026-09-02T10:09:02.829Z - [36mverbose[39m: Rendering page: /Users/damithch/Repos/git-mastery/git-mastery.github.io/lessons/mergeConflicts/exercise-conflict-mediator.md
2026-09-02T10:09:02.831Z - [36mverbose[39m: Rendering page: /Users/damithch/Repos/git-mastery/git-mastery.github.io/lessons/merge/exercise-merge-undo.md
2026-09-02T10:09:02.833Z - [36mverbose[39m: Rendering page: /Users/damithch/Repos/git-mastery/git-mastery.github.io/lessons/merge/exercise-merge-squash.md
2026-09-02T10:09:02.834Z - [36mverbose[39m: Rendering page: /Users/damithch/Repos/git-mastery/git-mastery.github.io/lessons/merge/exercise-ff-undo.md
2026-09-02T10:09:02.861Z - [36mverbose[39m: Rendering page: /Users/damithch/Repos/git-mastery/git-mastery.github.io/lessons/merge/exercise-branch-forward.md
2026-09-02T10:09:02.862Z - [36mverbose[39m: Rendering page: /Users/damithch/Repos/git-mastery/git-mastery.github.io/lessons/merge/exercise-branch-compare.md
2026-09-02T10:09:02.864Z - [36mverbose[39m: Rendering page: /Users/damithch/Repos/git-mastery/git-mastery.github.io/lessons/merge/exercise-branch-bender.md
2026-09-02T10:09:02.866Z - [36mverbose[39m: Rendering page: /Users/damithch/Repos/git-mastery/git-mastery.github.io/lessons/log/exercise-log-and-order.md
2026-09-02T10:09:02.886Z - [36mverbose[39m: Rendering page: /Users/damithch/Repos/git-mastery/git-mastery.github.io/lessons/init/exercise-under-control.md
2026-09-02T10:09:02.888Z - [36mverbose[39m: Rendering page: /Users/damithch/Repos/git-mastery/git-mastery.github.io/lessons/init/exercise-undo-init.md
2026-09-02T10:09:02.895Z - [36mverbose[39m: Rendering page: /Users/damithch/Repos/git-mastery/git-mastery.github.io/lessons/ignore/exercise-ignoring-somethings.md
2026-09-02T10:09:02.910Z - [36mverbose[39m: Rendering page: /Users/damithch/Repos/git-mastery/git-mastery.github.io/lessons/fork/exercise-fork-repo.md
2026-09-02T10:09:02.918Z - [36mverbose[39m: Rendering page: /Users/damithch/Repos/git-mastery/git-mastery.github.io/lessons/diff/exercise-sensors-diff.md
2026-09-02T10:09:02.919Z - [36mverbose[39m: Rendering page: /Users/damithch/Repos/git-mastery/git-mastery.github.io/lessons/createRemoteRepo/exercise-remote-control.md
2026-09-02T10:09:02.927Z - [36mverbose[39m: Rendering page: /Users/damithch/Repos/git-mastery/git-mastery.github.io/lessons/commit/exercise-staging-intervention.md
2026-09-02T10:09:02.942Z - [36mverbose[39m: Rendering page: /Users/damithch/Repos/git-mastery/git-mastery.github.io/lessons/commit/exercise-grocery-shopping.md
2026-09-02T10:09:02.952Z - [36mverbose[39m: Rendering page: /Users/damithch/Repos/git-mastery/git-mastery.github.io/lessons/checkout/exercise-sensors-checkout.md
2026-09-02T10:09:02.954Z - [36mverbose[39m: Rendering page: /Users/damithch/Repos/git-mastery/git-mastery.github.io/lessons/clone/exercise-clone-repo.md
2026-09-02T10:09:02.966Z - [36mverbose[39m: Rendering page: /Users/damithch/Repos/git-mastery/git-mastery.github.io/lessons/branchRename/exercise-branch-rename.md
2026-09-02T10:09:02.985Z - [36mverbose[39m: Rendering page: /Users/damithch/Repos/git-mastery/git-mastery.github.io/lessons/branchDelete/exercise-mix-messy-graph.md
2026-09-02T10:09:02.999Z - [36mverbose[39m: Rendering page: /Users/damithch/Repos/git-mastery/git-mastery.github.io/lessons/branchDelete/exercise-mix-messy-docs.md
2026-09-02T10:09:03.010Z - [36mverbose[39m: Rendering page: /Users/damithch/Repos/git-mastery/git-mastery.github.io/lessons/branchDelete/exercise-branch-delete.md
2026-09-02T10:09:03.016Z - [36mverbose[39m: Rendering page: /Users/damithch/Repos/git-mastery/git-mastery.github.io/lessons/branch/exercise-side-track.md
2026-09-02T10:09:03.021Z - [36mverbose[39m: Rendering page: /Users/damithch/Repos/git-mastery/git-mastery.github.io/lessons/branch/exercise-branch-previous.md
2026-09-02T10:09:03.023Z - [36mverbose[39m: Rendering page: /Users/damithch/Repos/git-mastery/git-mastery.github.io/versions/cs2113/index.md
2026-09-02T10:09:03.068Z - [36mverbose[39m: Rendering page: /Users/damithch/Repos/git-mastery/git-mastery.github.io/versions/cs2103/index.md
2026-09-02T10:09:03.339Z - [36mverbose[39m: Rendering page: /Users/damithch/Repos/git-mastery/git-mastery.github.io/lessons/worktrees/index.md
2026-09-02T10:09:03.348Z - [36mverbose[39m: Rendering page: /Users/damithch/Repos/git-mastery/git-mastery.github.io/lessons/workflows/index.md
2026-09-02T10:09:03.351Z - [36mverbose[39m: Rendering page: /Users/damithch/Repos/git-mastery/git-mastery.github.io/lessons/trail/workingWithRemotes/index.md
2026-09-02T10:09:03.368Z - [36mverbose[39m: Rendering page: /Users/damithch/Repos/git-mastery/git-mastery.github.io/lessons/trail/workingWithPrs/index.md
2026-09-02T10:09:04.246Z - [36mverbose[39m: Rendering page: /Users/damithch/Repos/git-mastery/git-mastery.github.io/lessons/trail/usingRevisionHistory/index.md
2026-09-02T10:09:04.290Z - [36mverbose[39m: Rendering page: /Users/damithch/Repos/git-mastery/git-mastery.github.io/lessons/trail/syncingBranches/index.md
2026-09-02T10:09:04.299Z - [36mverbose[39m: Rendering page: /Users/damithch/Repos/git-mastery/git-mastery.github.io/lessons/trail/remoteBranches/index.md
2026-09-02T10:09:04.313Z - [36mverbose[39m: Rendering page: /Users/damithch/Repos/git-mastery/git-mastery.github.io/lessons/trail/recordingFolderHistory/index.md
2026-09-02T10:09:04.981Z - [36mverbose[39m: Rendering page: /Users/damithch/Repos/git-mastery/git-mastery.github.io/lessons/trail/index.md
2026-09-02T10:09:04.990Z - [36mverbose[39m: Rendering page: /Users/damithch/Repos/git-mastery/git-mastery.github.io/lessons/trail/managingProjects/index.md
2026-09-02T10:09:04.996Z - [36mverbose[39m: Rendering page: /Users/damithch/Repos/git-mastery/git-mastery.github.io/lessons/trail/fineTuningHistory/index.md
2026-09-02T10:09:05.009Z - [36mverbose[39m: Rendering page: /Users/damithch/Repos/git-mastery/git-mastery.github.io/lessons/trail/branchingLocally/index.md
2026-09-02T10:09:05.352Z - [36mverbose[39m: Rendering page: /Users/damithch/Repos/git-mastery/git-mastery.github.io/lessons/template/index.md
2026-09-02T10:09:05.355Z - [36mverbose[39m: Rendering page: /Users/damithch/Repos/git-mastery/git-mastery.github.io/lessons/trail/backingUpOnCloud/index.md
2026-09-02T10:09:05.382Z - [36mverbose[39m: Rendering page: /Users/damithch/Repos/git-mastery/git-mastery.github.io/lessons/tag/index.md
2026-09-02T10:09:05.393Z - [36mverbose[39m: Rendering page: /Users/damithch/Repos/git-mastery/git-mastery.github.io/lessons/syncByRebase/index.md
2026-09-02T10:09:05.577Z - [36mverbose[39m: Rendering page: /Users/damithch/Repos/git-mastery/git-mastery.github.io/lessons/stage/index.md
2026-09-02T10:09:05.590Z - [36mverbose[39m: Rendering page: /Users/damithch/Repos/git-mastery/git-mastery.github.io/lessons/syncByMerge/index.md
2026-09-02T10:09:05.594Z - [36mverbose[39m: Rendering page: /Users/damithch/Repos/git-mastery/git-mastery.github.io/lessons/show/index.md
2026-09-02T10:09:05.606Z - [36mverbose[39m: Rendering page: /Users/damithch/Repos/git-mastery/git-mastery.github.io/lessons/setRemote/index.md
2026-09-02T10:09:05.736Z - [36mverbose[39m: Rendering page: /Users/damithch/Repos/git-mastery/git-mastery.github.io/lessons/revert/index.md
2026-09-02T10:09:05.742Z - [36mverbose[39m: Rendering page: /Users/damithch/Repos/git-mastery/git-mastery.github.io/lessons/selectiveStage/index.md
2026-09-02T10:09:05.746Z - [36mverbose[39m: Rendering page: /Users/damithch/Repos/git-mastery/git-mastery.github.io/lessons/reset/index.md
2026-09-02T10:09:05.800Z - [36mverbose[39m: Rendering page: /Users/damithch/Repos/git-mastery/git-mastery.github.io/lessons/remoteRepos/index.md
2026-09-02T10:09:05.856Z - [36mverbose[39m: Rendering page: /Users/damithch/Repos/git-mastery/git-mastery.github.io/lessons/remoteBranchRename/index.md
2026-09-02T10:09:05.860Z - [36mverbose[39m: Rendering page: /Users/damithch/Repos/git-mastery/git-mastery.github.io/lessons/remoteBranchPush/index.md
2026-09-02T10:09:05.867Z - [36mverbose[39m: Rendering page: /Users/damithch/Repos/git-mastery/git-mastery.github.io/lessons/remoteBranchPull/index.md
2026-09-02T10:09:05.875Z - [36mverbose[39m: Rendering page: /Users/damithch/Repos/git-mastery/git-mastery.github.io/lessons/remoteBranchDelete/index.md
2026-09-02T10:09:06.100Z - [36mverbose[39m: Rendering page: /Users/damithch/Repos/git-mastery/git-mastery.github.io/lessons/push/index.md
2026-09-02T10:09:06.111Z - [36mverbose[39m: Rendering page: /Users/damithch/Repos/git-mastery/git-mastery.github.io/lessons/pull/index.md
2026-09-02T10:09:06.124Z - [36mverbose[39m: Rendering page: /Users/damithch/Repos/git-mastery/git-mastery.github.io/lessons/prsReview/index.md
2026-09-02T10:09:06.129Z - [36mverbose[39m: Rendering page: /Users/damithch/Repos/git-mastery/git-mastery.github.io/lessons/prsMerge/index.md
2026-09-02T10:09:06.329Z - [36mverbose[39m: Rendering page: /Users/damithch/Repos/git-mastery/git-mastery.github.io/lessons/prsCreate/index.md
2026-09-02T10:09:06.339Z - [36mverbose[39m: Rendering page: /Users/damithch/Repos/git-mastery/git-mastery.github.io/lessons/mergeConflicts/index.md
2026-09-02T10:09:06.345Z - [36mverbose[39m: Rendering page: /Users/damithch/Repos/git-mastery/git-mastery.github.io/lessons/otherPmFeatures/index.md
2026-09-02T10:09:06.347Z - [36mverbose[39m: Rendering page: /Users/damithch/Repos/git-mastery/git-mastery.github.io/lessons/merge/index.md
2026-09-02T10:09:06.502Z - [36mverbose[39m: Rendering page: /Users/damithch/Repos/git-mastery/git-mastery.github.io/lessons/log/index.md
2026-09-02T10:09:06.512Z - [36mverbose[39m: Rendering page: /Users/damithch/Repos/git-mastery/git-mastery.github.io/lessons/intro/index.md
2026-09-02T10:09:06.515Z - [36mverbose[39m: Rendering page: /Users/damithch/Repos/git-mastery/git-mastery.github.io/lessons/interactiveRebase/index.md
2026-09-02T10:09:06.669Z - [36mverbose[39m: Rendering page: /Users/damithch/Repos/git-mastery/git-mastery.github.io/lessons/init/index.md
2026-09-02T10:09:06.807Z - [36mverbose[39m: Rendering page: /Users/damithch/Repos/git-mastery/git-mastery.github.io/lessons/index.md
2026-09-02T10:09:06.816Z - [36mverbose[39m: Rendering page: /Users/damithch/Repos/git-mastery/git-mastery.github.io/lessons/ignore/index.md
2026-09-02T10:09:06.824Z - [36mverbose[39m: Rendering page: /Users/damithch/Repos/git-mastery/git-mastery.github.io/lessons/githubPrep/index.md
2026-09-02T10:09:06.849Z - [36mverbose[39m: Rendering page: /Users/damithch/Repos/git-mastery/git-mastery.github.io/lessons/gitPrep/index.md
2026-09-02T10:09:06.917Z - [36mverbose[39m: Rendering page: /Users/damithch/Repos/git-mastery/git-mastery.github.io/lessons/forkingWorkflow/index.md
2026-09-02T10:09:06.936Z - [36mverbose[39m: Rendering page: /Users/damithch/Repos/git-mastery/git-mastery.github.io/lessons/diff/index.md
2026-09-02T10:09:06.944Z - [36mverbose[39m: Rendering page: /Users/damithch/Repos/git-mastery/git-mastery.github.io/lessons/fork/index.md
2026-09-02T10:09:06.965Z - [36mverbose[39m: Rendering page: /Users/damithch/Repos/git-mastery/git-mastery.github.io/lessons/createRemoteRepo/index.md
2026-09-02T10:09:07.075Z - [36mverbose[39m: Rendering page: /Users/damithch/Repos/git-mastery/git-mastery.github.io/lessons/commitMessage/index.md
2026-09-02T10:09:07.080Z - [36mverbose[39m: Rendering page: /Users/damithch/Repos/git-mastery/git-mastery.github.io/lessons/clone/index.md
2026-09-02T10:09:07.084Z - [36mverbose[39m: Rendering page: /Users/damithch/Repos/git-mastery/git-mastery.github.io/lessons/commit/index.md
2026-09-02T10:09:07.142Z - [36mverbose[39m: Rendering page: /Users/damithch/Repos/git-mastery/git-mastery.github.io/lessons/cherryPick/index.md
2026-09-02T10:09:07.228Z - [36mverbose[39m: Rendering page: /Users/damithch/Repos/git-mastery/git-mastery.github.io/lessons/checkout/index.md
2026-09-02T10:09:07.313Z - [36mverbose[39m: Rendering page: /Users/damithch/Repos/git-mastery/git-mastery.github.io/lessons/branchRename/index.md
2026-09-02T10:09:07.318Z - [36mverbose[39m: Rendering page: /Users/damithch/Repos/git-mastery/git-mastery.github.io/lessons/branchDelete/index.md
2026-09-02T10:09:07.336Z - [36mverbose[39m: Rendering page: /Users/damithch/Repos/git-mastery/git-mastery.github.io/lessons/branch/index.md
2026-09-02T10:09:07.348Z - [36mverbose[39m: Rendering page: /Users/damithch/Repos/git-mastery/git-mastery.github.io/index.md
2026-09-02T10:09:07.354Z - [32minfo[39m: Pages built
2026-09-02T10:09:07.428Z - [32minfo[39m: Site data built
2026-09-02T10:09:07.428Z - [32minfo[39m: Website generation complete! Total build time: 8.72s
2026-09-02T10:09:07.428Z - [32minfo[39m: Build success!
2026-09-02T10:11:29.835Z - [32minfo[39m: Website generation started at 18:11:29
2026-09-02T10:11:29.925Z - [32minfo[39m: Building assets...
2026-09-02T10:11:30.027Z - [32minfo[39m: Assets built
2026-09-02T10:11:30.028Z - [32minfo[39m: Generating pages...
2026-09-02T10:11:30.562Z - [36mverbose[39m: Rendering page: /Users/damithch/Repos/git-mastery/git-mastery.github.io/about/index.md
2026-09-02T10:11:30.572Z - [36mverbose[39m: Rendering page: /Users/damithch/Repos/git-mastery/git-mastery.github.io/faq/index.md
2026-09-02T10:11:30.576Z - [36mverbose[39m: Rendering page: /Users/damithch/Repos/git-mastery/git-mastery.github.io/companion-app/index.md
2026-09-02T10:11:30.592Z - [36mverbose[39m: Rendering page: /Users/damithch/Repos/git-mastery/git-mastery.github.io/exercises-directory/index.md
2026-09-02T10:11:33.461Z - [36mverbose[39m: Rendering page: /Users/damithch/Repos/git-mastery/git-mastery.github.io/versions/cs2113/insertions.md
2026-09-02T10:11:33.472Z - [36mverbose[39m: Rendering page: /Users/damithch/Repos/git-mastery/git-mastery.github.io/versions/cs2103/insertions.md
2026-09-02T10:11:33.475Z - [36mverbose[39m: Rendering page: /Users/damithch/Repos/git-mastery/git-mastery.github.io/lessons/tag/exercise-tags-update.md
2026-09-02T10:11:33.482Z - [36mverbose[39m: Rendering page: /Users/damithch/Repos/git-mastery/git-mastery.github.io/lessons/trail/all.md
2026-09-02T10:11:33.726Z - [36mverbose[39m: Rendering page: /Users/damithch/Repos/git-mastery/git-mastery.github.io/lessons/tag/exercise-tags-push.md
2026-09-02T10:11:33.728Z - [36mverbose[39m: Rendering page: /Users/damithch/Repos/git-mastery/git-mastery.github.io/lessons/tag/exercise-tags-add.md
2026-09-02T10:11:33.735Z - [36mverbose[39m: Rendering page: /Users/damithch/Repos/git-mastery/git-mastery.github.io/lessons/stage/exercise-stage-fright.md
2026-09-02T10:11:33.743Z - [36mverbose[39m: Rendering page: /Users/damithch/Repos/git-mastery/git-mastery.github.io/lessons/show/exercise-view-commits.md
2026-09-02T10:11:33.762Z - [36mverbose[39m: Rendering page: /Users/damithch/Repos/git-mastery/git-mastery.github.io/lessons/setRemote/exercise-link-me.md
2026-09-02T10:11:33.770Z - [36mverbose[39m: Rendering page: /Users/damithch/Repos/git-mastery/git-mastery.github.io/lessons/revert/exercise-sensors-revert.md
2026-09-02T10:11:33.772Z - [36mverbose[39m: Rendering page: /Users/damithch/Repos/git-mastery/git-mastery.github.io/lessons/reset/exercise-sensors-reset.md
2026-09-02T10:11:33.781Z - [36mverbose[39m: Rendering page: /Users/damithch/Repos/git-mastery/git-mastery.github.io/lessons/remoteBranchRename/exercise-remote-branch-rename.md
2026-09-02T10:11:33.806Z - [36mverbose[39m: Rendering page: /Users/damithch/Repos/git-mastery/git-mastery.github.io/lessons/remoteBranchRename/exercise-glossary-branch-rename.md
2026-09-02T10:11:33.808Z - [36mverbose[39m: Rendering page: /Users/damithch/Repos/git-mastery/git-mastery.github.io/lessons/remoteBranchPush/exercise-glossary-branch-push.md
2026-09-02T10:11:33.810Z - [36mverbose[39m: Rendering page: /Users/damithch/Repos/git-mastery/git-mastery.github.io/lessons/remoteBranchPull/exercise-glossary-branch-pull.md
2026-09-02T10:11:33.817Z - [36mverbose[39m: Rendering page: /Users/damithch/Repos/git-mastery/git-mastery.github.io/lessons/remoteBranchDelete/exercise-glossary-branch-delete.md
2026-09-02T10:11:33.841Z - [36mverbose[39m: Rendering page: /Users/damithch/Repos/git-mastery/git-mastery.github.io/lessons/push/exercise-push-over.md
2026-09-02T10:11:33.845Z - [36mverbose[39m: Rendering page: /Users/damithch/Repos/git-mastery/git-mastery.github.io/lessons/pull/exercise-fetch-and-pull.md
2026-09-02T10:11:33.847Z - [36mverbose[39m: Rendering page: /Users/damithch/Repos/git-mastery/git-mastery.github.io/lessons/prsCreate/exercise-create-pr-from-main.md
2026-09-02T10:11:33.855Z - [36mverbose[39m: Rendering page: /Users/damithch/Repos/git-mastery/git-mastery.github.io/lessons/mergeConflicts/exercise-conflict-mediator.md
2026-09-02T10:11:33.870Z - [36mverbose[39m: Rendering page: /Users/damithch/Repos/git-mastery/git-mastery.github.io/lessons/merge/exercise-merge-undo.md
2026-09-02T10:11:33.872Z - [36mverbose[39m: Rendering page: /Users/damithch/Repos/git-mastery/git-mastery.github.io/lessons/merge/exercise-merge-squash.md
2026-09-02T10:11:33.880Z - [36mverbose[39m: Rendering page: /Users/damithch/Repos/git-mastery/git-mastery.github.io/lessons/merge/exercise-ff-undo.md
2026-09-02T10:11:33.888Z - [36mverbose[39m: Rendering page: /Users/damithch/Repos/git-mastery/git-mastery.github.io/lessons/merge/exercise-branch-forward.md
2026-09-02T10:11:33.904Z - [36mverbose[39m: Rendering page: /Users/damithch/Repos/git-mastery/git-mastery.github.io/lessons/merge/exercise-branch-bender.md
2026-09-02T10:11:33.911Z - [36mverbose[39m: Rendering page: /Users/damithch/Repos/git-mastery/git-mastery.github.io/lessons/merge/exercise-branch-compare.md
2026-09-02T10:11:33.913Z - [36mverbose[39m: Rendering page: /Users/damithch/Repos/git-mastery/git-mastery.github.io/lessons/log/exercise-log-and-order.md
2026-09-02T10:11:33.915Z - [36mverbose[39m: Rendering page: /Users/damithch/Repos/git-mastery/git-mastery.github.io/lessons/init/exercise-undo-init.md
2026-09-02T10:11:33.941Z - [36mverbose[39m: Rendering page: /Users/damithch/Repos/git-mastery/git-mastery.github.io/lessons/init/exercise-under-control.md
2026-09-02T10:11:33.943Z - [36mverbose[39m: Rendering page: /Users/damithch/Repos/git-mastery/git-mastery.github.io/lessons/ignore/exercise-ignoring-somethings.md
2026-09-02T10:11:33.944Z - [36mverbose[39m: Rendering page: /Users/damithch/Repos/git-mastery/git-mastery.github.io/lessons/fork/exercise-fork-repo.md
2026-09-02T10:11:33.946Z - [36mverbose[39m: Rendering page: /Users/damithch/Repos/git-mastery/git-mastery.github.io/lessons/diff/exercise-sensors-diff.md
2026-09-02T10:11:33.972Z - [36mverbose[39m: Rendering page: /Users/damithch/Repos/git-mastery/git-mastery.github.io/lessons/createRemoteRepo/exercise-remote-control.md
2026-09-02T10:11:33.974Z - [36mverbose[39m: Rendering page: /Users/damithch/Repos/git-mastery/git-mastery.github.io/lessons/commit/exercise-staging-intervention.md
2026-09-02T10:11:33.984Z - [36mverbose[39m: Rendering page: /Users/damithch/Repos/git-mastery/git-mastery.github.io/lessons/commit/exercise-grocery-shopping.md
2026-09-02T10:11:33.986Z - [36mverbose[39m: Rendering page: /Users/damithch/Repos/git-mastery/git-mastery.github.io/lessons/clone/exercise-clone-repo.md
2026-09-02T10:11:34.014Z - [36mverbose[39m: Rendering page: /Users/damithch/Repos/git-mastery/git-mastery.github.io/lessons/checkout/exercise-sensors-checkout.md
2026-09-02T10:11:34.017Z - [36mverbose[39m: Rendering page: /Users/damithch/Repos/git-mastery/git-mastery.github.io/lessons/branchRename/exercise-branch-rename.md
2026-09-02T10:11:34.019Z - [36mverbose[39m: Rendering page: /Users/damithch/Repos/git-mastery/git-mastery.github.io/lessons/branchDelete/exercise-mix-messy-graph.md
2026-09-02T10:11:34.021Z - [36mverbose[39m: Rendering page: /Users/damithch/Repos/git-mastery/git-mastery.github.io/lessons/branchDelete/exercise-mix-messy-docs.md
2026-09-02T10:11:34.052Z - [36mverbose[39m: Rendering page: /Users/damithch/Repos/git-mastery/git-mastery.github.io/lessons/branchDelete/exercise-branch-delete.md
2026-09-02T10:11:34.055Z - [36mverbose[39m: Rendering page: /Users/damithch/Repos/git-mastery/git-mastery.github.io/lessons/branch/exercise-side-track.md
2026-09-02T10:11:34.058Z - [36mverbose[39m: Rendering page: /Users/damithch/Repos/git-mastery/git-mastery.github.io/lessons/branch/exercise-branch-previous.md
2026-09-02T10:11:34.062Z - [36mverbose[39m: Rendering page: /Users/damithch/Repos/git-mastery/git-mastery.github.io/versions/cs2113/index.md
2026-09-02T10:11:34.120Z - [36mverbose[39m: Rendering page: /Users/damithch/Repos/git-mastery/git-mastery.github.io/versions/cs2103/index.md
2026-09-02T10:11:34.381Z - [36mverbose[39m: Rendering page: /Users/damithch/Repos/git-mastery/git-mastery.github.io/lessons/workflows/index.md
2026-09-02T10:11:34.384Z - [36mverbose[39m: Rendering page: /Users/damithch/Repos/git-mastery/git-mastery.github.io/lessons/worktrees/index.md
2026-09-02T10:11:34.392Z - [36mverbose[39m: Rendering page: /Users/damithch/Repos/git-mastery/git-mastery.github.io/lessons/trail/workingWithRemotes/index.md
2026-09-02T10:11:34.808Z - [36mverbose[39m: Rendering page: /Users/damithch/Repos/git-mastery/git-mastery.github.io/lessons/trail/workingWithPrs/index.md
2026-09-02T10:11:34.926Z - [36mverbose[39m: Rendering page: /Users/damithch/Repos/git-mastery/git-mastery.github.io/lessons/trail/syncingBranches/index.md
2026-09-02T10:11:35.303Z - [36mverbose[39m: Rendering page: /Users/damithch/Repos/git-mastery/git-mastery.github.io/lessons/trail/usingRevisionHistory/index.md
2026-09-02T10:11:35.351Z - [36mverbose[39m: Rendering page: /Users/damithch/Repos/git-mastery/git-mastery.github.io/lessons/trail/remoteBranches/index.md
2026-09-02T10:11:35.554Z - [36mverbose[39m: Rendering page: /Users/damithch/Repos/git-mastery/git-mastery.github.io/lessons/trail/recordingFolderHistory/index.md
2026-09-02T10:11:35.663Z - [36mverbose[39m: Rendering page: /Users/damithch/Repos/git-mastery/git-mastery.github.io/lessons/trail/index.md
2026-09-02T10:11:35.674Z - [36mverbose[39m: Rendering page: /Users/damithch/Repos/git-mastery/git-mastery.github.io/lessons/trail/managingProjects/index.md
2026-09-02T10:11:36.047Z - [36mverbose[39m: Rendering page: /Users/damithch/Repos/git-mastery/git-mastery.github.io/lessons/trail/fineTuningHistory/index.md
2026-09-02T10:11:36.372Z - [36mverbose[39m: Rendering page: /Users/damithch/Repos/git-mastery/git-mastery.github.io/lessons/trail/branchingLocally/index.md
2026-09-02T10:11:36.415Z - [36mverbose[39m: Rendering page: /Users/damithch/Repos/git-mastery/git-mastery.github.io/lessons/template/index.md
2026-09-02T10:11:36.419Z - [36mverbose[39m: Rendering page: /Users/damithch/Repos/git-mastery/git-mastery.github.io/lessons/tag/index.md
2026-09-02T10:11:36.430Z - [36mverbose[39m: Rendering page: /Users/damithch/Repos/git-mastery/git-mastery.github.io/lessons/trail/backingUpOnCloud/index.md
2026-09-02T10:11:36.615Z - [36mverbose[39m: Rendering page: /Users/damithch/Repos/git-mastery/git-mastery.github.io/lessons/syncByMerge/index.md
2026-09-02T10:11:36.619Z - [36mverbose[39m: Rendering page: /Users/damithch/Repos/git-mastery/git-mastery.github.io/lessons/stage/index.md
2026-09-02T10:11:36.631Z - [36mverbose[39m: Rendering page: /Users/damithch/Repos/git-mastery/git-mastery.github.io/lessons/syncByRebase/index.md
2026-09-02T10:11:36.635Z - [36mverbose[39m: Rendering page: /Users/damithch/Repos/git-mastery/git-mastery.github.io/lessons/show/index.md
2026-09-02T10:11:36.796Z - [36mverbose[39m: Rendering page: /Users/damithch/Repos/git-mastery/git-mastery.github.io/lessons/setRemote/index.md
2026-09-02T10:11:36.803Z - [36mverbose[39m: Rendering page: /Users/damithch/Repos/git-mastery/git-mastery.github.io/lessons/selectiveStage/index.md
2026-09-02T10:11:36.806Z - [36mverbose[39m: Rendering page: /Users/damithch/Repos/git-mastery/git-mastery.github.io/lessons/revert/index.md
2026-09-02T10:11:36.813Z - [36mverbose[39m: Rendering page: /Users/damithch/Repos/git-mastery/git-mastery.github.io/lessons/reset/index.md
2026-09-02T10:11:36.906Z - [36mverbose[39m: Rendering page: /Users/damithch/Repos/git-mastery/git-mastery.github.io/lessons/remoteBranchRename/index.md
2026-09-02T10:11:36.911Z - [36mverbose[39m: Rendering page: /Users/damithch/Repos/git-mastery/git-mastery.github.io/lessons/remoteBranchPush/index.md
2026-09-02T10:11:36.915Z - [36mverbose[39m: Rendering page: /Users/damithch/Repos/git-mastery/git-mastery.github.io/lessons/remoteRepos/index.md
2026-09-02T10:11:36.917Z - [36mverbose[39m: Rendering page: /Users/damithch/Repos/git-mastery/git-mastery.github.io/lessons/remoteBranchPull/index.md
2026-09-02T10:11:37.109Z - [36mverbose[39m: Rendering page: /Users/damithch/Repos/git-mastery/git-mastery.github.io/lessons/remoteBranchDelete/index.md
2026-09-02T10:11:37.114Z - [36mverbose[39m: Rendering page: /Users/damithch/Repos/git-mastery/git-mastery.github.io/lessons/pull/index.md
2026-09-02T10:11:37.128Z - [36mverbose[39m: Rendering page: /Users/damithch/Repos/git-mastery/git-mastery.github.io/lessons/push/index.md
2026-09-02T10:11:37.138Z - [36mverbose[39m: Rendering page: /Users/damithch/Repos/git-mastery/git-mastery.github.io/lessons/prsReview/index.md
2026-09-02T10:11:37.286Z - [36mverbose[39m: Rendering page: /Users/damithch/Repos/git-mastery/git-mastery.github.io/lessons/prsMerge/index.md
2026-09-02T10:11:37.291Z - [36mverbose[39m: Rendering page: /Users/damithch/Repos/git-mastery/git-mastery.github.io/lessons/prsCreate/index.md
2026-09-02T10:11:37.302Z - [36mverbose[39m: Rendering page: /Users/damithch/Repos/git-mastery/git-mastery.github.io/lessons/otherPmFeatures/index.md
2026-09-02T10:11:37.305Z - [36mverbose[39m: Rendering page: /Users/damithch/Repos/git-mastery/git-mastery.github.io/lessons/mergeConflicts/index.md
2026-09-02T10:11:37.493Z - [36mverbose[39m: Rendering page: /Users/damithch/Repos/git-mastery/git-mastery.github.io/lessons/log/index.md
2026-09-02T10:11:37.502Z - [36mverbose[39m: Rendering page: /Users/damithch/Repos/git-mastery/git-mastery.github.io/lessons/merge/index.md
2026-09-02T10:11:37.515Z - [36mverbose[39m: Rendering page: /Users/damithch/Repos/git-mastery/git-mastery.github.io/lessons/intro/index.md
2026-09-02T10:11:37.518Z - [36mverbose[39m: Rendering page: /Users/damithch/Repos/git-mastery/git-mastery.github.io/lessons/interactiveRebase/index.md
2026-09-02T10:11:37.758Z - [36mverbose[39m: Rendering page: /Users/damithch/Repos/git-mastery/git-mastery.github.io/lessons/init/index.md
2026-09-02T10:11:37.793Z - [36mverbose[39m: Rendering page: /Users/damithch/Repos/git-mastery/git-mastery.github.io/lessons/index.md
2026-09-02T10:11:37.799Z - [36mverbose[39m: Rendering page: /Users/damithch/Repos/git-mastery/git-mastery.github.io/lessons/ignore/index.md
2026-09-02T10:11:37.868Z - [36mverbose[39m: Rendering page: /Users/damithch/Repos/git-mastery/git-mastery.github.io/lessons/githubPrep/index.md
2026-09-02T10:11:37.949Z - [36mverbose[39m: Rendering page: /Users/damithch/Repos/git-mastery/git-mastery.github.io/lessons/gitPrep/index.md
2026-09-02T10:11:37.960Z - [36mverbose[39m: Rendering page: /Users/damithch/Repos/git-mastery/git-mastery.github.io/lessons/forkingWorkflow/index.md
2026-09-02T10:11:37.964Z - [36mverbose[39m: Rendering page: /Users/damithch/Repos/git-mastery/git-mastery.github.io/lessons/fork/index.md
2026-09-02T10:11:37.969Z - [36mverbose[39m: Rendering page: /Users/damithch/Repos/git-mastery/git-mastery.github.io/lessons/diff/index.md
2026-09-02T10:11:38.099Z - [36mverbose[39m: Rendering page: /Users/damithch/Repos/git-mastery/git-mastery.github.io/lessons/createRemoteRepo/index.md
2026-09-02T10:11:38.104Z - [36mverbose[39m: Rendering page: /Users/damithch/Repos/git-mastery/git-mastery.github.io/lessons/commitMessage/index.md
2026-09-02T10:11:38.108Z - [36mverbose[39m: Rendering page: /Users/damithch/Repos/git-mastery/git-mastery.github.io/lessons/commit/index.md
2026-09-02T10:11:38.121Z - [36mverbose[39m: Rendering page: /Users/damithch/Repos/git-mastery/git-mastery.github.io/lessons/clone/index.md
2026-09-02T10:11:38.494Z - [36mverbose[39m: Rendering page: /Users/damithch/Repos/git-mastery/git-mastery.github.io/lessons/cherryPick/index.md
2026-09-02T10:11:38.503Z - [36mverbose[39m: Rendering page: /Users/damithch/Repos/git-mastery/git-mastery.github.io/lessons/checkout/index.md
2026-09-02T10:11:38.521Z - [36mverbose[39m: Rendering page: /Users/damithch/Repos/git-mastery/git-mastery.github.io/lessons/branchRename/index.md
2026-09-02T10:11:38.725Z - [36mverbose[39m: Rendering page: /Users/damithch/Repos/git-mastery/git-mastery.github.io/lessons/branchDelete/index.md
2026-09-02T10:11:38.742Z - [36mverbose[39m: Rendering page: /Users/damithch/Repos/git-mastery/git-mastery.github.io/index.md
2026-09-02T10:11:38.747Z - [36mverbose[39m: Rendering page: /Users/damithch/Repos/git-mastery/git-mastery.github.io/lessons/branch/index.md
2026-09-02T10:11:38.783Z - [32minfo[39m: Pages built
2026-09-02T10:11:38.950Z - [32minfo[39m: Site data built
2026-09-02T10:11:38.951Z - [32minfo[39m: Website generation complete! Total build time: 9.206s
2026-09-02T10:11:38.951Z - [32minfo[39m: Build success!
2026-09-02T10:11:48.578Z - [32minfo[39m: GitHub Actions deployment initiated. Check status at: https://github.com/git-mastery/git-mastery.github.io/actions
2026-09-02T10:11:48.578Z - [32minfo[39m: The website will be deployed at: git-mastery.org
2026-09-02T10:17:02.560Z - [32minfo[39m: Website generation started at 6:17:02 PM
2026-09-02T10:17:02.660Z - [32minfo[39m: Building assets...
2026-09-02T10:17:02.755Z - [32minfo[39m: Assets built
2026-09-02T10:17:02.755Z - [32minfo[39m: Generating pages...
2026-09-02T10:17:03.265Z - [36mverbose[39m: Rendering page: /Users/damithch/Repos/git-mastery/git-mastery.github.io/about/index.md
2026-09-02T10:17:03.274Z - [36mverbose[39m: Rendering page: /Users/damithch/Repos/git-mastery/git-mastery.github.io/faq/index.md
2026-09-02T10:17:03.277Z - [36mverbose[39m: Rendering page: /Users/damithch/Repos/git-mastery/git-mastery.github.io/companion-app/index.md
2026-09-02T10:17:03.294Z - [36mverbose[39m: Rendering page: /Users/damithch/Repos/git-mastery/git-mastery.github.io/exercises-directory/index.md
2026-09-02T10:17:06.156Z - [36mverbose[39m: Rendering page: /Users/damithch/Repos/git-mastery/git-mastery.github.io/versions/cs2113/insertions.md
2026-09-02T10:17:06.159Z - [36mverbose[39m: Rendering page: /Users/damithch/Repos/git-mastery/git-mastery.github.io/versions/cs2103/insertions.md
2026-09-02T10:17:06.183Z - [36mverbose[39m: Rendering page: /Users/damithch/Repos/git-mastery/git-mastery.github.io/lessons/tag/exercise-tags-update.md
2026-09-02T10:17:06.204Z - [36mverbose[39m: Rendering page: /Users/damithch/Repos/git-mastery/git-mastery.github.io/lessons/trail/all.md
2026-09-02T10:17:06.447Z - [36mverbose[39m: Rendering page: /Users/damithch/Repos/git-mastery/git-mastery.github.io/lessons/tag/exercise-tags-push.md
2026-09-02T10:17:06.450Z - [36mverbose[39m: Rendering page: /Users/damithch/Repos/git-mastery/git-mastery.github.io/lessons/tag/exercise-tags-add.md
2026-09-02T10:17:06.451Z - [36mverbose[39m: Rendering page: /Users/damithch/Repos/git-mastery/git-mastery.github.io/lessons/stage/exercise-stage-fright.md
2026-09-02T10:17:06.472Z - [36mverbose[39m: Rendering page: /Users/damithch/Repos/git-mastery/git-mastery.github.io/lessons/show/exercise-view-commits.md
2026-09-02T10:17:06.482Z - [36mverbose[39m: Rendering page: /Users/damithch/Repos/git-mastery/git-mastery.github.io/lessons/setRemote/exercise-link-me.md
2026-09-02T10:17:06.483Z - [36mverbose[39m: Rendering page: /Users/damithch/Repos/git-mastery/git-mastery.github.io/lessons/reset/exercise-sensors-reset.md
2026-09-02T10:17:06.492Z - [36mverbose[39m: Rendering page: /Users/damithch/Repos/git-mastery/git-mastery.github.io/lessons/revert/exercise-sensors-revert.md
2026-09-02T10:17:06.508Z - [36mverbose[39m: Rendering page: /Users/damithch/Repos/git-mastery/git-mastery.github.io/lessons/remoteBranchRename/exercise-remote-branch-rename.md
2026-09-02T10:17:06.519Z - [36mverbose[39m: Rendering page: /Users/damithch/Repos/git-mastery/git-mastery.github.io/lessons/remoteBranchPush/exercise-glossary-branch-push.md
2026-09-02T10:17:06.521Z - [36mverbose[39m: Rendering page: /Users/damithch/Repos/git-mastery/git-mastery.github.io/lessons/remoteBranchRename/exercise-glossary-branch-rename.md
2026-09-02T10:17:06.530Z - [36mverbose[39m: Rendering page: /Users/damithch/Repos/git-mastery/git-mastery.github.io/lessons/remoteBranchPull/exercise-glossary-branch-pull.md
2026-09-02T10:17:06.553Z - [36mverbose[39m: Rendering page: /Users/damithch/Repos/git-mastery/git-mastery.github.io/lessons/remoteBranchDelete/exercise-glossary-branch-delete.md
2026-09-02T10:17:06.563Z - [36mverbose[39m: Rendering page: /Users/damithch/Repos/git-mastery/git-mastery.github.io/lessons/prsCreate/exercise-create-pr-from-main.md
2026-09-02T10:17:06.565Z - [36mverbose[39m: Rendering page: /Users/damithch/Repos/git-mastery/git-mastery.github.io/lessons/push/exercise-push-over.md
2026-09-02T10:17:06.566Z - [36mverbose[39m: Rendering page: /Users/damithch/Repos/git-mastery/git-mastery.github.io/lessons/pull/exercise-fetch-and-pull.md
2026-09-02T10:17:06.587Z - [36mverbose[39m: Rendering page: /Users/damithch/Repos/git-mastery/git-mastery.github.io/lessons/mergeConflicts/exercise-conflict-mediator.md
2026-09-02T10:17:06.590Z - [36mverbose[39m: Rendering page: /Users/damithch/Repos/git-mastery/git-mastery.github.io/lessons/merge/exercise-merge-undo.md
2026-09-02T10:17:06.592Z - [36mverbose[39m: Rendering page: /Users/damithch/Repos/git-mastery/git-mastery.github.io/lessons/merge/exercise-ff-undo.md
2026-09-02T10:17:06.593Z - [36mverbose[39m: Rendering page: /Users/damithch/Repos/git-mastery/git-mastery.github.io/lessons/merge/exercise-merge-squash.md
2026-09-02T10:17:06.620Z - [36mverbose[39m: Rendering page: /Users/damithch/Repos/git-mastery/git-mastery.github.io/lessons/merge/exercise-branch-forward.md
2026-09-02T10:17:06.622Z - [36mverbose[39m: Rendering page: /Users/damithch/Repos/git-mastery/git-mastery.github.io/lessons/merge/exercise-branch-compare.md
2026-09-02T10:17:06.623Z - [36mverbose[39m: Rendering page: /Users/damithch/Repos/git-mastery/git-mastery.github.io/lessons/merge/exercise-branch-bender.md
2026-09-02T10:17:06.624Z - [36mverbose[39m: Rendering page: /Users/damithch/Repos/git-mastery/git-mastery.github.io/lessons/log/exercise-log-and-order.md
2026-09-02T10:17:06.650Z - [36mverbose[39m: Rendering page: /Users/damithch/Repos/git-mastery/git-mastery.github.io/lessons/init/exercise-undo-init.md
2026-09-02T10:17:06.651Z - [36mverbose[39m: Rendering page: /Users/damithch/Repos/git-mastery/git-mastery.github.io/lessons/fork/exercise-fork-repo.md
2026-09-02T10:17:06.653Z - [36mverbose[39m: Rendering page: /Users/damithch/Repos/git-mastery/git-mastery.github.io/lessons/init/exercise-under-control.md
2026-09-02T10:17:06.654Z - [36mverbose[39m: Rendering page: /Users/damithch/Repos/git-mastery/git-mastery.github.io/lessons/ignore/exercise-ignoring-somethings.md
2026-09-02T10:17:06.679Z - [36mverbose[39m: Rendering page: /Users/damithch/Repos/git-mastery/git-mastery.github.io/lessons/diff/exercise-sensors-diff.md
2026-09-02T10:17:06.681Z - [36mverbose[39m: Rendering page: /Users/damithch/Repos/git-mastery/git-mastery.github.io/lessons/commit/exercise-staging-intervention.md
2026-09-02T10:17:06.682Z - [36mverbose[39m: Rendering page: /Users/damithch/Repos/git-mastery/git-mastery.github.io/lessons/createRemoteRepo/exercise-remote-control.md
2026-09-02T10:17:06.684Z - [36mverbose[39m: Rendering page: /Users/damithch/Repos/git-mastery/git-mastery.github.io/lessons/commit/exercise-grocery-shopping.md
2026-09-02T10:17:06.718Z - [36mverbose[39m: Rendering page: /Users/damithch/Repos/git-mastery/git-mastery.github.io/lessons/clone/exercise-clone-repo.md
2026-09-02T10:17:06.720Z - [36mverbose[39m: Rendering page: /Users/damithch/Repos/git-mastery/git-mastery.github.io/lessons/checkout/exercise-sensors-checkout.md
2026-09-02T10:17:06.721Z - [36mverbose[39m: Rendering page: /Users/damithch/Repos/git-mastery/git-mastery.github.io/lessons/branchRename/exercise-branch-rename.md
2026-09-02T10:17:06.723Z - [36mverbose[39m: Rendering page: /Users/damithch/Repos/git-mastery/git-mastery.github.io/lessons/branchDelete/exercise-mix-messy-graph.md
2026-09-02T10:17:06.764Z - [36mverbose[39m: Rendering page: /Users/damithch/Repos/git-mastery/git-mastery.github.io/lessons/branchDelete/exercise-mix-messy-docs.md
2026-09-02T10:17:06.767Z - [36mverbose[39m: Rendering page: /Users/damithch/Repos/git-mastery/git-mastery.github.io/lessons/branchDelete/exercise-branch-delete.md
2026-09-02T10:17:06.768Z - [36mverbose[39m: Rendering page: /Users/damithch/Repos/git-mastery/git-mastery.github.io/lessons/branch/exercise-side-track.md
2026-09-02T10:17:06.771Z - [36mverbose[39m: Rendering page: /Users/damithch/Repos/git-mastery/git-mastery.github.io/lessons/branch/exercise-branch-previous.md
2026-09-02T10:17:06.833Z - [36mverbose[39m: Rendering page: /Users/damithch/Repos/git-mastery/git-mastery.github.io/versions/cs2113/index.md
2026-09-02T10:17:06.834Z - [36mverbose[39m: Rendering page: /Users/damithch/Repos/git-mastery/git-mastery.github.io/versions/cs2103/index.md
2026-09-02T10:17:06.835Z - [36mverbose[39m: Rendering page: /Users/damithch/Repos/git-mastery/git-mastery.github.io/lessons/worktrees/index.md
2026-09-02T10:17:07.103Z - [36mverbose[39m: Rendering page: /Users/damithch/Repos/git-mastery/git-mastery.github.io/lessons/workflows/index.md
2026-09-02T10:17:07.457Z - [36mverbose[39m: Rendering page: /Users/damithch/Repos/git-mastery/git-mastery.github.io/lessons/trail/workingWithRemotes/index.md
2026-09-02T10:17:07.533Z - [36mverbose[39m: Rendering page: /Users/damithch/Repos/git-mastery/git-mastery.github.io/lessons/trail/workingWithPrs/index.md
2026-09-02T10:17:07.548Z - [36mverbose[39m: Rendering page: /Users/damithch/Repos/git-mastery/git-mastery.github.io/lessons/trail/usingRevisionHistory/index.md
2026-09-02T10:17:08.055Z - [36mverbose[39m: Rendering page: /Users/damithch/Repos/git-mastery/git-mastery.github.io/lessons/trail/syncingBranches/index.md
2026-09-02T10:17:08.257Z - [36mverbose[39m: Rendering page: /Users/damithch/Repos/git-mastery/git-mastery.github.io/lessons/trail/remoteBranches/index.md
2026-09-02T10:17:08.270Z - [36mverbose[39m: Rendering page: /Users/damithch/Repos/git-mastery/git-mastery.github.io/lessons/trail/recordingFolderHistory/index.md
2026-09-02T10:17:08.317Z - [36mverbose[39m: Rendering page: /Users/damithch/Repos/git-mastery/git-mastery.github.io/lessons/trail/managingProjects/index.md
2026-09-02T10:17:08.325Z - [36mverbose[39m: Rendering page: /Users/damithch/Repos/git-mastery/git-mastery.github.io/lessons/trail/index.md
2026-09-02T10:17:09.395Z - [36mverbose[39m: Rendering page: /Users/damithch/Repos/git-mastery/git-mastery.github.io/lessons/trail/fineTuningHistory/index.md
2026-09-02T10:17:09.408Z - [36mverbose[39m: Rendering page: /Users/damithch/Repos/git-mastery/git-mastery.github.io/lessons/trail/branchingLocally/index.md
2026-09-02T10:17:09.456Z - [36mverbose[39m: Rendering page: /Users/damithch/Repos/git-mastery/git-mastery.github.io/lessons/trail/backingUpOnCloud/index.md
2026-09-02T10:17:09.487Z - [36mverbose[39m: Rendering page: /Users/damithch/Repos/git-mastery/git-mastery.github.io/lessons/template/index.md
2026-09-02T10:17:09.681Z - [36mverbose[39m: Rendering page: /Users/damithch/Repos/git-mastery/git-mastery.github.io/lessons/tag/index.md
2026-09-02T10:17:09.697Z - [36mverbose[39m: Rendering page: /Users/damithch/Repos/git-mastery/git-mastery.github.io/lessons/stage/index.md
2026-09-02T10:17:09.725Z - [36mverbose[39m: Rendering page: /Users/damithch/Repos/git-mastery/git-mastery.github.io/lessons/syncByMerge/index.md
2026-09-02T10:17:09.729Z - [36mverbose[39m: Rendering page: /Users/damithch/Repos/git-mastery/git-mastery.github.io/lessons/syncByRebase/index.md
2026-09-02T10:17:09.870Z - [36mverbose[39m: Rendering page: /Users/damithch/Repos/git-mastery/git-mastery.github.io/lessons/show/index.md
2026-09-02T10:17:09.880Z - [36mverbose[39m: Rendering page: /Users/damithch/Repos/git-mastery/git-mastery.github.io/lessons/setRemote/index.md
2026-09-02T10:17:09.888Z - [36mverbose[39m: Rendering page: /Users/damithch/Repos/git-mastery/git-mastery.github.io/lessons/revert/index.md
2026-09-02T10:17:09.893Z - [36mverbose[39m: Rendering page: /Users/damithch/Repos/git-mastery/git-mastery.github.io/lessons/selectiveStage/index.md
2026-09-02T10:17:10.020Z - [36mverbose[39m: Rendering page: /Users/damithch/Repos/git-mastery/git-mastery.github.io/lessons/reset/index.md
2026-09-02T10:17:10.033Z - [36mverbose[39m: Rendering page: /Users/damithch/Repos/git-mastery/git-mastery.github.io/lessons/remoteBranchRename/index.md
2026-09-02T10:17:10.037Z - [36mverbose[39m: Rendering page: /Users/damithch/Repos/git-mastery/git-mastery.github.io/lessons/remoteBranchPush/index.md
2026-09-02T10:17:10.041Z - [36mverbose[39m: Rendering page: /Users/damithch/Repos/git-mastery/git-mastery.github.io/lessons/remoteRepos/index.md
2026-09-02T10:17:10.271Z - [36mverbose[39m: Rendering page: /Users/damithch/Repos/git-mastery/git-mastery.github.io/lessons/remoteBranchPull/index.md
2026-09-02T10:17:10.277Z - [36mverbose[39m: Rendering page: /Users/damithch/Repos/git-mastery/git-mastery.github.io/lessons/remoteBranchDelete/index.md
2026-09-02T10:17:10.281Z - [36mverbose[39m: Rendering page: /Users/damithch/Repos/git-mastery/git-mastery.github.io/lessons/push/index.md
2026-09-02T10:17:10.293Z - [36mverbose[39m: Rendering page: /Users/damithch/Repos/git-mastery/git-mastery.github.io/lessons/pull/index.md
2026-09-02T10:17:10.449Z - [36mverbose[39m: Rendering page: /Users/damithch/Repos/git-mastery/git-mastery.github.io/lessons/prsReview/index.md
2026-09-02T10:17:10.454Z - [36mverbose[39m: Rendering page: /Users/damithch/Repos/git-mastery/git-mastery.github.io/lessons/prsMerge/index.md
2026-09-02T10:17:10.459Z - [36mverbose[39m: Rendering page: /Users/damithch/Repos/git-mastery/git-mastery.github.io/lessons/prsCreate/index.md
2026-09-02T10:17:10.505Z - [36mverbose[39m: Rendering page: /Users/damithch/Repos/git-mastery/git-mastery.github.io/lessons/otherPmFeatures/index.md
2026-09-02T10:17:10.660Z - [36mverbose[39m: Rendering page: /Users/damithch/Repos/git-mastery/git-mastery.github.io/lessons/mergeConflicts/index.md
2026-09-02T10:17:10.678Z - [36mverbose[39m: Rendering page: /Users/damithch/Repos/git-mastery/git-mastery.github.io/lessons/merge/index.md
2026-09-02T10:17:10.692Z - [36mverbose[39m: Rendering page: /Users/damithch/Repos/git-mastery/git-mastery.github.io/lessons/log/index.md
2026-09-02T10:17:10.701Z - [36mverbose[39m: Rendering page: /Users/damithch/Repos/git-mastery/git-mastery.github.io/lessons/intro/index.md
2026-09-02T10:17:11.068Z - [36mverbose[39m: Rendering page: /Users/damithch/Repos/git-mastery/git-mastery.github.io/lessons/interactiveRebase/index.md
2026-09-02T10:17:11.075Z - [36mverbose[39m: Rendering page: /Users/damithch/Repos/git-mastery/git-mastery.github.io/lessons/init/index.md
2026-09-02T10:17:11.083Z - [36mverbose[39m: Rendering page: /Users/damithch/Repos/git-mastery/git-mastery.github.io/lessons/ignore/index.md
2026-09-02T10:17:11.094Z - [36mverbose[39m: Rendering page: /Users/damithch/Repos/git-mastery/git-mastery.github.io/lessons/index.md
2026-09-02T10:17:11.234Z - [36mverbose[39m: Rendering page: /Users/damithch/Repos/git-mastery/git-mastery.github.io/lessons/githubPrep/index.md
2026-09-02T10:17:11.241Z - [36mverbose[39m: Rendering page: /Users/damithch/Repos/git-mastery/git-mastery.github.io/lessons/gitPrep/index.md
2026-09-02T10:17:11.253Z - [36mverbose[39m: Rendering page: /Users/damithch/Repos/git-mastery/git-mastery.github.io/lessons/fork/index.md
2026-09-02T10:17:11.257Z - [36mverbose[39m: Rendering page: /Users/damithch/Repos/git-mastery/git-mastery.github.io/lessons/forkingWorkflow/index.md
2026-09-02T10:17:11.439Z - [36mverbose[39m: Rendering page: /Users/damithch/Repos/git-mastery/git-mastery.github.io/lessons/diff/index.md
2026-09-02T10:17:11.450Z - [36mverbose[39m: Rendering page: /Users/damithch/Repos/git-mastery/git-mastery.github.io/lessons/createRemoteRepo/index.md
2026-09-02T10:17:11.455Z - [36mverbose[39m: Rendering page: /Users/damithch/Repos/git-mastery/git-mastery.github.io/lessons/commitMessage/index.md
2026-09-02T10:17:11.461Z - [36mverbose[39m: Rendering page: /Users/damithch/Repos/git-mastery/git-mastery.github.io/lessons/commit/index.md
2026-09-02T10:17:11.604Z - [36mverbose[39m: Rendering page: /Users/damithch/Repos/git-mastery/git-mastery.github.io/lessons/clone/index.md
2026-09-02T10:17:11.609Z - [36mverbose[39m: Rendering page: /Users/damithch/Repos/git-mastery/git-mastery.github.io/lessons/cherryPick/index.md
2026-09-02T10:17:11.614Z - [36mverbose[39m: Rendering page: /Users/damithch/Repos/git-mastery/git-mastery.github.io/lessons/branchRename/index.md
2026-09-02T10:17:11.621Z - [36mverbose[39m: Rendering page: /Users/damithch/Repos/git-mastery/git-mastery.github.io/lessons/checkout/index.md
2026-09-02T10:17:11.813Z - [36mverbose[39m: Rendering page: /Users/damithch/Repos/git-mastery/git-mastery.github.io/lessons/branchDelete/index.md
2026-09-02T10:17:11.822Z - [36mverbose[39m: Rendering page: /Users/damithch/Repos/git-mastery/git-mastery.github.io/index.md
2026-09-02T10:17:11.824Z - [36mverbose[39m: Rendering page: /Users/damithch/Repos/git-mastery/git-mastery.github.io/lessons/branch/index.md
2026-09-02T10:17:11.843Z - [32minfo[39m: Pages built
2026-09-02T10:17:11.925Z - [32minfo[39m: Site data built
2026-09-02T10:17:11.925Z - [32minfo[39m: Website generation complete! Total build time: 9.449s
2026-09-02T10:17:11.925Z - [32minfo[39m: Build success!
2026-09-02T10:24:11.200Z - [32minfo[39m: Website generation started at 6:24:11 PM
2026-09-02T10:24:11.332Z - [32minfo[39m: Building assets...
2026-09-02T10:24:11.440Z - [32minfo[39m: Assets built
2026-09-02T10:24:11.441Z - [32minfo[39m: Generating pages...
2026-09-02T10:24:12.815Z - [36mverbose[39m: Rendering page: /Users/damithch/Repos/git-mastery/git-mastery.github.io/exercises-directory/index.md
2026-09-02T10:24:12.853Z - [36mverbose[39m: Rendering page: /Users/damithch/Repos/git-mastery/git-mastery.github.io/about/index.md
2026-09-02T10:24:12.855Z - [36mverbose[39m: Rendering page: /Users/damithch/Repos/git-mastery/git-mastery.github.io/faq/index.md
2026-09-02T10:24:12.857Z - [36mverbose[39m: Rendering page: /Users/damithch/Repos/git-mastery/git-mastery.github.io/companion-app/index.md
2026-09-02T10:24:16.499Z - [36mverbose[39m: Rendering page: /Users/damithch/Repos/git-mastery/git-mastery.github.io/versions/cs2103/insertions.md
2026-09-02T10:24:16.515Z - [36mverbose[39m: Rendering page: /Users/damithch/Repos/git-mastery/git-mastery.github.io/versions/cs2113/insertions.md
2026-09-02T10:24:16.547Z - [36mverbose[39m: Rendering page: /Users/damithch/Repos/git-mastery/git-mastery.github.io/lessons/tag/exercise-tags-update.md
2026-09-02T10:24:16.550Z - [36mverbose[39m: Rendering page: /Users/damithch/Repos/git-mastery/git-mastery.github.io/lessons/trail/all.md
2026-09-02T10:24:16.887Z - [36mverbose[39m: Rendering page: /Users/damithch/Repos/git-mastery/git-mastery.github.io/lessons/tag/exercise-tags-push.md
2026-09-02T10:24:16.895Z - [36mverbose[39m: Rendering page: /Users/damithch/Repos/git-mastery/git-mastery.github.io/lessons/tag/exercise-tags-add.md
2026-09-02T10:24:16.915Z - [36mverbose[39m: Rendering page: /Users/damithch/Repos/git-mastery/git-mastery.github.io/lessons/stage/exercise-stage-fright.md
2026-09-02T10:24:16.917Z - [36mverbose[39m: Rendering page: /Users/damithch/Repos/git-mastery/git-mastery.github.io/lessons/show/exercise-view-commits.md
2026-09-02T10:24:16.918Z - [36mverbose[39m: Rendering page: /Users/damithch/Repos/git-mastery/git-mastery.github.io/lessons/setRemote/exercise-link-me.md
2026-09-02T10:24:16.921Z - [36mverbose[39m: Rendering page: /Users/damithch/Repos/git-mastery/git-mastery.github.io/lessons/revert/exercise-sensors-revert.md
2026-09-02T10:24:16.949Z - [36mverbose[39m: Rendering page: /Users/damithch/Repos/git-mastery/git-mastery.github.io/lessons/reset/exercise-sensors-reset.md
2026-09-02T10:24:16.951Z - [36mverbose[39m: Rendering page: /Users/damithch/Repos/git-mastery/git-mastery.github.io/lessons/remoteBranchRename/exercise-glossary-branch-rename.md
2026-09-02T10:24:16.952Z - [36mverbose[39m: Rendering page: /Users/damithch/Repos/git-mastery/git-mastery.github.io/lessons/remoteBranchRename/exercise-remote-branch-rename.md
2026-09-02T10:24:16.962Z - [36mverbose[39m: Rendering page: /Users/damithch/Repos/git-mastery/git-mastery.github.io/lessons/remoteBranchPush/exercise-glossary-branch-push.md
2026-09-02T10:24:16.976Z - [36mverbose[39m: Rendering page: /Users/damithch/Repos/git-mastery/git-mastery.github.io/lessons/remoteBranchPull/exercise-glossary-branch-pull.md
2026-09-02T10:24:16.984Z - [36mverbose[39m: Rendering page: /Users/damithch/Repos/git-mastery/git-mastery.github.io/lessons/remoteBranchDelete/exercise-glossary-branch-delete.md
2026-09-02T10:24:16.986Z - [36mverbose[39m: Rendering page: /Users/damithch/Repos/git-mastery/git-mastery.github.io/lessons/push/exercise-push-over.md
2026-09-02T10:24:16.987Z - [36mverbose[39m: Rendering page: /Users/damithch/Repos/git-mastery/git-mastery.github.io/lessons/pull/exercise-fetch-and-pull.md
2026-09-02T10:24:17.017Z - [36mverbose[39m: Rendering page: /Users/damithch/Repos/git-mastery/git-mastery.github.io/lessons/prsCreate/exercise-create-pr-from-main.md
2026-09-02T10:24:17.019Z - [36mverbose[39m: Rendering page: /Users/damithch/Repos/git-mastery/git-mastery.github.io/lessons/merge/exercise-merge-undo.md
2026-09-02T10:24:17.021Z - [36mverbose[39m: Rendering page: /Users/damithch/Repos/git-mastery/git-mastery.github.io/lessons/mergeConflicts/exercise-conflict-mediator.md
2026-09-02T10:24:17.022Z - [36mverbose[39m: Rendering page: /Users/damithch/Repos/git-mastery/git-mastery.github.io/lessons/merge/exercise-merge-squash.md
2026-09-02T10:24:17.046Z - [36mverbose[39m: Rendering page: /Users/damithch/Repos/git-mastery/git-mastery.github.io/lessons/merge/exercise-ff-undo.md
2026-09-02T10:24:17.048Z - [36mverbose[39m: Rendering page: /Users/damithch/Repos/git-mastery/git-mastery.github.io/lessons/merge/exercise-branch-forward.md
2026-09-02T10:24:17.050Z - [36mverbose[39m: Rendering page: /Users/damithch/Repos/git-mastery/git-mastery.github.io/lessons/merge/exercise-branch-compare.md
2026-09-02T10:24:17.051Z - [36mverbose[39m: Rendering page: /Users/damithch/Repos/git-mastery/git-mastery.github.io/lessons/merge/exercise-branch-bender.md
2026-09-02T10:24:17.071Z - [36mverbose[39m: Rendering page: /Users/damithch/Repos/git-mastery/git-mastery.github.io/lessons/log/exercise-log-and-order.md
2026-09-02T10:24:17.079Z - [36mverbose[39m: Rendering page: /Users/damithch/Repos/git-mastery/git-mastery.github.io/lessons/init/exercise-undo-init.md
2026-09-02T10:24:17.080Z - [36mverbose[39m: Rendering page: /Users/damithch/Repos/git-mastery/git-mastery.github.io/lessons/init/exercise-under-control.md
2026-09-02T10:24:17.087Z - [36mverbose[39m: Rendering page: /Users/damithch/Repos/git-mastery/git-mastery.github.io/lessons/ignore/exercise-ignoring-somethings.md
2026-09-02T10:24:17.105Z - [36mverbose[39m: Rendering page: /Users/damithch/Repos/git-mastery/git-mastery.github.io/lessons/fork/exercise-fork-repo.md
2026-09-02T10:24:17.106Z - [36mverbose[39m: Rendering page: /Users/damithch/Repos/git-mastery/git-mastery.github.io/lessons/diff/exercise-sensors-diff.md
2026-09-02T10:24:17.108Z - [36mverbose[39m: Rendering page: /Users/damithch/Repos/git-mastery/git-mastery.github.io/lessons/createRemoteRepo/exercise-remote-control.md
2026-09-02T10:24:17.114Z - [36mverbose[39m: Rendering page: /Users/damithch/Repos/git-mastery/git-mastery.github.io/lessons/commit/exercise-staging-intervention.md
2026-09-02T10:24:17.135Z - [36mverbose[39m: Rendering page: /Users/damithch/Repos/git-mastery/git-mastery.github.io/lessons/commit/exercise-grocery-shopping.md
2026-09-02T10:24:17.138Z - [36mverbose[39m: Rendering page: /Users/damithch/Repos/git-mastery/git-mastery.github.io/lessons/clone/exercise-clone-repo.md
2026-09-02T10:24:17.140Z - [36mverbose[39m: Rendering page: /Users/damithch/Repos/git-mastery/git-mastery.github.io/lessons/checkout/exercise-sensors-checkout.md
2026-09-02T10:24:17.141Z - [36mverbose[39m: Rendering page: /Users/damithch/Repos/git-mastery/git-mastery.github.io/lessons/branchRename/exercise-branch-rename.md
2026-09-02T10:24:17.168Z - [36mverbose[39m: Rendering page: /Users/damithch/Repos/git-mastery/git-mastery.github.io/lessons/branchDelete/exercise-mix-messy-graph.md
2026-09-02T10:24:17.180Z - [36mverbose[39m: Rendering page: /Users/damithch/Repos/git-mastery/git-mastery.github.io/lessons/branchDelete/exercise-mix-messy-docs.md
2026-09-02T10:24:17.183Z - [36mverbose[39m: Rendering page: /Users/damithch/Repos/git-mastery/git-mastery.github.io/lessons/branchDelete/exercise-branch-delete.md
2026-09-02T10:24:17.194Z - [36mverbose[39m: Rendering page: /Users/damithch/Repos/git-mastery/git-mastery.github.io/lessons/branch/exercise-side-track.md
2026-09-02T10:24:17.198Z - [36mverbose[39m: Rendering page: /Users/damithch/Repos/git-mastery/git-mastery.github.io/lessons/branch/exercise-branch-previous.md
2026-09-02T10:24:17.240Z - [36mverbose[39m: Rendering page: /Users/damithch/Repos/git-mastery/git-mastery.github.io/versions/cs2113/index.md
2026-09-02T10:24:17.241Z - [36mverbose[39m: Rendering page: /Users/damithch/Repos/git-mastery/git-mastery.github.io/versions/cs2103/index.md
2026-09-02T10:24:17.503Z - [36mverbose[39m: Rendering page: /Users/damithch/Repos/git-mastery/git-mastery.github.io/lessons/worktrees/index.md
2026-09-02T10:24:17.513Z - [36mverbose[39m: Rendering page: /Users/damithch/Repos/git-mastery/git-mastery.github.io/lessons/workflows/index.md
2026-09-02T10:24:17.515Z - [36mverbose[39m: Rendering page: /Users/damithch/Repos/git-mastery/git-mastery.github.io/lessons/trail/workingWithRemotes/index.md
2026-09-02T10:24:17.858Z - [36mverbose[39m: Rendering page: /Users/damithch/Repos/git-mastery/git-mastery.github.io/lessons/trail/workingWithPrs/index.md
2026-09-02T10:24:18.375Z - [36mverbose[39m: Rendering page: /Users/damithch/Repos/git-mastery/git-mastery.github.io/lessons/trail/usingRevisionHistory/index.md
2026-09-02T10:24:18.422Z - [36mverbose[39m: Rendering page: /Users/damithch/Repos/git-mastery/git-mastery.github.io/lessons/trail/syncingBranches/index.md
2026-09-02T10:24:18.431Z - [36mverbose[39m: Rendering page: /Users/damithch/Repos/git-mastery/git-mastery.github.io/lessons/trail/remoteBranches/index.md
2026-09-02T10:24:18.486Z - [36mverbose[39m: Rendering page: /Users/damithch/Repos/git-mastery/git-mastery.github.io/lessons/trail/recordingFolderHistory/index.md
2026-09-02T10:25:21.784Z - [36mverbose[39m: Rendering page: /Users/damithch/Repos/git-mastery/git-mastery.github.io/lessons/trail/managingProjects/index.md
2026-09-02T10:25:22.128Z - [36mverbose[39m: Rendering page: /Users/damithch/Repos/git-mastery/git-mastery.github.io/lessons/trail/index.md
2026-09-02T10:25:22.434Z - [36mverbose[39m: Rendering page: /Users/damithch/Repos/git-mastery/git-mastery.github.io/lessons/trail/fineTuningHistory/index.md
2026-09-02T10:25:22.466Z - [36mverbose[39m: Rendering page: /Users/damithch/Repos/git-mastery/git-mastery.github.io/lessons/trail/branchingLocally/index.md
2026-09-02T10:25:22.590Z - [36mverbose[39m: Rendering page: /Users/damithch/Repos/git-mastery/git-mastery.github.io/lessons/trail/backingUpOnCloud/index.md
2026-09-02T10:25:22.617Z - [36mverbose[39m: Rendering page: /Users/damithch/Repos/git-mastery/git-mastery.github.io/lessons/template/index.md
2026-09-02T10:25:22.651Z - [36mverbose[39m: Rendering page: /Users/damithch/Repos/git-mastery/git-mastery.github.io/lessons/tag/index.md
2026-09-02T10:25:22.741Z - [36mverbose[39m: Rendering page: /Users/damithch/Repos/git-mastery/git-mastery.github.io/lessons/syncByRebase/index.md
2026-09-02T10:25:22.793Z - [36mverbose[39m: Rendering page: /Users/damithch/Repos/git-mastery/git-mastery.github.io/lessons/syncByMerge/index.md
2026-09-02T10:25:22.797Z - [36mverbose[39m: Rendering page: /Users/damithch/Repos/git-mastery/git-mastery.github.io/lessons/stage/index.md
2026-09-02T10:25:22.848Z - [36mverbose[39m: Rendering page: /Users/damithch/Repos/git-mastery/git-mastery.github.io/lessons/show/index.md
2026-09-02T10:25:22.966Z - [36mverbose[39m: Rendering page: /Users/damithch/Repos/git-mastery/git-mastery.github.io/lessons/setRemote/index.md
2026-09-02T10:25:22.974Z - [36mverbose[39m: Rendering page: /Users/damithch/Repos/git-mastery/git-mastery.github.io/lessons/selectiveStage/index.md
2026-09-02T10:25:22.978Z - [36mverbose[39m: Rendering page: /Users/damithch/Repos/git-mastery/git-mastery.github.io/lessons/revert/index.md
2026-09-02T10:25:22.990Z - [36mverbose[39m: Rendering page: /Users/damithch/Repos/git-mastery/git-mastery.github.io/lessons/reset/index.md
2026-09-02T10:25:23.070Z - [36mverbose[39m: Rendering page: /Users/damithch/Repos/git-mastery/git-mastery.github.io/lessons/remoteRepos/index.md
2026-09-02T10:25:23.072Z - [36mverbose[39m: Rendering page: /Users/damithch/Repos/git-mastery/git-mastery.github.io/lessons/remoteBranchRename/index.md
2026-09-02T10:25:23.076Z - [36mverbose[39m: Rendering page: /Users/damithch/Repos/git-mastery/git-mastery.github.io/lessons/remoteBranchPush/index.md
2026-09-02T10:25:23.100Z - [36mverbose[39m: Rendering page: /Users/damithch/Repos/git-mastery/git-mastery.github.io/lessons/remoteBranchPull/index.md
2026-09-02T10:25:23.246Z - [36mverbose[39m: Rendering page: /Users/damithch/Repos/git-mastery/git-mastery.github.io/lessons/remoteBranchDelete/index.md
2026-09-02T10:25:23.265Z - [36mverbose[39m: Rendering page: /Users/damithch/Repos/git-mastery/git-mastery.github.io/lessons/push/index.md
2026-09-02T10:25:23.276Z - [36mverbose[39m: Rendering page: /Users/damithch/Repos/git-mastery/git-mastery.github.io/lessons/pull/index.md
2026-09-02T10:25:23.384Z - [36mverbose[39m: Rendering page: /Users/damithch/Repos/git-mastery/git-mastery.github.io/lessons/prsReview/index.md
2026-09-02T10:25:23.426Z - [36mverbose[39m: Rendering page: /Users/damithch/Repos/git-mastery/git-mastery.github.io/lessons/prsMerge/index.md
2026-09-02T10:25:23.431Z - [36mverbose[39m: Rendering page: /Users/damithch/Repos/git-mastery/git-mastery.github.io/lessons/prsCreate/index.md
2026-09-02T10:25:23.440Z - [36mverbose[39m: Rendering page: /Users/damithch/Repos/git-mastery/git-mastery.github.io/lessons/otherPmFeatures/index.md
2026-09-02T10:25:23.573Z - [36mverbose[39m: Rendering page: /Users/damithch/Repos/git-mastery/git-mastery.github.io/lessons/mergeConflicts/index.md
2026-09-02T10:25:23.589Z - [36mverbose[39m: Rendering page: /Users/damithch/Repos/git-mastery/git-mastery.github.io/lessons/merge/index.md
2026-09-02T10:25:23.625Z - [36mverbose[39m: Rendering page: /Users/damithch/Repos/git-mastery/git-mastery.github.io/lessons/log/index.md
2026-09-02T10:25:23.675Z - [36mverbose[39m: Rendering page: /Users/damithch/Repos/git-mastery/git-mastery.github.io/lessons/intro/index.md
2026-09-02T10:25:23.809Z - [36mverbose[39m: Rendering page: /Users/damithch/Repos/git-mastery/git-mastery.github.io/lessons/interactiveRebase/index.md
2026-09-02T10:25:23.858Z - [36mverbose[39m: Rendering page: /Users/damithch/Repos/git-mastery/git-mastery.github.io/lessons/init/index.md
2026-09-02T10:25:23.889Z - [36mverbose[39m: Rendering page: /Users/damithch/Repos/git-mastery/git-mastery.github.io/lessons/index.md
2026-09-02T10:25:23.896Z - [36mverbose[39m: Rendering page: /Users/damithch/Repos/git-mastery/git-mastery.github.io/lessons/ignore/index.md
2026-09-02T10:25:23.973Z - [36mverbose[39m: Rendering page: /Users/damithch/Repos/git-mastery/git-mastery.github.io/lessons/githubPrep/index.md
2026-09-02T10:25:23.993Z - [36mverbose[39m: Rendering page: /Users/damithch/Repos/git-mastery/git-mastery.github.io/lessons/forkingWorkflow/index.md
2026-09-02T10:25:24.036Z - [36mverbose[39m: Rendering page: /Users/damithch/Repos/git-mastery/git-mastery.github.io/lessons/gitPrep/index.md
2026-09-02T10:25:24.046Z - [36mverbose[39m: Rendering page: /Users/damithch/Repos/git-mastery/git-mastery.github.io/lessons/fork/index.md
2026-09-02T10:25:24.079Z - [36mverbose[39m: Rendering page: /Users/damithch/Repos/git-mastery/git-mastery.github.io/lessons/diff/index.md
2026-09-02T10:25:24.147Z - [36mverbose[39m: Rendering page: /Users/damithch/Repos/git-mastery/git-mastery.github.io/lessons/createRemoteRepo/index.md
2026-09-02T10:25:24.170Z - [36mverbose[39m: Rendering page: /Users/damithch/Repos/git-mastery/git-mastery.github.io/lessons/commitMessage/index.md
2026-09-02T10:25:24.190Z - [36mverbose[39m: Rendering page: /Users/damithch/Repos/git-mastery/git-mastery.github.io/lessons/commit/index.md
2026-09-02T10:25:24.248Z - [36mverbose[39m: Rendering page: /Users/damithch/Repos/git-mastery/git-mastery.github.io/lessons/clone/index.md
2026-09-02T10:25:24.277Z - [36mverbose[39m: Rendering page: /Users/damithch/Repos/git-mastery/git-mastery.github.io/lessons/cherryPick/index.md
2026-09-02T10:25:24.335Z - [36mverbose[39m: Rendering page: /Users/damithch/Repos/git-mastery/git-mastery.github.io/lessons/checkout/index.md
2026-09-02T10:25:24.345Z - [36mverbose[39m: Rendering page: /Users/damithch/Repos/git-mastery/git-mastery.github.io/lessons/branchRename/index.md
2026-09-02T10:25:24.421Z - [36mverbose[39m: Rendering page: /Users/damithch/Repos/git-mastery/git-mastery.github.io/lessons/branchDelete/index.md
2026-09-02T10:25:24.440Z - [36mverbose[39m: Rendering page: /Users/damithch/Repos/git-mastery/git-mastery.github.io/lessons/branch/index.md
2026-09-02T10:25:24.450Z - [36mverbose[39m: Rendering page: /Users/damithch/Repos/git-mastery/git-mastery.github.io/index.md
2026-09-02T10:25:24.456Z - [32minfo[39m: Pages built
2026-09-02T10:25:24.529Z - [32minfo[39m: Site data built
2026-09-02T10:25:24.530Z - [32minfo[39m: Website generation complete! Total build time: 73.423s
2026-09-02T10:25:24.530Z - [32minfo[39m: Build success!
2026-09-02T10:31:33.709Z - [32minfo[39m: Website generation (lazy) started at 18:31:33
2026-09-02T10:31:33.794Z - [32minfo[39m: Building assets...
2026-09-02T10:31:33.895Z - [32minfo[39m: Assets built
2026-09-02T10:31:33.896Z - [32minfo[39m: Generating landing page...
2026-09-02T10:31:33.974Z - [36mverbose[39m: Rendering page: /Users/damithch/Repos/git-mastery/git-mastery.github.io/index.md
2026-09-02T10:31:33.986Z - [32minfo[39m: Landing page built, other pages will be built as you navigate to them!
2026-09-02T10:31:34.061Z - [32minfo[39m: Site data built
2026-09-02T10:31:34.061Z - [32minfo[39m: Website generation (lazy) complete! Total build time: 0.466s
2026-09-02T10:31:34.071Z - [32minfo[39m: Serving "/Users/damithch/Repos/git-mastery/git-mastery.github.io/_site" at http://127.0.0.1:8080
2026-09-02T10:31:34.071Z - [32minfo[39m: Press CTRL+C to stop ...
2026-09-02T10:31:37.650Z - [32minfo[39m: Building /Users/damithch/Repos/git-mastery/git-mastery.github.io/versions/cs2103/insertions as some of its dependencies were changed since the last visit
2026-09-02T10:31:37.687Z - [36mverbose[39m: Rendering page: /Users/damithch/Repos/git-mastery/git-mastery.github.io/versions/cs2103/insertions.md
2026-09-02T10:31:37.694Z - [32minfo[39m: Site data built
2026-09-02T10:31:37.694Z - [32minfo[39m: Lazy website regeneration complete! Total build time: 0.045s
2026-09-02T10:32:36.480Z - [32minfo[39m: Website generation started at 18:32:36
2026-09-02T10:32:36.566Z - [32minfo[39m: Building assets...
2026-09-02T10:32:36.665Z - [32minfo[39m: Assets built
2026-09-02T10:32:36.665Z - [32minfo[39m: Generating pages...
2026-09-02T10:32:37.188Z - [36mverbose[39m: Rendering page: /Users/damithch/Repos/git-mastery/git-mastery.github.io/companion-app/index.md
2026-09-02T10:32:37.211Z - [36mverbose[39m: Rendering page: /Users/damithch/Repos/git-mastery/git-mastery.github.io/faq/index.md
2026-09-02T10:32:37.213Z - [36mverbose[39m: Rendering page: /Users/damithch/Repos/git-mastery/git-mastery.github.io/exercises-directory/index.md
2026-09-02T10:32:37.245Z - [36mverbose[39m: Rendering page: /Users/damithch/Repos/git-mastery/git-mastery.github.io/about/index.md
2026-09-02T10:32:40.068Z - [36mverbose[39m: Rendering page: /Users/damithch/Repos/git-mastery/git-mastery.github.io/versions/cs2113/insertions.md
2026-09-02T10:32:40.070Z - [36mverbose[39m: Rendering page: /Users/damithch/Repos/git-mastery/git-mastery.github.io/versions/cs2103/insertions.md
2026-09-02T10:32:40.083Z - [36mverbose[39m: Rendering page: /Users/damithch/Repos/git-mastery/git-mastery.github.io/lessons/trail/all.md
2026-09-02T10:32:40.314Z - [36mverbose[39m: Rendering page: /Users/damithch/Repos/git-mastery/git-mastery.github.io/lessons/tag/exercise-tags-update.md
2026-09-02T10:32:40.333Z - [36mverbose[39m: Rendering page: /Users/damithch/Repos/git-mastery/git-mastery.github.io/lessons/tag/exercise-tags-add.md
2026-09-02T10:32:40.335Z - [36mverbose[39m: Rendering page: /Users/damithch/Repos/git-mastery/git-mastery.github.io/lessons/tag/exercise-tags-push.md
2026-09-02T10:32:40.344Z - [36mverbose[39m: Rendering page: /Users/damithch/Repos/git-mastery/git-mastery.github.io/lessons/stage/exercise-stage-fright.md
2026-09-02T10:32:40.360Z - [36mverbose[39m: Rendering page: /Users/damithch/Repos/git-mastery/git-mastery.github.io/lessons/show/exercise-view-commits.md
2026-09-02T10:32:40.362Z - [36mverbose[39m: Rendering page: /Users/damithch/Repos/git-mastery/git-mastery.github.io/lessons/setRemote/exercise-link-me.md
2026-09-02T10:32:40.372Z - [36mverbose[39m: Rendering page: /Users/damithch/Repos/git-mastery/git-mastery.github.io/lessons/revert/exercise-sensors-revert.md
2026-09-02T10:32:40.389Z - [36mverbose[39m: Rendering page: /Users/damithch/Repos/git-mastery/git-mastery.github.io/lessons/reset/exercise-sensors-reset.md
2026-09-02T10:32:40.397Z - [36mverbose[39m: Rendering page: /Users/damithch/Repos/git-mastery/git-mastery.github.io/lessons/remoteBranchRename/exercise-remote-branch-rename.md
2026-09-02T10:32:40.408Z - [36mverbose[39m: Rendering page: /Users/damithch/Repos/git-mastery/git-mastery.github.io/lessons/remoteBranchRename/exercise-glossary-branch-rename.md
2026-09-02T10:32:40.417Z - [36mverbose[39m: Rendering page: /Users/damithch/Repos/git-mastery/git-mastery.github.io/lessons/remoteBranchPush/exercise-glossary-branch-push.md
2026-09-02T10:32:40.419Z - [36mverbose[39m: Rendering page: /Users/damithch/Repos/git-mastery/git-mastery.github.io/lessons/remoteBranchPull/exercise-glossary-branch-pull.md
2026-09-02T10:32:40.427Z - [36mverbose[39m: Rendering page: /Users/damithch/Repos/git-mastery/git-mastery.github.io/lessons/remoteBranchDelete/exercise-glossary-branch-delete.md
2026-09-02T10:32:40.445Z - [36mverbose[39m: Rendering page: /Users/damithch/Repos/git-mastery/git-mastery.github.io/lessons/push/exercise-push-over.md
2026-09-02T10:32:40.454Z - [36mverbose[39m: Rendering page: /Users/damithch/Repos/git-mastery/git-mastery.github.io/lessons/pull/exercise-fetch-and-pull.md
2026-09-02T10:32:40.456Z - [36mverbose[39m: Rendering page: /Users/damithch/Repos/git-mastery/git-mastery.github.io/lessons/prsCreate/exercise-create-pr-from-main.md
2026-09-02T10:32:40.471Z - [36mverbose[39m: Rendering page: /Users/damithch/Repos/git-mastery/git-mastery.github.io/lessons/mergeConflicts/exercise-conflict-mediator.md
2026-09-02T10:32:40.481Z - [36mverbose[39m: Rendering page: /Users/damithch/Repos/git-mastery/git-mastery.github.io/lessons/merge/exercise-merge-undo.md
2026-09-02T10:32:40.488Z - [36mverbose[39m: Rendering page: /Users/damithch/Repos/git-mastery/git-mastery.github.io/lessons/merge/exercise-merge-squash.md
2026-09-02T10:32:40.490Z - [36mverbose[39m: Rendering page: /Users/damithch/Repos/git-mastery/git-mastery.github.io/lessons/merge/exercise-ff-undo.md
2026-09-02T10:32:40.511Z - [36mverbose[39m: Rendering page: /Users/damithch/Repos/git-mastery/git-mastery.github.io/lessons/merge/exercise-branch-forward.md
2026-09-02T10:32:40.513Z - [36mverbose[39m: Rendering page: /Users/damithch/Repos/git-mastery/git-mastery.github.io/lessons/merge/exercise-branch-compare.md
2026-09-02T10:32:40.515Z - [36mverbose[39m: Rendering page: /Users/damithch/Repos/git-mastery/git-mastery.github.io/lessons/merge/exercise-branch-bender.md
2026-09-02T10:32:40.521Z - [36mverbose[39m: Rendering page: /Users/damithch/Repos/git-mastery/git-mastery.github.io/lessons/log/exercise-log-and-order.md
2026-09-02T10:32:40.537Z - [36mverbose[39m: Rendering page: /Users/damithch/Repos/git-mastery/git-mastery.github.io/lessons/init/exercise-undo-init.md
2026-09-02T10:32:40.545Z - [36mverbose[39m: Rendering page: /Users/damithch/Repos/git-mastery/git-mastery.github.io/lessons/init/exercise-under-control.md
2026-09-02T10:32:40.553Z - [36mverbose[39m: Rendering page: /Users/damithch/Repos/git-mastery/git-mastery.github.io/lessons/ignore/exercise-ignoring-somethings.md
2026-09-02T10:32:40.555Z - [36mverbose[39m: Rendering page: /Users/damithch/Repos/git-mastery/git-mastery.github.io/lessons/fork/exercise-fork-repo.md
2026-09-02T10:32:40.563Z - [36mverbose[39m: Rendering page: /Users/damithch/Repos/git-mastery/git-mastery.github.io/lessons/diff/exercise-sensors-diff.md
2026-09-02T10:32:40.577Z - [36mverbose[39m: Rendering page: /Users/damithch/Repos/git-mastery/git-mastery.github.io/lessons/createRemoteRepo/exercise-remote-control.md
2026-09-02T10:32:40.579Z - [36mverbose[39m: Rendering page: /Users/damithch/Repos/git-mastery/git-mastery.github.io/lessons/commit/exercise-staging-intervention.md
2026-09-02T10:32:40.588Z - [36mverbose[39m: Rendering page: /Users/damithch/Repos/git-mastery/git-mastery.github.io/lessons/commit/exercise-grocery-shopping.md
2026-09-02T10:32:40.597Z - [36mverbose[39m: Rendering page: /Users/damithch/Repos/git-mastery/git-mastery.github.io/lessons/clone/exercise-clone-repo.md
2026-09-02T10:32:40.607Z - [36mverbose[39m: Rendering page: /Users/damithch/Repos/git-mastery/git-mastery.github.io/lessons/checkout/exercise-sensors-checkout.md
2026-09-02T10:32:40.620Z - [36mverbose[39m: Rendering page: /Users/damithch/Repos/git-mastery/git-mastery.github.io/lessons/branchRename/exercise-branch-rename.md
2026-09-02T10:32:40.638Z - [36mverbose[39m: Rendering page: /Users/damithch/Repos/git-mastery/git-mastery.github.io/lessons/branchDelete/exercise-mix-messy-graph.md
2026-09-02T10:32:40.641Z - [36mverbose[39m: Rendering page: /Users/damithch/Repos/git-mastery/git-mastery.github.io/lessons/branchDelete/exercise-mix-messy-docs.md
2026-09-02T10:32:40.655Z - [36mverbose[39m: Rendering page: /Users/damithch/Repos/git-mastery/git-mastery.github.io/lessons/branchDelete/exercise-branch-delete.md
2026-09-02T10:32:40.666Z - [36mverbose[39m: Rendering page: /Users/damithch/Repos/git-mastery/git-mastery.github.io/lessons/branch/exercise-side-track.md
2026-09-02T10:32:40.671Z - [36mverbose[39m: Rendering page: /Users/damithch/Repos/git-mastery/git-mastery.github.io/lessons/branch/exercise-branch-previous.md
2026-09-02T10:32:40.676Z - [36mverbose[39m: Rendering page: /Users/damithch/Repos/git-mastery/git-mastery.github.io/versions/cs2113/index.md
2026-09-02T10:32:40.735Z - [36mverbose[39m: Rendering page: /Users/damithch/Repos/git-mastery/git-mastery.github.io/versions/cs2103/index.md
2026-09-02T10:32:40.865Z - [36mverbose[39m: Rendering page: /Users/damithch/Repos/git-mastery/git-mastery.github.io/lessons/worktrees/index.md
2026-09-02T10:32:40.872Z - [36mverbose[39m: Rendering page: /Users/damithch/Repos/git-mastery/git-mastery.github.io/lessons/workflows/index.md
2026-09-02T10:32:41.338Z - [36mverbose[39m: Rendering page: /Users/damithch/Repos/git-mastery/git-mastery.github.io/lessons/trail/workingWithRemotes/index.md
2026-09-02T10:32:41.408Z - [36mverbose[39m: Rendering page: /Users/damithch/Repos/git-mastery/git-mastery.github.io/lessons/trail/workingWithPrs/index.md
2026-09-02T10:32:41.520Z - [36mverbose[39m: Rendering page: /Users/damithch/Repos/git-mastery/git-mastery.github.io/lessons/trail/usingRevisionHistory/index.md
2026-09-02T10:32:41.561Z - [36mverbose[39m: Rendering page: /Users/damithch/Repos/git-mastery/git-mastery.github.io/lessons/trail/syncingBranches/index.md
2026-09-02T10:32:42.117Z - [36mverbose[39m: Rendering page: /Users/damithch/Repos/git-mastery/git-mastery.github.io/lessons/trail/remoteBranches/index.md
2026-09-02T10:32:42.132Z - [36mverbose[39m: Rendering page: /Users/damithch/Repos/git-mastery/git-mastery.github.io/lessons/trail/index.md
2026-09-02T10:32:42.140Z - [36mverbose[39m: Rendering page: /Users/damithch/Repos/git-mastery/git-mastery.github.io/lessons/trail/recordingFolderHistory/index.md
2026-09-02T10:32:42.205Z - [36mverbose[39m: Rendering page: /Users/damithch/Repos/git-mastery/git-mastery.github.io/lessons/trail/managingProjects/index.md
2026-09-02T10:32:42.845Z - [36mverbose[39m: Rendering page: /Users/damithch/Repos/git-mastery/git-mastery.github.io/lessons/trail/fineTuningHistory/index.md
2026-09-02T10:32:42.857Z - [36mverbose[39m: Rendering page: /Users/damithch/Repos/git-mastery/git-mastery.github.io/lessons/template/index.md
2026-09-02T10:32:42.859Z - [36mverbose[39m: Rendering page: /Users/damithch/Repos/git-mastery/git-mastery.github.io/lessons/trail/branchingLocally/index.md
2026-09-02T10:32:42.897Z - [36mverbose[39m: Rendering page: /Users/damithch/Repos/git-mastery/git-mastery.github.io/lessons/trail/backingUpOnCloud/index.md
2026-09-02T10:32:43.097Z - [36mverbose[39m: Rendering page: /Users/damithch/Repos/git-mastery/git-mastery.github.io/lessons/tag/index.md
2026-09-02T10:32:43.106Z - [36mverbose[39m: Rendering page: /Users/damithch/Repos/git-mastery/git-mastery.github.io/lessons/syncByRebase/index.md
2026-09-02T10:32:43.110Z - [36mverbose[39m: Rendering page: /Users/damithch/Repos/git-mastery/git-mastery.github.io/lessons/stage/index.md
2026-09-02T10:32:43.124Z - [36mverbose[39m: Rendering page: /Users/damithch/Repos/git-mastery/git-mastery.github.io/lessons/syncByMerge/index.md
2026-09-02T10:32:43.258Z - [36mverbose[39m: Rendering page: /Users/damithch/Repos/git-mastery/git-mastery.github.io/lessons/show/index.md
2026-09-02T10:32:43.266Z - [36mverbose[39m: Rendering page: /Users/damithch/Repos/git-mastery/git-mastery.github.io/lessons/setRemote/index.md
2026-09-02T10:32:43.275Z - [36mverbose[39m: Rendering page: /Users/damithch/Repos/git-mastery/git-mastery.github.io/lessons/selectiveStage/index.md
2026-09-02T10:32:43.279Z - [36mverbose[39m: Rendering page: /Users/damithch/Repos/git-mastery/git-mastery.github.io/lessons/revert/index.md
2026-09-02T10:32:43.406Z - [36mverbose[39m: Rendering page: /Users/damithch/Repos/git-mastery/git-mastery.github.io/lessons/reset/index.md
2026-09-02T10:32:43.417Z - [36mverbose[39m: Rendering page: /Users/damithch/Repos/git-mastery/git-mastery.github.io/lessons/remoteBranchRename/index.md
2026-09-02T10:32:43.423Z - [36mverbose[39m: Rendering page: /Users/damithch/Repos/git-mastery/git-mastery.github.io/lessons/remoteRepos/index.md
2026-09-02T10:32:43.426Z - [36mverbose[39m: Rendering page: /Users/damithch/Repos/git-mastery/git-mastery.github.io/lessons/remoteBranchPush/index.md
2026-09-02T10:32:43.633Z - [36mverbose[39m: Rendering page: /Users/damithch/Repos/git-mastery/git-mastery.github.io/lessons/remoteBranchPull/index.md
2026-09-02T10:32:43.638Z - [36mverbose[39m: Rendering page: /Users/damithch/Repos/git-mastery/git-mastery.github.io/lessons/remoteBranchDelete/index.md
2026-09-02T10:32:43.642Z - [36mverbose[39m: Rendering page: /Users/damithch/Repos/git-mastery/git-mastery.github.io/lessons/push/index.md
2026-09-02T10:32:43.652Z - [36mverbose[39m: Rendering page: /Users/damithch/Repos/git-mastery/git-mastery.github.io/lessons/pull/index.md
2026-09-02T10:32:43.797Z - [36mverbose[39m: Rendering page: /Users/damithch/Repos/git-mastery/git-mastery.github.io/lessons/prsReview/index.md
2026-09-02T10:32:43.801Z - [36mverbose[39m: Rendering page: /Users/damithch/Repos/git-mastery/git-mastery.github.io/lessons/prsMerge/index.md
2026-09-02T10:32:43.806Z - [36mverbose[39m: Rendering page: /Users/damithch/Repos/git-mastery/git-mastery.github.io/lessons/prsCreate/index.md
2026-09-02T10:32:43.817Z - [36mverbose[39m: Rendering page: /Users/damithch/Repos/git-mastery/git-mastery.github.io/lessons/otherPmFeatures/index.md
2026-09-02T10:32:44.006Z - [36mverbose[39m: Rendering page: /Users/damithch/Repos/git-mastery/git-mastery.github.io/lessons/mergeConflicts/index.md
2026-09-02T10:32:44.014Z - [36mverbose[39m: Rendering page: /Users/damithch/Repos/git-mastery/git-mastery.github.io/lessons/merge/index.md
2026-09-02T10:32:44.040Z - [36mverbose[39m: Rendering page: /Users/damithch/Repos/git-mastery/git-mastery.github.io/lessons/log/index.md
2026-09-02T10:32:44.081Z - [36mverbose[39m: Rendering page: /Users/damithch/Repos/git-mastery/git-mastery.github.io/lessons/intro/index.md
2026-09-02T10:32:44.273Z - [36mverbose[39m: Rendering page: /Users/damithch/Repos/git-mastery/git-mastery.github.io/lessons/interactiveRebase/index.md
2026-09-02T10:32:44.326Z - [36mverbose[39m: Rendering page: /Users/damithch/Repos/git-mastery/git-mastery.github.io/lessons/init/index.md
2026-09-02T10:32:44.421Z - [36mverbose[39m: Rendering page: /Users/damithch/Repos/git-mastery/git-mastery.github.io/lessons/ignore/index.md
2026-09-02T10:32:44.430Z - [36mverbose[39m: Rendering page: /Users/damithch/Repos/git-mastery/git-mastery.github.io/lessons/index.md
2026-09-02T10:32:44.471Z - [36mverbose[39m: Rendering page: /Users/damithch/Repos/git-mastery/git-mastery.github.io/lessons/githubPrep/index.md
2026-09-02T10:32:44.476Z - [36mverbose[39m: Rendering page: /Users/damithch/Repos/git-mastery/git-mastery.github.io/lessons/gitPrep/index.md
2026-09-02T10:32:44.489Z - [36mverbose[39m: Rendering page: /Users/damithch/Repos/git-mastery/git-mastery.github.io/lessons/forkingWorkflow/index.md
2026-09-02T10:32:44.493Z - [36mverbose[39m: Rendering page: /Users/damithch/Repos/git-mastery/git-mastery.github.io/lessons/fork/index.md
2026-09-02T10:32:44.641Z - [36mverbose[39m: Rendering page: /Users/damithch/Repos/git-mastery/git-mastery.github.io/lessons/createRemoteRepo/index.md
2026-09-02T10:32:44.644Z - [36mverbose[39m: Rendering page: /Users/damithch/Repos/git-mastery/git-mastery.github.io/lessons/diff/index.md
2026-09-02T10:32:44.653Z - [36mverbose[39m: Rendering page: /Users/damithch/Repos/git-mastery/git-mastery.github.io/lessons/commitMessage/index.md
2026-09-02T10:32:44.658Z - [36mverbose[39m: Rendering page: /Users/damithch/Repos/git-mastery/git-mastery.github.io/lessons/commit/index.md
2026-09-02T10:32:44.756Z - [36mverbose[39m: Rendering page: /Users/damithch/Repos/git-mastery/git-mastery.github.io/lessons/clone/index.md
2026-09-02T10:32:44.786Z - [36mverbose[39m: Rendering page: /Users/damithch/Repos/git-mastery/git-mastery.github.io/lessons/cherryPick/index.md
2026-09-02T10:32:44.791Z - [36mverbose[39m: Rendering page: /Users/damithch/Repos/git-mastery/git-mastery.github.io/lessons/checkout/index.md
2026-09-02T10:32:44.852Z - [36mverbose[39m: Rendering page: /Users/damithch/Repos/git-mastery/git-mastery.github.io/lessons/branchRename/index.md
2026-09-02T10:32:44.943Z - [36mverbose[39m: Rendering page: /Users/damithch/Repos/git-mastery/git-mastery.github.io/lessons/branchDelete/index.md
2026-09-02T10:32:44.951Z - [36mverbose[39m: Rendering page: /Users/damithch/Repos/git-mastery/git-mastery.github.io/index.md
2026-09-02T10:32:44.953Z - [36mverbose[39m: Rendering page: /Users/damithch/Repos/git-mastery/git-mastery.github.io/lessons/branch/index.md
2026-09-02T10:32:44.970Z - [32minfo[39m: Pages built
2026-09-02T10:32:45.045Z - [32minfo[39m: Site data built
2026-09-02T10:32:45.045Z - [32minfo[39m: Website generation complete! Total build time: 8.619s
2026-09-02T10:32:45.045Z - [32minfo[39m: Build success!
2026-09-02T10:33:01.747Z - [32minfo[39m: GitHub Actions deployment initiated. Check status at: https://github.com/git-mastery/git-mastery.github.io/actions
2026-09-02T10:33:01.747Z - [32minfo[39m: The website will be deployed at: git-mastery.org
