2026-07-02T19:36:28.123Z - [32minfo[39m: Website generation (lazy) started at 03:36:28
2026-07-02T19:36:28.302Z - [32minfo[39m: Building assets...
2026-07-02T19:36:28.404Z - [32minfo[39m: Assets built
2026-07-02T19:36:28.405Z - [32minfo[39m: Generating landing page...
2026-07-02T19:36:28.484Z - [36mverbose[39m: Rendering page: /Users/damithch/Repos/git-mastery/git-mastery.github.io/index.md
2026-07-02T19:36:28.505Z - [32minfo[39m: Landing page built, other pages will be built as you navigate to them!
2026-07-02T19:36:28.596Z - [32minfo[39m: Site data built
2026-07-02T19:36:28.596Z - [32minfo[39m: Website generation (lazy) complete! Total build time: 0.579s
2026-07-02T19:36:28.613Z - [32minfo[39m: Serving "/Users/damithch/Repos/git-mastery/git-mastery.github.io/_site" at http://127.0.0.1:8080
2026-07-02T19:36:28.613Z - [32minfo[39m: Press CTRL+C to stop ...
2026-07-02T19:36:35.149Z - [32minfo[39m: Building /Users/damithch/Repos/git-mastery/git-mastery.github.io/versions/cs2103/insertions as some of its dependencies were changed since the last visit
2026-07-02T19:36:35.200Z - [36mverbose[39m: Rendering page: /Users/damithch/Repos/git-mastery/git-mastery.github.io/versions/cs2103/insertions.md
2026-07-02T19:36:35.208Z - [32minfo[39m: Site data built
2026-07-02T19:36:35.208Z - [32minfo[39m: Lazy website regeneration complete! Total build time: 0.06s
2026-07-02T19:36:43.782Z - [32minfo[39m: Building /Users/damithch/Repos/git-mastery/git-mastery.github.io/lessons/index as some of its dependencies were changed since the last visit
2026-07-02T19:36:44.201Z - [36mverbose[39m: Rendering page: /Users/damithch/Repos/git-mastery/git-mastery.github.io/lessons/index.md
2026-07-02T19:36:44.220Z - [32minfo[39m: Site data built
2026-07-02T19:36:44.220Z - [32minfo[39m: Lazy website regeneration complete! Total build time: 0.44s
2026-07-02T19:36:47.765Z - [32minfo[39m: Building /Users/damithch/Repos/git-mastery/git-mastery.github.io/lessons/trail/recordingFolderHistory/index as some of its dependencies were changed since the last visit
2026-07-02T19:36:48.291Z - [36mverbose[39m: Rendering page: /Users/damithch/Repos/git-mastery/git-mastery.github.io/lessons/trail/recordingFolderHistory/index.md
2026-07-02T19:36:48.351Z - [32minfo[39m: Site data built
2026-07-02T19:36:48.351Z - [32minfo[39m: Lazy website regeneration complete! Total build time: 0.586s
2026-07-02T19:45:14.891Z - [32minfo[39m: Building /Users/damithch/Repos/git-mastery/git-mastery.github.io/lessons/trail/backingUpOnCloud/index as some of its dependencies were changed since the last visit
2026-07-02T19:45:15.300Z - [36mverbose[39m: Rendering page: /Users/damithch/Repos/git-mastery/git-mastery.github.io/lessons/trail/backingUpOnCloud/index.md
2026-07-02T19:45:15.354Z - [32minfo[39m: Site data built
2026-07-02T19:45:15.354Z - [32minfo[39m: Lazy website regeneration complete! Total build time: 0.465s
2026-07-03T07:28:21.243Z - [32minfo[39m: [15:28:21] Reload for file change: /Users/damithch/Repos/git-mastery/git-mastery.github.io/_markbind/plugins/custardui.js
2026-07-03T07:28:21.259Z - [32minfo[39m: Synchronizing opened pages list before reload
2026-07-03T07:28:21.266Z - [32minfo[39m: Current opened pages, from most-to-least recent:
2026-07-03T07:28:21.266Z - [32minfo[39m: 1. lessons/trail/backingUpOnCloud/index
2026-07-03T07:28:22.313Z - [32minfo[39m: Assets built
2026-07-03T07:28:27.259Z - [32minfo[39m: Website generation (lazy) started at 15:28:27
2026-07-03T07:28:27.453Z - [32minfo[39m: Building assets...
2026-07-03T07:28:27.557Z - [32minfo[39m: Assets built
2026-07-03T07:28:27.557Z - [32minfo[39m: Generating landing page...
2026-07-03T07:28:27.640Z - [36mverbose[39m: Rendering page: /Users/damithch/Repos/git-mastery/git-mastery.github.io/index.md
2026-07-03T07:28:27.664Z - [32minfo[39m: Landing page built, other pages will be built as you navigate to them!
2026-07-03T07:28:27.743Z - [32minfo[39m: Site data built
2026-07-03T07:28:27.743Z - [32minfo[39m: Website generation (lazy) complete! Total build time: 0.575s
2026-07-03T07:28:27.756Z - [32minfo[39m: Serving "/Users/damithch/Repos/git-mastery/git-mastery.github.io/_site" at http://127.0.0.1:8080
2026-07-03T07:28:27.756Z - [32minfo[39m: Press CTRL+C to stop ...
2026-07-03T07:28:30.327Z - [32minfo[39m: Building /Users/damithch/Repos/git-mastery/git-mastery.github.io/versions/cs2103/insertions as some of its dependencies were changed since the last visit
2026-07-03T07:28:30.359Z - [36mverbose[39m: Rendering page: /Users/damithch/Repos/git-mastery/git-mastery.github.io/versions/cs2103/insertions.md
2026-07-03T07:28:30.365Z - [32minfo[39m: Site data built
2026-07-03T07:28:30.365Z - [32minfo[39m: Lazy website regeneration complete! Total build time: 0.04s
2026-07-03T07:28:48.000Z - [32minfo[39m: Building /Users/damithch/Repos/git-mastery/git-mastery.github.io/lessons/index as some of its dependencies were changed since the last visit
2026-07-03T07:28:48.396Z - [36mverbose[39m: Rendering page: /Users/damithch/Repos/git-mastery/git-mastery.github.io/lessons/index.md
2026-07-03T07:28:48.415Z - [32minfo[39m: Site data built
2026-07-03T07:28:48.415Z - [32minfo[39m: Lazy website regeneration complete! Total build time: 0.416s
2026-07-03T07:28:55.385Z - [32minfo[39m: Building /Users/damithch/Repos/git-mastery/git-mastery.github.io/lessons/trail/recordingFolderHistory/index as some of its dependencies were changed since the last visit
2026-07-03T07:28:55.914Z - [36mverbose[39m: Rendering page: /Users/damithch/Repos/git-mastery/git-mastery.github.io/lessons/trail/recordingFolderHistory/index.md
2026-07-03T07:28:55.972Z - [32minfo[39m: Site data built
2026-07-03T07:28:55.972Z - [32minfo[39m: Lazy website regeneration complete! Total build time: 0.588s
2026-07-03T07:34:16.408Z - [32minfo[39m: [15:34:16] Reload for file change: /Users/damithch/Repos/git-mastery/git-mastery.github.io/index.md
2026-07-03T07:34:16.412Z - [32minfo[39m: Synchronizing opened pages list before reload
2026-07-03T07:34:16.415Z - [32minfo[39m: Current opened pages, from most-to-least recent:
2026-07-03T07:34:16.418Z - [32minfo[39m: 1. index
2026-07-03T07:34:17.435Z - [32minfo[39m: Rebuilding 1 pages
2026-07-03T07:34:17.506Z - [36mverbose[39m: Rendering page: /Users/damithch/Repos/git-mastery/git-mastery.github.io/index.md
2026-07-03T07:34:17.513Z - [32minfo[39m: Site data built
2026-07-03T07:34:17.513Z - [32minfo[39m: Pages rebuilt
2026-07-03T07:34:17.513Z - [32minfo[39m: Website regeneration complete! Total build time: 0.091s
2026-07-03T07:35:37.853Z - [32minfo[39m: [15:35:37] Reload for file change: /Users/damithch/Repos/git-mastery/git-mastery.github.io/index.md
2026-07-03T07:35:37.856Z - [32minfo[39m: Synchronizing opened pages list before reload
2026-07-03T07:35:37.857Z - [32minfo[39m: Current opened pages, from most-to-least recent:
2026-07-03T07:35:37.857Z - [32minfo[39m: 1. index
2026-07-03T07:35:38.877Z - [32minfo[39m: Rebuilding 1 pages
2026-07-03T07:35:38.948Z - [36mverbose[39m: Rendering page: /Users/damithch/Repos/git-mastery/git-mastery.github.io/index.md
2026-07-03T07:35:38.955Z - [32minfo[39m: Site data built
2026-07-03T07:35:38.955Z - [32minfo[39m: Pages rebuilt
2026-07-03T07:35:38.956Z - [32minfo[39m: Website regeneration complete! Total build time: 0.096s
2026-07-03T07:35:51.162Z - [32minfo[39m: [15:35:51] Reload for file change: /Users/damithch/Repos/git-mastery/git-mastery.github.io/index.md
2026-07-03T07:35:51.163Z - [32minfo[39m: Synchronizing opened pages list before reload
2026-07-03T07:35:51.163Z - [32minfo[39m: Current opened pages, from most-to-least recent:
2026-07-03T07:35:51.163Z - [32minfo[39m: 1. index
2026-07-03T07:35:52.169Z - [32minfo[39m: Rebuilding 1 pages
2026-07-03T07:35:52.234Z - [36mverbose[39m: Rendering page: /Users/damithch/Repos/git-mastery/git-mastery.github.io/index.md
2026-07-03T07:35:52.238Z - [32minfo[39m: Site data built
2026-07-03T07:35:52.238Z - [32minfo[39m: Pages rebuilt
2026-07-03T07:35:52.238Z - [32minfo[39m: Website regeneration complete! Total build time: 0.074s
2026-07-03T07:38:29.521Z - [32minfo[39m: [15:38:29] Reload for file change: /Users/damithch/Repos/git-mastery/git-mastery.github.io/site.json
2026-07-03T07:38:29.533Z - [32minfo[39m: Synchronizing opened pages list before reload
2026-07-03T07:38:29.535Z - [32minfo[39m: Current opened pages, from most-to-least recent:
2026-07-03T07:38:29.536Z - [32minfo[39m: 1. index
2026-07-03T07:38:31.797Z - [32minfo[39m: Pages or site config modified, updating pages...
2026-07-03T07:38:32.854Z - [32minfo[39m: Building /Users/damithch/Repos/git-mastery/git-mastery.github.io/index as some of its dependencies were changed since the last visit
2026-07-03T07:38:32.944Z - [36mverbose[39m: Rendering page: /Users/damithch/Repos/git-mastery/git-mastery.github.io/index.md
2026-07-03T07:38:32.958Z - [32minfo[39m: Site data built
2026-07-03T07:38:32.958Z - [32minfo[39m: Lazy website regeneration complete! Total build time: 0.104s
2026-07-03T07:38:32.960Z - [32minfo[39m: Site data built
2026-07-03T07:38:34.406Z - [32minfo[39m: Building /Users/damithch/Repos/git-mastery/git-mastery.github.io/versions/cs2103/insertions as some of its dependencies were changed since the last visit
2026-07-03T07:38:34.498Z - [36mverbose[39m: Rendering page: /Users/damithch/Repos/git-mastery/git-mastery.github.io/versions/cs2103/insertions.md
2026-07-03T07:38:34.511Z - [32minfo[39m: Site data built
2026-07-03T07:38:34.511Z - [32minfo[39m: Lazy website regeneration complete! Total build time: 0.108s
2026-07-03T07:39:13.508Z - [32minfo[39m: [15:39:13] Reload for file change: /Users/damithch/Repos/git-mastery/git-mastery.github.io/site.json
2026-07-03T07:39:13.509Z - [32minfo[39m: Synchronizing opened pages list before reload
2026-07-03T07:39:13.509Z - [32minfo[39m: Current opened pages, from most-to-least recent:
2026-07-03T07:39:13.509Z - [32minfo[39m: 1. index
2026-07-03T07:39:15.589Z - [32minfo[39m: Pages or site config modified, updating pages...
2026-07-03T07:39:16.638Z - [32minfo[39m: Building /Users/damithch/Repos/git-mastery/git-mastery.github.io/index as some of its dependencies were changed since the last visit
2026-07-03T07:39:16.679Z - [36mverbose[39m: Rendering page: /Users/damithch/Repos/git-mastery/git-mastery.github.io/index.md
2026-07-03T07:39:16.683Z - [32minfo[39m: Site data built
2026-07-03T07:39:16.683Z - [32minfo[39m: Lazy website regeneration complete! Total build time: 0.045s
2026-07-03T07:39:16.684Z - [32minfo[39m: Site data built
2026-07-03T07:39:38.758Z - [32minfo[39m: Building /Users/damithch/Repos/git-mastery/git-mastery.github.io/versions/cs2103/insertions as some of its dependencies were changed since the last visit
2026-07-03T07:39:38.801Z - [36mverbose[39m: Rendering page: /Users/damithch/Repos/git-mastery/git-mastery.github.io/versions/cs2103/insertions.md
2026-07-03T07:39:38.804Z - [32minfo[39m: Site data built
2026-07-03T07:39:38.804Z - [32minfo[39m: Lazy website regeneration complete! Total build time: 0.054s
2026-07-03T07:42:46.722Z - [32minfo[39m: Building /Users/damithch/Repos/git-mastery/git-mastery.github.io/lessons/index as some of its dependencies were changed since the last visit
2026-07-03T07:42:47.051Z - [36mverbose[39m: Rendering page: /Users/damithch/Repos/git-mastery/git-mastery.github.io/lessons/index.md
2026-07-03T07:42:47.068Z - [32minfo[39m: Site data built
2026-07-03T07:42:47.068Z - [32minfo[39m: Lazy website regeneration complete! Total build time: 0.347s
2026-07-03T07:43:05.512Z - [32minfo[39m: Building /Users/damithch/Repos/git-mastery/git-mastery.github.io/lessons/trail/recordingFolderHistory/index as some of its dependencies were changed since the last visit
2026-07-03T07:43:06.138Z - [36mverbose[39m: Rendering page: /Users/damithch/Repos/git-mastery/git-mastery.github.io/lessons/trail/recordingFolderHistory/index.md
2026-07-03T07:43:06.197Z - [32minfo[39m: Site data built
2026-07-03T07:43:06.197Z - [32minfo[39m: Lazy website regeneration complete! Total build time: 0.687s
2026-07-03T07:43:50.835Z - [32minfo[39m: [15:43:50] Reload for file change: /Users/damithch/Repos/git-mastery/git-mastery.github.io/versions/cs2103/cs2103.json
2026-07-03T07:43:50.836Z - [32minfo[39m: Synchronizing opened pages list before reload
2026-07-03T07:43:50.837Z - [32minfo[39m: Current opened pages, from most-to-least recent:
2026-07-03T07:43:50.838Z - [32minfo[39m: 1. lessons/trail/recordingFolderHistory/index
2026-07-03T07:43:51.853Z - [32minfo[39m: Assets built
2026-07-03T07:44:22.113Z - [32minfo[39m: [15:44:22] Reload for file change: /Users/damithch/Repos/git-mastery/git-mastery.github.io/versions/cs2103/cs2103.json
2026-07-03T07:44:22.116Z - [32minfo[39m: Synchronizing opened pages list before reload
2026-07-03T07:44:22.117Z - [32minfo[39m: Current opened pages, from most-to-least recent:
2026-07-03T07:44:22.118Z - [32minfo[39m: 1. lessons/trail/recordingFolderHistory/index
2026-07-03T07:44:23.132Z - [32minfo[39m: Assets built
2026-07-03T07:46:25.184Z - [32minfo[39m: [15:46:25] Reload for file change: /Users/damithch/Repos/git-mastery/git-mastery.github.io/versions/cs2103/cs2103.json
2026-07-03T07:46:25.186Z - [32minfo[39m: Synchronizing opened pages list before reload
2026-07-03T07:46:25.188Z - [32minfo[39m: Current opened pages, from most-to-least recent:
2026-07-03T07:46:25.188Z - [32minfo[39m: 1. lessons/trail/recordingFolderHistory/index
2026-07-03T07:46:26.197Z - [32minfo[39m: Assets built
2026-07-03T07:50:48.065Z - [32minfo[39m: [15:50:48] Reload for file change: /Users/damithch/Repos/git-mastery/git-mastery.github.io/common/macros.njk
2026-07-03T07:50:48.071Z - [32minfo[39m: Synchronizing opened pages list before reload
2026-07-03T07:50:48.072Z - [32minfo[39m: Current opened pages, from most-to-least recent:
2026-07-03T07:50:48.072Z - [32minfo[39m: 1. lessons/trail/recordingFolderHistory/index
2026-07-03T07:50:49.162Z - [32minfo[39m: Rebuilding 1 pages
2026-07-03T07:50:49.665Z - [36mverbose[39m: Rendering page: /Users/damithch/Repos/git-mastery/git-mastery.github.io/lessons/trail/recordingFolderHistory/index.md
2026-07-03T07:50:49.738Z - [32minfo[39m: Site data built
2026-07-03T07:50:49.738Z - [32minfo[39m: Pages rebuilt
2026-07-03T07:50:49.738Z - [32minfo[39m: Website regeneration complete! Total build time: 0.584s
2026-07-03T07:51:37.304Z - [32minfo[39m: [15:51:37] Reload for file change: /Users/damithch/Repos/git-mastery/git-mastery.github.io/lessons/trail/recordingFolderHistory/text.md
2026-07-03T07:51:37.312Z - [32minfo[39m: Synchronizing opened pages list before reload
2026-07-03T07:51:37.317Z - [32minfo[39m: Current opened pages, from most-to-least recent:
2026-07-03T07:51:37.317Z - [32minfo[39m: 1. lessons/trail/recordingFolderHistory/index
2026-07-03T07:51:38.342Z - [32minfo[39m: Rebuilding 1 pages
2026-07-03T07:51:38.947Z - [36mverbose[39m: Rendering page: /Users/damithch/Repos/git-mastery/git-mastery.github.io/lessons/trail/recordingFolderHistory/index.md
2026-07-03T07:51:39.018Z - [32minfo[39m: Site data built
2026-07-03T07:51:39.019Z - [32minfo[39m: Pages rebuilt
2026-07-03T07:51:39.019Z - [32minfo[39m: Website regeneration complete! Total build time: 0.698s
2026-07-03T07:52:15.891Z - [32minfo[39m: [15:52:15] Reload for file change: /Users/damithch/Repos/git-mastery/git-mastery.github.io/lessons/trail/recordingFolderHistory/text.md
2026-07-03T07:52:15.893Z - [32minfo[39m: Synchronizing opened pages list before reload
2026-07-03T07:52:15.894Z - [32minfo[39m: Current opened pages, from most-to-least recent:
2026-07-03T07:52:15.894Z - [32minfo[39m: 1. lessons/trail/recordingFolderHistory/index
2026-07-03T07:52:16.899Z - [32minfo[39m: Rebuilding 1 pages
2026-07-03T07:52:17.464Z - [36mverbose[39m: Rendering page: /Users/damithch/Repos/git-mastery/git-mastery.github.io/lessons/trail/recordingFolderHistory/index.md
2026-07-03T07:52:17.518Z - [32minfo[39m: Site data built
2026-07-03T07:52:17.518Z - [32minfo[39m: Pages rebuilt
2026-07-03T07:52:17.518Z - [32minfo[39m: Website regeneration complete! Total build time: 0.621s
2026-07-03T07:52:43.931Z - [32minfo[39m: [15:52:43] Reload for file change: /Users/damithch/Repos/git-mastery/git-mastery.github.io/common/macros.njk
2026-07-03T07:52:43.935Z - [32minfo[39m: Synchronizing opened pages list before reload
2026-07-03T07:52:43.938Z - [32minfo[39m: Current opened pages, from most-to-least recent:
2026-07-03T07:52:43.938Z - [32minfo[39m: 1. lessons/trail/recordingFolderHistory/index
2026-07-03T07:52:45.011Z - [32minfo[39m: Rebuilding 1 pages
2026-07-03T07:52:45.506Z - [36mverbose[39m: Rendering page: /Users/damithch/Repos/git-mastery/git-mastery.github.io/lessons/trail/recordingFolderHistory/index.md
2026-07-03T07:52:45.573Z - [32minfo[39m: Site data built
2026-07-03T07:52:45.574Z - [32minfo[39m: Pages rebuilt
2026-07-03T07:52:45.574Z - [32minfo[39m: Website regeneration complete! Total build time: 0.564s
2026-07-03T07:53:07.507Z - [32minfo[39m: [15:53:07] Reload for file change: /Users/damithch/Repos/git-mastery/git-mastery.github.io/common/macros.njk
2026-07-03T07:53:07.512Z - [32minfo[39m: Synchronizing opened pages list before reload
2026-07-03T07:53:07.516Z - [32minfo[39m: Current opened pages, from most-to-least recent:
2026-07-03T07:53:07.516Z - [32minfo[39m: 1. lessons/trail/recordingFolderHistory/index
2026-07-03T07:53:08.596Z - [32minfo[39m: Rebuilding 1 pages
2026-07-03T07:53:09.082Z - [36mverbose[39m: Rendering page: /Users/damithch/Repos/git-mastery/git-mastery.github.io/lessons/trail/recordingFolderHistory/index.md
2026-07-03T07:53:09.140Z - [32minfo[39m: Site data built
2026-07-03T07:53:09.140Z - [32minfo[39m: Pages rebuilt
2026-07-03T07:53:09.140Z - [32minfo[39m: Website regeneration complete! Total build time: 0.545s
2026-07-03T07:53:24.585Z - [32minfo[39m: [15:53:24] Reload for file change: /Users/damithch/Repos/git-mastery/git-mastery.github.io/common/macros.njk
2026-07-03T07:53:24.588Z - [32minfo[39m: Synchronizing opened pages list before reload
2026-07-03T07:53:24.597Z - [32minfo[39m: Current opened pages, from most-to-least recent:
2026-07-03T07:53:24.599Z - [32minfo[39m: 1. lessons/trail/recordingFolderHistory/index
2026-07-03T07:53:25.679Z - [32minfo[39m: Rebuilding 1 pages
2026-07-03T07:53:25.721Z - [31merror[39m: No such file: /Users/damithch/Repos/git-mastery/git-mastery.github.io/text.md
Missing reference in /Users/damithch/Repos/git-mastery/git-mastery.github.io/lessons/trail/recordingFolderHistory/text.md
2026-07-03T07:53:26.169Z - [36mverbose[39m: Rendering page: /Users/damithch/Repos/git-mastery/git-mastery.github.io/lessons/trail/recordingFolderHistory/index.md
2026-07-03T07:53:26.241Z - [32minfo[39m: Site data built
2026-07-03T07:53:26.241Z - [32minfo[39m: Pages rebuilt
2026-07-03T07:53:26.241Z - [32minfo[39m: Website regeneration complete! Total build time: 0.563s
2026-07-03T07:56:15.783Z - [32minfo[39m: [15:56:15] Reload for file change: /Users/damithch/Repos/git-mastery/git-mastery.github.io/common/macros.njk
2026-07-03T07:56:15.796Z - [32minfo[39m: Synchronizing opened pages list before reload
2026-07-03T07:56:15.808Z - [32minfo[39m: Current opened pages, from most-to-least recent:
2026-07-03T07:56:15.820Z - [32minfo[39m: 1. lessons/trail/recordingFolderHistory/index
2026-07-03T07:56:16.907Z - [32minfo[39m: Rebuilding 1 pages
2026-07-03T07:56:17.396Z - [36mverbose[39m: Rendering page: /Users/damithch/Repos/git-mastery/git-mastery.github.io/lessons/trail/recordingFolderHistory/index.md
2026-07-03T07:56:17.468Z - [33mwarn[39m: You might have an invalid intra-link! Ignore this warning if it was intended.
'/lessons/trail/recordingFolderHistory/cULoA9DIbVc' found in file '/Users/damithch/Repos/git-mastery/git-mastery.github.io/lessons/trail/recordingFolderHistory/text.md'
2026-07-03T07:56:17.469Z - [32minfo[39m: Site data built
2026-07-03T07:56:17.470Z - [32minfo[39m: Pages rebuilt
2026-07-03T07:56:17.470Z - [32minfo[39m: Website regeneration complete! Total build time: 0.563s
2026-07-03T07:56:35.365Z - [32minfo[39m: [15:56:35] Reload for file change: /Users/damithch/Repos/git-mastery/git-mastery.github.io/common/macros.njk
2026-07-03T07:56:35.378Z - [32minfo[39m: Synchronizing opened pages list before reload
2026-07-03T07:56:35.388Z - [32minfo[39m: Current opened pages, from most-to-least recent:
2026-07-03T07:56:35.389Z - [32minfo[39m: 1. lessons/trail/recordingFolderHistory/index
2026-07-03T07:56:36.465Z - [32minfo[39m: Rebuilding 1 pages
2026-07-03T07:56:36.958Z - [36mverbose[39m: Rendering page: /Users/damithch/Repos/git-mastery/git-mastery.github.io/lessons/trail/recordingFolderHistory/index.md
2026-07-03T07:56:37.028Z - [33mwarn[39m: You might have an invalid intra-link! Ignore this warning if it was intended.
'/lessons/trail/recordingFolderHistory/cULoA9DIbVc' found in file '/Users/damithch/Repos/git-mastery/git-mastery.github.io/lessons/trail/recordingFolderHistory/text.md'
2026-07-03T07:56:37.029Z - [32minfo[39m: Site data built
2026-07-03T07:56:37.029Z - [32minfo[39m: Pages rebuilt
2026-07-03T07:56:37.029Z - [32minfo[39m: Website regeneration complete! Total build time: 0.565s
2026-07-03T07:56:59.919Z - [32minfo[39m: [15:56:59] Reload for file change: /Users/damithch/Repos/git-mastery/git-mastery.github.io/lessons/trail/recordingFolderHistory/text.md
2026-07-03T07:56:59.960Z - [32minfo[39m: Synchronizing opened pages list before reload
2026-07-03T07:56:59.965Z - [32minfo[39m: Current opened pages, from most-to-least recent:
2026-07-03T07:56:59.965Z - [32minfo[39m: 1. lessons/trail/recordingFolderHistory/index
2026-07-03T07:57:00.973Z - [32minfo[39m: Rebuilding 1 pages
2026-07-03T07:57:01.553Z - [36mverbose[39m: Rendering page: /Users/damithch/Repos/git-mastery/git-mastery.github.io/lessons/trail/recordingFolderHistory/index.md
2026-07-03T07:57:01.607Z - [32minfo[39m: Site data built
2026-07-03T07:57:01.607Z - [32minfo[39m: Pages rebuilt
2026-07-03T07:57:01.607Z - [32minfo[39m: Website regeneration complete! Total build time: 0.637s
2026-07-03T07:58:19.957Z - [32minfo[39m: [15:58:19] Reload for file change: /Users/damithch/Repos/git-mastery/git-mastery.github.io/lessons/trail/recordingFolderHistory/text.md
2026-07-03T07:58:19.962Z - [32minfo[39m: Synchronizing opened pages list before reload
2026-07-03T07:58:19.962Z - [32minfo[39m: Current opened pages, from most-to-least recent:
2026-07-03T07:58:19.963Z - [32minfo[39m: 1. lessons/trail/recordingFolderHistory/index
2026-07-03T07:58:20.968Z - [32minfo[39m: Rebuilding 1 pages
2026-07-03T07:58:21.523Z - [36mverbose[39m: Rendering page: /Users/damithch/Repos/git-mastery/git-mastery.github.io/lessons/trail/recordingFolderHistory/index.md
2026-07-03T07:58:21.578Z - [32minfo[39m: Site data built
2026-07-03T07:58:21.578Z - [32minfo[39m: Pages rebuilt
2026-07-03T07:58:21.578Z - [32minfo[39m: Website regeneration complete! Total build time: 0.612s
2026-07-03T07:58:54.770Z - [32minfo[39m: [15:58:54] Reload for file change: /Users/damithch/Repos/git-mastery/git-mastery.github.io/lessons/trail/recordingFolderHistory/text.md
2026-07-03T07:58:54.793Z - [32minfo[39m: Synchronizing opened pages list before reload
2026-07-03T07:58:54.795Z - [32minfo[39m: Current opened pages, from most-to-least recent:
2026-07-03T07:58:54.797Z - [32minfo[39m: 1. lessons/trail/recordingFolderHistory/index
2026-07-03T07:58:55.806Z - [32minfo[39m: Rebuilding 1 pages
2026-07-03T07:58:56.383Z - [36mverbose[39m: Rendering page: /Users/damithch/Repos/git-mastery/git-mastery.github.io/lessons/trail/recordingFolderHistory/index.md
2026-07-03T07:58:56.452Z - [32minfo[39m: Site data built
2026-07-03T07:58:56.452Z - [32minfo[39m: Pages rebuilt
2026-07-03T07:58:56.452Z - [32minfo[39m: Website regeneration complete! Total build time: 0.652s
2026-07-03T08:00:54.539Z - [32minfo[39m: [16:00:54] Reload for file change: /Users/damithch/Repos/git-mastery/git-mastery.github.io/lessons/trail/recordingFolderHistory/text.md
2026-07-03T08:00:54.543Z - [32minfo[39m: Synchronizing opened pages list before reload
2026-07-03T08:00:54.548Z - [32minfo[39m: Current opened pages, from most-to-least recent:
2026-07-03T08:00:54.549Z - [32minfo[39m: 1. lessons/trail/recordingFolderHistory/index
2026-07-03T08:00:55.578Z - [32minfo[39m: Rebuilding 1 pages
2026-07-03T08:00:56.246Z - [36mverbose[39m: Rendering page: /Users/damithch/Repos/git-mastery/git-mastery.github.io/lessons/trail/recordingFolderHistory/index.md
2026-07-03T08:00:56.306Z - [32minfo[39m: Site data built
2026-07-03T08:00:56.306Z - [32minfo[39m: Pages rebuilt
2026-07-03T08:00:56.307Z - [32minfo[39m: Website regeneration complete! Total build time: 0.751s
2026-07-03T08:01:49.678Z - [32minfo[39m: [16:01:49] Reload for file change: /Users/damithch/Repos/git-mastery/git-mastery.github.io/common/macros.njk
2026-07-03T08:01:49.686Z - [32minfo[39m: Synchronizing opened pages list before reload
2026-07-03T08:01:49.687Z - [32minfo[39m: Current opened pages, from most-to-least recent:
2026-07-03T08:01:49.687Z - [32minfo[39m: 1. lessons/trail/recordingFolderHistory/index
2026-07-03T08:01:50.793Z - [32minfo[39m: Rebuilding 1 pages
2026-07-03T08:01:51.331Z - [36mverbose[39m: Rendering page: /Users/damithch/Repos/git-mastery/git-mastery.github.io/lessons/trail/recordingFolderHistory/index.md
2026-07-03T08:01:51.404Z - [32minfo[39m: Site data built
2026-07-03T08:01:51.404Z - [32minfo[39m: Pages rebuilt
2026-07-03T08:01:51.404Z - [32minfo[39m: Website regeneration complete! Total build time: 0.622s
2026-07-03T08:06:57.927Z - [32minfo[39m: [16:06:57] Reload for file change: /Users/damithch/Repos/git-mastery/git-mastery.github.io/lessons/intro/text.md
2026-07-03T08:06:57.933Z - [32minfo[39m: Synchronizing opened pages list before reload
2026-07-03T08:06:57.934Z - [32minfo[39m: Current opened pages, from most-to-least recent:
2026-07-03T08:06:57.934Z - [32minfo[39m: 1. lessons/trail/recordingFolderHistory/index
2026-07-03T08:06:58.954Z - [32minfo[39m: Rebuilding 1 pages
2026-07-03T08:06:59.529Z - [36mverbose[39m: Rendering page: /Users/damithch/Repos/git-mastery/git-mastery.github.io/lessons/trail/recordingFolderHistory/index.md
2026-07-03T08:06:59.603Z - [32minfo[39m: Site data built
2026-07-03T08:06:59.603Z - [32minfo[39m: Pages rebuilt
2026-07-03T08:06:59.603Z - [32minfo[39m: Website regeneration complete! Total build time: 0.666s
2026-07-03T08:07:09.304Z - [32minfo[39m: Building /Users/damithch/Repos/git-mastery/git-mastery.github.io/lessons/intro/index as some of its dependencies were changed since the last visit
2026-07-03T08:07:09.373Z - [36mverbose[39m: Rendering page: /Users/damithch/Repos/git-mastery/git-mastery.github.io/lessons/intro/index.md
2026-07-03T08:07:09.385Z - [32minfo[39m: Site data built
2026-07-03T08:07:09.385Z - [32minfo[39m: Lazy website regeneration complete! Total build time: 0.081s
2026-07-03T08:10:48.956Z - [32minfo[39m: [16:10:48] Reload for file change: /Users/damithch/Repos/git-mastery/git-mastery.github.io/lessons/intro/text.md
2026-07-03T08:10:48.988Z - [32minfo[39m: Synchronizing opened pages list before reload
2026-07-03T08:10:48.996Z - [32minfo[39m: Current opened pages, from most-to-least recent:
2026-07-03T08:10:48.996Z - [32minfo[39m: 1. lessons/intro/index
2026-07-03T08:10:50.024Z - [32minfo[39m: Rebuilding 1 pages
2026-07-03T08:10:50.096Z - [36mverbose[39m: Rendering page: /Users/damithch/Repos/git-mastery/git-mastery.github.io/lessons/intro/index.md
2026-07-03T08:10:50.108Z - [32minfo[39m: Site data built
2026-07-03T08:10:50.108Z - [32minfo[39m: Pages rebuilt
2026-07-03T08:10:50.108Z - [32minfo[39m: Website regeneration complete! Total build time: 0.101s
2026-07-03T08:11:06.244Z - [32minfo[39m: [16:11:06] Reload for file change: /Users/damithch/Repos/git-mastery/git-mastery.github.io/lessons/intro/text.md
2026-07-03T08:11:06.248Z - [32minfo[39m: Synchronizing opened pages list before reload
2026-07-03T08:11:06.254Z - [32minfo[39m: Current opened pages, from most-to-least recent:
2026-07-03T08:11:06.255Z - [32minfo[39m: 1. lessons/intro/index
2026-07-03T08:11:07.260Z - [32minfo[39m: Rebuilding 1 pages
2026-07-03T08:11:07.331Z - [36mverbose[39m: Rendering page: /Users/damithch/Repos/git-mastery/git-mastery.github.io/lessons/intro/index.md
2026-07-03T08:11:07.341Z - [32minfo[39m: Site data built
2026-07-03T08:11:07.341Z - [32minfo[39m: Pages rebuilt
2026-07-03T08:11:07.342Z - [32minfo[39m: Website regeneration complete! Total build time: 0.082s
2026-07-03T08:14:05.791Z - [32minfo[39m: [16:14:05] Reload for file change: /Users/damithch/Repos/git-mastery/git-mastery.github.io/lessons/intro/text.md
2026-07-03T08:14:05.805Z - [32minfo[39m: Synchronizing opened pages list before reload
2026-07-03T08:14:05.815Z - [32minfo[39m: Current opened pages, from most-to-least recent:
2026-07-03T08:14:05.817Z - [32minfo[39m: 1. lessons/intro/index
2026-07-03T08:14:06.841Z - [32minfo[39m: Rebuilding 1 pages
2026-07-03T08:14:06.896Z - [36mverbose[39m: Rendering page: /Users/damithch/Repos/git-mastery/git-mastery.github.io/lessons/intro/index.md
2026-07-03T08:14:06.902Z - [32minfo[39m: Site data built
2026-07-03T08:14:06.902Z - [32minfo[39m: Pages rebuilt
2026-07-03T08:14:06.902Z - [32minfo[39m: Website regeneration complete! Total build time: 0.077s
2026-07-03T08:19:32.963Z - [32minfo[39m: [16:19:32] Reload for file change: /Users/damithch/Repos/git-mastery/git-mastery.github.io/lessons/intro/text.md
2026-07-03T08:19:32.970Z - [32minfo[39m: Synchronizing opened pages list before reload
2026-07-03T08:19:32.971Z - [32minfo[39m: Current opened pages, from most-to-least recent:
2026-07-03T08:19:32.971Z - [32minfo[39m: 1. lessons/intro/index
2026-07-03T08:19:33.996Z - [32minfo[39m: Rebuilding 1 pages
2026-07-03T08:19:34.090Z - [36mverbose[39m: Rendering page: /Users/damithch/Repos/git-mastery/git-mastery.github.io/lessons/intro/index.md
2026-07-03T08:19:34.116Z - [32minfo[39m: Site data built
2026-07-03T08:19:34.116Z - [32minfo[39m: Pages rebuilt
2026-07-03T08:19:34.116Z - [32minfo[39m: Website regeneration complete! Total build time: 0.139s
2026-07-03T08:48:05.345Z - [32minfo[39m: [16:48:05] Reload for file add: /Users/damithch/Repos/git-mastery/git-mastery.github.io/lessons/intro/images/revisionsVsVersions.png
2026-07-03T08:48:05.353Z - [32minfo[39m: Synchronizing opened pages list before reload
2026-07-03T08:48:05.357Z - [32minfo[39m: Current opened pages, from most-to-least recent:
2026-07-03T08:48:05.357Z - [32minfo[39m: 1. lessons/intro/index
2026-07-03T08:48:05.902Z - [32minfo[39m: [16:48:05] Reload for file change: /Users/damithch/Repos/git-mastery/git-mastery.github.io/lessons/intro/images/revisionsVsVersions.png
2026-07-03T08:48:05.902Z - [32minfo[39m: Synchronizing opened pages list before reload
2026-07-03T08:48:05.902Z - [32minfo[39m: Current opened pages, from most-to-least recent:
2026-07-03T08:48:05.903Z - [32minfo[39m: 1. lessons/intro/index
2026-07-03T08:48:06.762Z - [32minfo[39m: Assets built
2026-07-03T09:08:11.633Z - [32minfo[39m: [17:08:11] Reload for file change: /Users/damithch/Repos/git-mastery/git-mastery.github.io/lessons/intro/images/revisionsVsVersions.png
2026-07-03T09:08:11.647Z - [32minfo[39m: Synchronizing opened pages list before reload
2026-07-03T09:08:11.651Z - [32minfo[39m: Current opened pages, from most-to-least recent:
2026-07-03T09:08:11.651Z - [32minfo[39m: 1. lessons/intro/index
2026-07-03T09:08:12.692Z - [32minfo[39m: Assets built
2026-07-03T09:13:18.783Z - [32minfo[39m: [17:13:18] Reload for file change: /Users/damithch/Repos/git-mastery/git-mastery.github.io/lessons/intro/images/revisionsVsVersions.png
2026-07-03T09:13:18.786Z - [32minfo[39m: Synchronizing opened pages list before reload
2026-07-03T09:13:18.786Z - [32minfo[39m: Current opened pages, from most-to-least recent:
2026-07-03T09:13:18.786Z - [32minfo[39m: 1. lessons/intro/index
2026-07-03T09:13:19.798Z - [32minfo[39m: Assets built
2026-07-03T09:18:29.864Z - [32minfo[39m: [17:18:29] Reload for file change: /Users/damithch/Repos/git-mastery/git-mastery.github.io/lessons/intro/images/revisionsVsVersions.png
2026-07-03T09:18:29.876Z - [32minfo[39m: Synchronizing opened pages list before reload
2026-07-03T09:18:29.877Z - [32minfo[39m: Current opened pages, from most-to-least recent:
2026-07-03T09:18:29.879Z - [32minfo[39m: 1. lessons/intro/index
2026-07-03T09:18:30.893Z - [32minfo[39m: Assets built
2026-07-03T09:19:27.265Z - [32minfo[39m: [17:19:27] Reload for file change: /Users/damithch/Repos/git-mastery/git-mastery.github.io/lessons/intro/images/revisionsVsVersions.png
2026-07-03T09:19:27.266Z - [32minfo[39m: Synchronizing opened pages list before reload
2026-07-03T09:19:27.267Z - [32minfo[39m: Current opened pages, from most-to-least recent:
2026-07-03T09:19:27.267Z - [32minfo[39m: 1. lessons/intro/index
2026-07-03T09:19:27.564Z - [32minfo[39m: [17:19:27] Reload for file change: /Users/damithch/Repos/git-mastery/git-mastery.github.io/lessons/intro/images/revisionsVsVersions.png
2026-07-03T09:19:27.564Z - [32minfo[39m: Synchronizing opened pages list before reload
2026-07-03T09:19:27.564Z - [32minfo[39m: Current opened pages, from most-to-least recent:
2026-07-03T09:19:27.564Z - [32minfo[39m: 1. lessons/intro/index
2026-07-03T09:19:28.278Z - [32minfo[39m: Assets built
2026-07-03T09:20:32.250Z - [32minfo[39m: [17:20:32] Reload for file change: /Users/damithch/Repos/git-mastery/git-mastery.github.io/lessons/intro/images/revisionsVsVersions.png
2026-07-03T09:20:32.252Z - [32minfo[39m: Synchronizing opened pages list before reload
2026-07-03T09:20:32.255Z - [32minfo[39m: Current opened pages, from most-to-least recent:
2026-07-03T09:20:32.255Z - [32minfo[39m: 1. lessons/intro/index
2026-07-03T09:20:33.263Z - [32minfo[39m: Assets built
2026-07-03T09:21:21.523Z - [32minfo[39m: [17:21:21] Reload for file change: /Users/damithch/Repos/git-mastery/git-mastery.github.io/lessons/intro/text.md
2026-07-03T09:21:21.524Z - [32minfo[39m: Synchronizing opened pages list before reload
2026-07-03T09:21:21.525Z - [32minfo[39m: Current opened pages, from most-to-least recent:
2026-07-03T09:21:21.525Z - [32minfo[39m: 1. lessons/intro/index
2026-07-03T09:21:22.572Z - [32minfo[39m: Rebuilding 1 pages
2026-07-03T09:21:22.889Z - [36mverbose[39m: Rendering page: /Users/damithch/Repos/git-mastery/git-mastery.github.io/lessons/intro/index.md
2026-07-03T09:21:22.905Z - [32minfo[39m: Site data built
2026-07-03T09:21:22.905Z - [32minfo[39m: Pages rebuilt
2026-07-03T09:21:22.905Z - [32minfo[39m: Website regeneration complete! Total build time: 0.368s
2026-07-03T09:22:32.714Z - [32minfo[39m: [17:22:32] Reload for file change: /Users/damithch/Repos/git-mastery/git-mastery.github.io/lessons/intro/images/revisionsVsVersions.png
2026-07-03T09:22:32.721Z - [32minfo[39m: Synchronizing opened pages list before reload
2026-07-03T09:22:32.722Z - [32minfo[39m: Current opened pages, from most-to-least recent:
2026-07-03T09:22:32.722Z - [32minfo[39m: 1. lessons/intro/index
2026-07-03T09:22:33.730Z - [32minfo[39m: Assets built
2026-07-03T09:23:30.501Z - [32minfo[39m: [17:23:30] Reload for file change: /Users/damithch/Repos/git-mastery/git-mastery.github.io/lessons/intro/text.md
2026-07-03T09:23:30.503Z - [32minfo[39m: Synchronizing opened pages list before reload
2026-07-03T09:23:30.503Z - [32minfo[39m: Current opened pages, from most-to-least recent:
2026-07-03T09:23:30.504Z - [32minfo[39m: 1. lessons/intro/index
2026-07-03T09:23:31.542Z - [32minfo[39m: Rebuilding 1 pages
2026-07-03T09:23:31.613Z - [36mverbose[39m: Rendering page: /Users/damithch/Repos/git-mastery/git-mastery.github.io/lessons/intro/index.md
2026-07-03T09:23:31.632Z - [32minfo[39m: Site data built
2026-07-03T09:23:31.632Z - [32minfo[39m: Pages rebuilt
2026-07-03T09:23:31.632Z - [32minfo[39m: Website regeneration complete! Total build time: 0.111s
2026-07-03T09:26:17.190Z - [32minfo[39m: [17:26:17] Reload for file change: /Users/damithch/Repos/git-mastery/git-mastery.github.io/lessons/intro/images/revisionsVsVersions.png
2026-07-03T09:26:17.195Z - [32minfo[39m: Synchronizing opened pages list before reload
2026-07-03T09:26:17.196Z - [32minfo[39m: Current opened pages, from most-to-least recent:
2026-07-03T09:26:17.196Z - [32minfo[39m: 1. lessons/intro/index
2026-07-03T09:26:17.471Z - [32minfo[39m: [17:26:17] Reload for file change: /Users/damithch/Repos/git-mastery/git-mastery.github.io/lessons/intro/images/revisionsVsVersions.png
2026-07-03T09:26:17.471Z - [32minfo[39m: Synchronizing opened pages list before reload
2026-07-03T09:26:17.471Z - [32minfo[39m: Current opened pages, from most-to-least recent:
2026-07-03T09:26:17.471Z - [32minfo[39m: 1. lessons/intro/index
2026-07-03T09:26:18.211Z - [32minfo[39m: Assets built
2026-07-03T09:26:32.881Z - [32minfo[39m: [17:26:32] Reload for file change: /Users/damithch/Repos/git-mastery/git-mastery.github.io/lessons/intro/text.md
2026-07-03T09:26:32.883Z - [32minfo[39m: Synchronizing opened pages list before reload
2026-07-03T09:26:32.883Z - [32minfo[39m: Current opened pages, from most-to-least recent:
2026-07-03T09:26:32.884Z - [32minfo[39m: 1. lessons/intro/index
2026-07-03T09:26:33.903Z - [32minfo[39m: Rebuilding 1 pages
2026-07-03T09:26:33.970Z - [36mverbose[39m: Rendering page: /Users/damithch/Repos/git-mastery/git-mastery.github.io/lessons/intro/index.md
2026-07-03T09:26:33.977Z - [32minfo[39m: Site data built
2026-07-03T09:26:33.977Z - [32minfo[39m: Pages rebuilt
2026-07-03T09:26:33.977Z - [32minfo[39m: Website regeneration complete! Total build time: 0.089s
2026-07-03T09:33:51.196Z - [32minfo[39m: [17:33:51] Reload for file change: /Users/damithch/Repos/git-mastery/git-mastery.github.io/lessons/intro/images/revisionsVsVersions.png
2026-07-03T09:33:51.201Z - [32minfo[39m: Synchronizing opened pages list before reload
2026-07-03T09:33:51.202Z - [32minfo[39m: Current opened pages, from most-to-least recent:
2026-07-03T09:33:51.203Z - [32minfo[39m: 1. lessons/intro/index
2026-07-03T09:33:52.223Z - [32minfo[39m: Assets built
2026-07-03T09:34:39.064Z - [32minfo[39m: [17:34:39] Reload for file change: /Users/damithch/Repos/git-mastery/git-mastery.github.io/lessons/intro/text.md
2026-07-03T09:34:39.068Z - [32minfo[39m: Synchronizing opened pages list before reload
2026-07-03T09:34:39.069Z - [32minfo[39m: Current opened pages, from most-to-least recent:
2026-07-03T09:34:39.069Z - [32minfo[39m: 1. lessons/intro/index
2026-07-03T09:34:40.090Z - [32minfo[39m: Rebuilding 1 pages
2026-07-03T09:34:40.172Z - [36mverbose[39m: Rendering page: /Users/damithch/Repos/git-mastery/git-mastery.github.io/lessons/intro/index.md
2026-07-03T09:34:40.185Z - [32minfo[39m: Site data built
2026-07-03T09:34:40.185Z - [32minfo[39m: Pages rebuilt
2026-07-03T09:34:40.185Z - [32minfo[39m: Website regeneration complete! Total build time: 0.112s
2026-07-03T09:41:22.973Z - [32minfo[39m: Building /Users/damithch/Repos/git-mastery/git-mastery.github.io/lessons/gitPrep/index as some of its dependencies were changed since the last visit
2026-07-03T09:41:23.210Z - [36mverbose[39m: Rendering page: /Users/damithch/Repos/git-mastery/git-mastery.github.io/lessons/gitPrep/index.md
2026-07-03T09:41:23.230Z - [32minfo[39m: Site data built
2026-07-03T09:41:23.230Z - [32minfo[39m: Lazy website regeneration complete! Total build time: 0.257s
2026-07-03T10:00:45.840Z - [32minfo[39m: [18:00:45] Reload for file add: /Users/damithch/Repos/git-mastery/git-mastery.github.io/lessons/intro/images/untitled.png
2026-07-03T10:00:45.855Z - [32minfo[39m: Synchronizing opened pages list before reload
2026-07-03T10:00:45.860Z - [32minfo[39m: Current opened pages, from most-to-least recent:
2026-07-03T10:00:45.861Z - [32minfo[39m: 1. lessons/gitPrep/index
2026-07-03T10:00:47.021Z - [32minfo[39m: Assets built
2026-07-03T10:01:46.887Z - [32minfo[39m: [18:01:46] Reload for file change: /Users/damithch/Repos/git-mastery/git-mastery.github.io/lessons/intro/images/untitled.png
2026-07-03T10:01:46.893Z - [32minfo[39m: Synchronizing opened pages list before reload
2026-07-03T10:01:46.894Z - [32minfo[39m: Current opened pages, from most-to-least recent:
2026-07-03T10:01:46.894Z - [32minfo[39m: 1. lessons/gitPrep/index
2026-07-03T10:01:47.907Z - [32minfo[39m: Assets built
2026-07-03T10:02:02.537Z - [32minfo[39m: [18:02:02] Reload for file deletion: /Users/damithch/Repos/git-mastery/git-mastery.github.io/lessons/intro/images/untitled.png
2026-07-03T10:02:02.539Z - [32minfo[39m: Synchronizing opened pages list before reload
2026-07-03T10:02:02.540Z - [32minfo[39m: Current opened pages, from most-to-least recent:
2026-07-03T10:02:02.540Z - [32minfo[39m: 1. lessons/gitPrep/index
2026-07-03T10:02:03.611Z - [34mdebug[39m: Assets removed
2026-07-03T10:03:08.314Z - [32minfo[39m: [18:03:08] Reload for file add: /Users/damithch/Repos/git-mastery/git-mastery.github.io/lessons/intro/images/untitled.png
2026-07-03T10:03:08.315Z - [32minfo[39m: Synchronizing opened pages list before reload
2026-07-03T10:03:08.316Z - [32minfo[39m: Current opened pages, from most-to-least recent:
2026-07-03T10:03:08.317Z - [32minfo[39m: 1. lessons/gitPrep/index
2026-07-03T10:03:09.459Z - [32minfo[39m: Assets built
2026-07-03T10:03:46.147Z - [32minfo[39m: [18:03:46] Reload for file deletion: /Users/damithch/Repos/git-mastery/git-mastery.github.io/lessons/intro/images/untitled.png
2026-07-03T10:03:46.148Z - [32minfo[39m: Synchronizing opened pages list before reload
2026-07-03T10:03:46.149Z - [32minfo[39m: Current opened pages, from most-to-least recent:
2026-07-03T10:03:46.149Z - [32minfo[39m: 1. lessons/gitPrep/index
2026-07-03T10:03:47.199Z - [34mdebug[39m: Assets removed
2026-07-03T10:04:13.531Z - [32minfo[39m: [18:04:13] Reload for file add: /Users/damithch/Repos/git-mastery/git-mastery.github.io/lessons/intro/images/untitled.png
2026-07-03T10:04:13.532Z - [32minfo[39m: Synchronizing opened pages list before reload
2026-07-03T10:04:13.533Z - [32minfo[39m: Current opened pages, from most-to-least recent:
2026-07-03T10:04:13.533Z - [32minfo[39m: 1. lessons/gitPrep/index
2026-07-03T10:04:14.648Z - [32minfo[39m: Assets built
2026-07-03T10:05:42.283Z - [32minfo[39m: [18:05:42] Reload for file change: /Users/damithch/Repos/git-mastery/git-mastery.github.io/lessons/intro/images/untitled.png
2026-07-03T10:05:42.285Z - [32minfo[39m: Synchronizing opened pages list before reload
2026-07-03T10:05:42.285Z - [32minfo[39m: Current opened pages, from most-to-least recent:
2026-07-03T10:05:42.285Z - [32minfo[39m: 1. lessons/gitPrep/index
2026-07-03T10:05:43.300Z - [32minfo[39m: Assets built
2026-07-03T10:06:18.690Z - [32minfo[39m: [18:06:18] Reload for file change: /Users/damithch/Repos/git-mastery/git-mastery.github.io/lessons/intro/images/untitled.png
2026-07-03T10:06:18.691Z - [32minfo[39m: Synchronizing opened pages list before reload
2026-07-03T10:06:18.692Z - [32minfo[39m: Current opened pages, from most-to-least recent:
2026-07-03T10:06:18.692Z - [32minfo[39m: 1. lessons/gitPrep/index
2026-07-03T10:06:19.703Z - [32minfo[39m: Assets built
2026-07-03T10:07:05.400Z - [32minfo[39m: [18:07:05] Reload for file change: /Users/damithch/Repos/git-mastery/git-mastery.github.io/lessons/intro/text.md
2026-07-03T10:07:05.402Z - [32minfo[39m: Synchronizing opened pages list before reload
2026-07-03T10:07:05.404Z - [32minfo[39m: Current opened pages, from most-to-least recent:
2026-07-03T10:07:05.404Z - [32minfo[39m: 1. lessons/intro/index
2026-07-03T10:07:06.442Z - [32minfo[39m: Rebuilding 1 pages
2026-07-03T10:07:06.579Z - [36mverbose[39m: Rendering page: /Users/damithch/Repos/git-mastery/git-mastery.github.io/lessons/intro/index.md
2026-07-03T10:07:06.601Z - [32minfo[39m: Site data built
2026-07-03T10:07:06.601Z - [32minfo[39m: Pages rebuilt
2026-07-03T10:07:06.601Z - [32minfo[39m: Website regeneration complete! Total build time: 0.185s
2026-07-03T10:07:22.151Z - [32minfo[39m: [18:07:22] Reload for file change: /Users/damithch/Repos/git-mastery/git-mastery.github.io/lessons/intro/text.md
2026-07-03T10:07:22.152Z - [32minfo[39m: Synchronizing opened pages list before reload
2026-07-03T10:07:22.153Z - [32minfo[39m: Current opened pages, from most-to-least recent:
2026-07-03T10:07:22.153Z - [32minfo[39m: 1. lessons/intro/index
2026-07-03T10:07:23.156Z - [32minfo[39m: Rebuilding 1 pages
2026-07-03T10:07:23.235Z - [36mverbose[39m: Rendering page: /Users/damithch/Repos/git-mastery/git-mastery.github.io/lessons/intro/index.md
2026-07-03T10:07:23.241Z - [32minfo[39m: Site data built
2026-07-03T10:07:23.241Z - [32minfo[39m: Pages rebuilt
2026-07-03T10:07:23.241Z - [32minfo[39m: Website regeneration complete! Total build time: 0.087s
2026-07-03T10:07:31.996Z - [32minfo[39m: Website generation (lazy) started at 18:07:31
2026-07-03T10:07:32.231Z - [32minfo[39m: Building assets...
2026-07-03T10:07:32.330Z - [32minfo[39m: Assets built
2026-07-03T10:07:32.331Z - [32minfo[39m: Generating landing page...
2026-07-03T10:07:32.418Z - [36mverbose[39m: Rendering page: /Users/damithch/Repos/git-mastery/git-mastery.github.io/index.md
2026-07-03T10:07:32.444Z - [32minfo[39m: Landing page built, other pages will be built as you navigate to them!
2026-07-03T10:07:32.568Z - [32minfo[39m: Site data built
2026-07-03T10:07:32.568Z - [32minfo[39m: Website generation (lazy) complete! Total build time: 0.72s
2026-07-03T10:07:32.582Z - [32minfo[39m: Serving "/Users/damithch/Repos/git-mastery/git-mastery.github.io/_site" at http://127.0.0.1:8080
2026-07-03T10:07:32.583Z - [32minfo[39m: Press CTRL+C to stop ...
2026-07-03T10:07:35.414Z - [32minfo[39m: Building /Users/damithch/Repos/git-mastery/git-mastery.github.io/versions/cs2103/insertions as some of its dependencies were changed since the last visit
2026-07-03T10:07:35.466Z - [36mverbose[39m: Rendering page: /Users/damithch/Repos/git-mastery/git-mastery.github.io/versions/cs2103/insertions.md
2026-07-03T10:07:35.473Z - [32minfo[39m: Site data built
2026-07-03T10:07:35.473Z - [32minfo[39m: Lazy website regeneration complete! Total build time: 0.062s
2026-07-03T10:07:40.267Z - [32minfo[39m: Building /Users/damithch/Repos/git-mastery/git-mastery.github.io/lessons/index as some of its dependencies were changed since the last visit
2026-07-03T10:07:40.645Z - [36mverbose[39m: Rendering page: /Users/damithch/Repos/git-mastery/git-mastery.github.io/lessons/index.md
2026-07-03T10:07:40.663Z - [32minfo[39m: Site data built
2026-07-03T10:07:40.664Z - [32minfo[39m: Lazy website regeneration complete! Total build time: 0.396s
2026-07-03T10:07:45.418Z - [32minfo[39m: Building /Users/damithch/Repos/git-mastery/git-mastery.github.io/lessons/intro/index as some of its dependencies were changed since the last visit
2026-07-03T10:07:45.505Z - [36mverbose[39m: Rendering page: /Users/damithch/Repos/git-mastery/git-mastery.github.io/lessons/intro/index.md
2026-07-03T10:07:45.512Z - [32minfo[39m: Site data built
2026-07-03T10:07:45.512Z - [32minfo[39m: Lazy website regeneration complete! Total build time: 0.096s
2026-07-03T10:08:22.826Z - [32minfo[39m: [18:08:22] Reload for file deletion: /Users/damithch/Repos/git-mastery/git-mastery.github.io/lessons/intro/images/revisionsVsVersions.png
2026-07-03T10:08:22.827Z - [32minfo[39m: Synchronizing opened pages list before reload
2026-07-03T10:08:22.828Z - [32minfo[39m: Current opened pages, from most-to-least recent:
2026-07-03T10:08:22.829Z - [32minfo[39m: 1. lessons/intro/index
2026-07-03T10:08:23.883Z - [34mdebug[39m: Assets removed
2026-07-03T10:08:26.818Z - [32minfo[39m: [18:08:26] Reload for file deletion: /Users/damithch/Repos/git-mastery/git-mastery.github.io/lessons/intro/images/untitled.png
2026-07-03T10:08:26.818Z - [32minfo[39m: Synchronizing opened pages list before reload
2026-07-03T10:08:26.818Z - [32minfo[39m: Current opened pages, from most-to-least recent:
2026-07-03T10:08:26.818Z - [32minfo[39m: 1. lessons/intro/index
2026-07-03T10:08:26.866Z - [32minfo[39m: [18:08:26] Reload for file add: /Users/damithch/Repos/git-mastery/git-mastery.github.io/lessons/intro/images/revisionsVsVersions.png
2026-07-03T10:08:26.866Z - [32minfo[39m: Synchronizing opened pages list before reload
2026-07-03T10:08:26.866Z - [32minfo[39m: Current opened pages, from most-to-least recent:
2026-07-03T10:08:26.866Z - [32minfo[39m: 1. lessons/intro/index
2026-07-03T10:08:27.867Z - [34mdebug[39m: Assets removed
2026-07-03T10:08:27.904Z - [32minfo[39m: Assets built
2026-07-03T10:16:00.367Z - [32minfo[39m: [18:16:00] Reload for file change: /Users/damithch/Repos/git-mastery/git-mastery.github.io/lessons/intro/images/revisionsVsVersions.png
2026-07-03T10:16:00.413Z - [32minfo[39m: Synchronizing opened pages list before reload
2026-07-03T10:16:00.417Z - [32minfo[39m: Current opened pages, from most-to-least recent:
2026-07-03T10:16:00.418Z - [32minfo[39m: 1. lessons/intro/index
2026-07-03T10:16:01.437Z - [32minfo[39m: Assets built
2026-07-03T10:16:41.478Z - [32minfo[39m: [18:16:41] Reload for file change: /Users/damithch/Repos/git-mastery/git-mastery.github.io/lessons/intro/images/revisionsVsVersions.png
2026-07-03T10:16:41.480Z - [32minfo[39m: Synchronizing opened pages list before reload
2026-07-03T10:16:41.484Z - [32minfo[39m: Current opened pages, from most-to-least recent:
2026-07-03T10:16:41.488Z - [32minfo[39m: 1. lessons/intro/index
2026-07-03T10:16:42.507Z - [32minfo[39m: Assets built
2026-07-03T10:17:24.502Z - [32minfo[39m: [18:17:24] Reload for file change: /Users/damithch/Repos/git-mastery/git-mastery.github.io/lessons/intro/images/revisionsVsVersions.png
2026-07-03T10:17:24.505Z - [32minfo[39m: Synchronizing opened pages list before reload
2026-07-03T10:17:24.508Z - [32minfo[39m: Current opened pages, from most-to-least recent:
2026-07-03T10:17:24.513Z - [32minfo[39m: 1. lessons/intro/index
2026-07-03T10:17:25.527Z - [32minfo[39m: Assets built
2026-07-03T10:17:48.170Z - [32minfo[39m: [18:17:48] Reload for file change: /Users/damithch/Repos/git-mastery/git-mastery.github.io/lessons/intro/text.md
2026-07-03T10:17:48.180Z - [32minfo[39m: Synchronizing opened pages list before reload
2026-07-03T10:17:48.181Z - [32minfo[39m: Current opened pages, from most-to-least recent:
2026-07-03T10:17:48.181Z - [32minfo[39m: 1. lessons/intro/index
2026-07-03T10:17:49.206Z - [32minfo[39m: Rebuilding 1 pages
2026-07-03T10:17:49.294Z - [36mverbose[39m: Rendering page: /Users/damithch/Repos/git-mastery/git-mastery.github.io/lessons/intro/index.md
2026-07-03T10:17:49.309Z - [32minfo[39m: Site data built
2026-07-03T10:17:49.309Z - [32minfo[39m: Pages rebuilt
2026-07-03T10:17:49.310Z - [32minfo[39m: Website regeneration complete! Total build time: 0.118s
2026-07-03T10:18:06.754Z - [32minfo[39m: [18:18:06] Reload for file change: /Users/damithch/Repos/git-mastery/git-mastery.github.io/lessons/intro/text.md
2026-07-03T10:18:06.756Z - [32minfo[39m: Synchronizing opened pages list before reload
2026-07-03T10:18:06.758Z - [32minfo[39m: Current opened pages, from most-to-least recent:
2026-07-03T10:18:06.758Z - [32minfo[39m: 1. lessons/intro/index
2026-07-03T10:18:07.763Z - [32minfo[39m: Rebuilding 1 pages
2026-07-03T10:18:07.822Z - [36mverbose[39m: Rendering page: /Users/damithch/Repos/git-mastery/git-mastery.github.io/lessons/intro/index.md
2026-07-03T10:18:07.832Z - [32minfo[39m: Site data built
2026-07-03T10:18:07.832Z - [32minfo[39m: Pages rebuilt
2026-07-03T10:18:07.832Z - [32minfo[39m: Website regeneration complete! Total build time: 0.072s
2026-07-03T10:57:57.860Z - [32minfo[39m: Building /Users/damithch/Repos/git-mastery/git-mastery.github.io/lessons/gitPrep/index as some of its dependencies were changed since the last visit
2026-07-03T10:57:58.221Z - [36mverbose[39m: Rendering page: /Users/damithch/Repos/git-mastery/git-mastery.github.io/lessons/gitPrep/index.md
2026-07-03T10:57:58.243Z - [32minfo[39m: Site data built
2026-07-03T10:57:58.243Z - [32minfo[39m: Lazy website regeneration complete! Total build time: 0.398s
2026-07-03T11:00:10.313Z - [32minfo[39m: Building /Users/damithch/Repos/git-mastery/git-mastery.github.io/lessons/trail/recordingFolderHistory/index as some of its dependencies were changed since the last visit
2026-07-03T11:00:10.932Z - [36mverbose[39m: Rendering page: /Users/damithch/Repos/git-mastery/git-mastery.github.io/lessons/trail/recordingFolderHistory/index.md
2026-07-03T11:00:10.995Z - [32minfo[39m: Site data built
2026-07-03T11:00:10.995Z - [32minfo[39m: Lazy website regeneration complete! Total build time: 0.683s
2026-07-03T11:00:50.058Z - [32minfo[39m: Building /Users/damithch/Repos/git-mastery/git-mastery.github.io/lessons/init/index as some of its dependencies were changed since the last visit
2026-07-03T11:00:50.220Z - [36mverbose[39m: Rendering page: /Users/damithch/Repos/git-mastery/git-mastery.github.io/lessons/init/index.md
2026-07-03T11:00:50.239Z - [32minfo[39m: Site data built
2026-07-03T11:00:50.240Z - [32minfo[39m: Lazy website regeneration complete! Total build time: 0.182s
2026-07-03T11:06:58.283Z - [32minfo[39m: [19:06:58] Reload for file change: /Users/damithch/Repos/git-mastery/git-mastery.github.io/lessons/init/text.md
2026-07-03T11:06:58.287Z - [32minfo[39m: Synchronizing opened pages list before reload
2026-07-03T11:06:58.289Z - [32minfo[39m: Current opened pages, from most-to-least recent:
2026-07-03T11:06:58.289Z - [32minfo[39m: 1. lessons/init/index
2026-07-03T11:06:59.316Z - [32minfo[39m: Rebuilding 1 pages
2026-07-03T11:06:59.533Z - [36mverbose[39m: Rendering page: /Users/damithch/Repos/git-mastery/git-mastery.github.io/lessons/init/index.md
2026-07-03T11:06:59.554Z - [32minfo[39m: Site data built
2026-07-03T11:06:59.554Z - [32minfo[39m: Pages rebuilt
2026-07-03T11:06:59.554Z - [32minfo[39m: Website regeneration complete! Total build time: 0.259s
2026-07-03T11:13:57.733Z - [32minfo[39m: [19:13:57] Reload for file change: /Users/damithch/Repos/git-mastery/git-mastery.github.io/lessons/init/text.md
2026-07-03T11:13:57.738Z - [32minfo[39m: Synchronizing opened pages list before reload
2026-07-03T11:13:57.740Z - [32minfo[39m: Current opened pages, from most-to-least recent:
2026-07-03T11:13:57.740Z - [32minfo[39m: 1. lessons/init/index
2026-07-03T11:13:58.764Z - [32minfo[39m: Rebuilding 1 pages
2026-07-03T11:13:58.950Z - [36mverbose[39m: Rendering page: /Users/damithch/Repos/git-mastery/git-mastery.github.io/lessons/init/index.md
2026-07-03T11:13:58.976Z - [32minfo[39m: Site data built
2026-07-03T11:13:58.976Z - [32minfo[39m: Pages rebuilt
2026-07-03T11:13:58.976Z - [32minfo[39m: Website regeneration complete! Total build time: 0.232s
2026-07-03T11:14:45.137Z - [32minfo[39m: [19:14:45] Reload for file change: /Users/damithch/Repos/git-mastery/git-mastery.github.io/lessons/init/text.md
2026-07-03T11:14:45.138Z - [32minfo[39m: Synchronizing opened pages list before reload
2026-07-03T11:14:45.139Z - [32minfo[39m: Current opened pages, from most-to-least recent:
2026-07-03T11:14:45.139Z - [32minfo[39m: 1. lessons/init/index
2026-07-03T11:14:46.156Z - [32minfo[39m: Rebuilding 1 pages
2026-07-03T11:14:46.363Z - [36mverbose[39m: Rendering page: /Users/damithch/Repos/git-mastery/git-mastery.github.io/lessons/init/index.md
2026-07-03T11:14:46.389Z - [32minfo[39m: Site data built
2026-07-03T11:14:46.389Z - [32minfo[39m: Pages rebuilt
2026-07-03T11:14:46.389Z - [32minfo[39m: Website regeneration complete! Total build time: 0.248s
2026-07-03T11:16:32.758Z - [32minfo[39m: [19:16:32] Reload for file change: /Users/damithch/Repos/git-mastery/git-mastery.github.io/lessons/init/text.md
2026-07-03T11:16:32.767Z - [32minfo[39m: Synchronizing opened pages list before reload
2026-07-03T11:16:32.769Z - [32minfo[39m: Current opened pages, from most-to-least recent:
2026-07-03T11:16:32.769Z - [32minfo[39m: 1. lessons/init/index
2026-07-03T11:16:33.797Z - [32minfo[39m: Rebuilding 1 pages
2026-07-03T11:16:34.263Z - [36mverbose[39m: Rendering page: /Users/damithch/Repos/git-mastery/git-mastery.github.io/lessons/init/index.md
2026-07-03T11:16:34.297Z - [32minfo[39m: Site data built
2026-07-03T11:16:34.297Z - [32minfo[39m: Pages rebuilt
2026-07-03T11:16:34.297Z - [32minfo[39m: Website regeneration complete! Total build time: 0.523s
2026-07-03T11:17:31.014Z - [32minfo[39m: [19:17:31] Reload for file change: /Users/damithch/Repos/git-mastery/git-mastery.github.io/lessons/init/text.md
2026-07-03T11:17:31.015Z - [32minfo[39m: Synchronizing opened pages list before reload
2026-07-03T11:17:31.015Z - [32minfo[39m: Current opened pages, from most-to-least recent:
2026-07-03T11:17:31.016Z - [32minfo[39m: 1. lessons/init/index
2026-07-03T11:17:32.018Z - [32minfo[39m: Rebuilding 1 pages
2026-07-03T11:17:32.163Z - [36mverbose[39m: Rendering page: /Users/damithch/Repos/git-mastery/git-mastery.github.io/lessons/init/index.md
2026-07-03T11:17:32.184Z - [32minfo[39m: Site data built
2026-07-03T11:17:32.184Z - [32minfo[39m: Pages rebuilt
2026-07-03T11:17:32.184Z - [32minfo[39m: Website regeneration complete! Total build time: 0.168s
2026-07-03T11:22:34.626Z - [32minfo[39m: Building /Users/damithch/Repos/git-mastery/git-mastery.github.io/lessons/stage/index as some of its dependencies were changed since the last visit
2026-07-03T11:22:34.883Z - [36mverbose[39m: Rendering page: /Users/damithch/Repos/git-mastery/git-mastery.github.io/lessons/stage/index.md
2026-07-03T11:22:34.911Z - [32minfo[39m: Site data built
2026-07-03T11:22:34.911Z - [32minfo[39m: Lazy website regeneration complete! Total build time: 0.285s
2026-07-03T11:24:05.751Z - [32minfo[39m: [19:24:05] Reload for file change: /Users/damithch/Repos/git-mastery/git-mastery.github.io/lessons/stage/text.md
2026-07-03T11:24:05.756Z - [32minfo[39m: Synchronizing opened pages list before reload
2026-07-03T11:24:05.757Z - [32minfo[39m: Current opened pages, from most-to-least recent:
2026-07-03T11:24:05.758Z - [32minfo[39m: 1. lessons/stage/index
2026-07-03T11:24:06.778Z - [32minfo[39m: Rebuilding 1 pages
2026-07-03T11:24:07.084Z - [36mverbose[39m: Rendering page: /Users/damithch/Repos/git-mastery/git-mastery.github.io/lessons/stage/index.md
2026-07-03T11:24:07.116Z - [32minfo[39m: Site data built
2026-07-03T11:24:07.116Z - [32minfo[39m: Pages rebuilt
2026-07-03T11:24:07.116Z - [32minfo[39m: Website regeneration complete! Total build time: 0.353s
2026-07-03T11:26:22.658Z - [32minfo[39m: [19:26:22] Reload for file change: /Users/damithch/Repos/git-mastery/git-mastery.github.io/lessons/stage/text.md
2026-07-03T11:26:22.661Z - [32minfo[39m: Synchronizing opened pages list before reload
2026-07-03T11:26:22.663Z - [32minfo[39m: Current opened pages, from most-to-least recent:
2026-07-03T11:26:22.663Z - [32minfo[39m: 1. lessons/stage/index
2026-07-03T11:26:23.682Z - [32minfo[39m: Rebuilding 1 pages
2026-07-03T11:26:23.932Z - [36mverbose[39m: Rendering page: /Users/damithch/Repos/git-mastery/git-mastery.github.io/lessons/stage/index.md
2026-07-03T11:26:23.957Z - [32minfo[39m: Site data built
2026-07-03T11:26:23.957Z - [32minfo[39m: Pages rebuilt
2026-07-03T11:26:23.957Z - [32minfo[39m: Website regeneration complete! Total build time: 0.291s
2026-07-03T11:27:16.685Z - [32minfo[39m: [19:27:16] Reload for file change: /Users/damithch/Repos/git-mastery/git-mastery.github.io/lessons/stage/text.md
2026-07-03T11:27:16.706Z - [32minfo[39m: Synchronizing opened pages list before reload
2026-07-03T11:27:16.706Z - [32minfo[39m: Current opened pages, from most-to-least recent:
2026-07-03T11:27:16.706Z - [32minfo[39m: 1. lessons/stage/index
2026-07-03T11:27:17.732Z - [32minfo[39m: Rebuilding 1 pages
2026-07-03T11:27:17.943Z - [36mverbose[39m: Rendering page: /Users/damithch/Repos/git-mastery/git-mastery.github.io/lessons/stage/index.md
2026-07-03T11:27:17.966Z - [32minfo[39m: Site data built
2026-07-03T11:27:17.966Z - [32minfo[39m: Pages rebuilt
2026-07-03T11:27:17.966Z - [32minfo[39m: Website regeneration complete! Total build time: 0.254s
2026-07-03T11:28:45.504Z - [32minfo[39m: [19:28:45] Reload for file change: /Users/damithch/Repos/git-mastery/git-mastery.github.io/lessons/stage/text.md
2026-07-03T11:28:45.514Z - [32minfo[39m: Synchronizing opened pages list before reload
2026-07-03T11:28:45.516Z - [32minfo[39m: Current opened pages, from most-to-least recent:
2026-07-03T11:28:45.516Z - [32minfo[39m: 1. lessons/stage/index
2026-07-03T11:28:46.537Z - [32minfo[39m: Rebuilding 1 pages
2026-07-03T11:28:46.754Z - [36mverbose[39m: Rendering page: /Users/damithch/Repos/git-mastery/git-mastery.github.io/lessons/stage/index.md
2026-07-03T11:28:46.777Z - [32minfo[39m: Site data built
2026-07-03T11:28:46.778Z - [32minfo[39m: Pages rebuilt
2026-07-03T11:28:46.778Z - [32minfo[39m: Website regeneration complete! Total build time: 0.259s
2026-07-03T12:18:57.963Z - [32minfo[39m: [20:18:57] Reload for file change: /Users/damithch/Repos/git-mastery/git-mastery.github.io/lessons/stage/steps-stage-new-file-fragment.md
2026-07-03T12:18:57.975Z - [32minfo[39m: Synchronizing opened pages list before reload
2026-07-03T12:18:57.980Z - [32minfo[39m: Current opened pages, from most-to-least recent:
2026-07-03T12:18:57.981Z - [32minfo[39m: 1. lessons/stage/index
2026-07-03T12:18:59.020Z - [32minfo[39m: Rebuilding 1 pages
2026-07-03T12:18:59.475Z - [36mverbose[39m: Rendering page: /Users/damithch/Repos/git-mastery/git-mastery.github.io/lessons/stage/index.md
2026-07-03T12:18:59.495Z - [32minfo[39m: Site data built
2026-07-03T12:18:59.495Z - [32minfo[39m: Pages rebuilt
2026-07-03T12:18:59.495Z - [32minfo[39m: Website regeneration complete! Total build time: 0.492s
2026-07-03T12:19:23.377Z - [32minfo[39m: [20:19:23] Reload for file change: /Users/damithch/Repos/git-mastery/git-mastery.github.io/lessons/stage/steps-stage-new-file-fragment.md
2026-07-03T12:19:23.379Z - [32minfo[39m: Synchronizing opened pages list before reload
2026-07-03T12:19:23.379Z - [32minfo[39m: Current opened pages, from most-to-least recent:
2026-07-03T12:19:23.379Z - [32minfo[39m: 1. lessons/stage/index
2026-07-03T12:19:24.386Z - [32minfo[39m: Rebuilding 1 pages
2026-07-03T12:19:24.613Z - [36mverbose[39m: Rendering page: /Users/damithch/Repos/git-mastery/git-mastery.github.io/lessons/stage/index.md
2026-07-03T12:19:24.646Z - [32minfo[39m: Site data built
2026-07-03T12:19:24.646Z - [32minfo[39m: Pages rebuilt
2026-07-03T12:19:24.646Z - [32minfo[39m: Website regeneration complete! Total build time: 0.262s
2026-07-03T12:22:18.467Z - [32minfo[39m: [20:22:18] Reload for file change: /Users/damithch/Repos/git-mastery/git-mastery.github.io/lessons/stage/text.md
2026-07-03T12:22:18.474Z - [32minfo[39m: Synchronizing opened pages list before reload
2026-07-03T12:22:18.476Z - [32minfo[39m: Current opened pages, from most-to-least recent:
2026-07-03T12:22:18.478Z - [32minfo[39m: 1. lessons/stage/index
2026-07-03T12:22:19.499Z - [32minfo[39m: Rebuilding 1 pages
2026-07-03T12:22:19.737Z - [36mverbose[39m: Rendering page: /Users/damithch/Repos/git-mastery/git-mastery.github.io/lessons/stage/index.md
2026-07-03T12:22:19.757Z - [32minfo[39m: Site data built
2026-07-03T12:22:19.758Z - [32minfo[39m: Pages rebuilt
2026-07-03T12:22:19.758Z - [32minfo[39m: Website regeneration complete! Total build time: 0.277s
2026-07-03T12:29:39.479Z - [32minfo[39m: [20:29:39] Reload for file change: /Users/damithch/Repos/git-mastery/git-mastery.github.io/lessons/worktrees/text.md
2026-07-03T12:29:39.486Z - [32minfo[39m: Synchronizing opened pages list before reload
2026-07-03T12:29:39.490Z - [32minfo[39m: Current opened pages, from most-to-least recent:
2026-07-03T12:29:39.490Z - [32minfo[39m: 1. lessons/stage/index
2026-07-03T12:29:39.492Z - [32minfo[39m: [20:29:39] Reload for file change: /Users/damithch/Repos/git-mastery/git-mastery.github.io/lessons/mergeConflicts/text.md
2026-07-03T12:29:39.492Z - [32minfo[39m: Synchronizing opened pages list before reload
2026-07-03T12:29:39.492Z - [32minfo[39m: Current opened pages, from most-to-least recent:
2026-07-03T12:29:39.492Z - [32minfo[39m: 1. lessons/stage/index
2026-07-03T12:29:39.493Z - [32minfo[39m: [20:29:39] Reload for file change: /Users/damithch/Repos/git-mastery/git-mastery.github.io/lessons/branch/text.md
2026-07-03T12:29:39.493Z - [32minfo[39m: Synchronizing opened pages list before reload
2026-07-03T12:29:39.493Z - [32minfo[39m: Current opened pages, from most-to-least recent:
2026-07-03T12:29:39.493Z - [32minfo[39m: 1. lessons/stage/index
2026-07-03T12:29:39.493Z - [32minfo[39m: [20:29:39] Reload for file change: /Users/damithch/Repos/git-mastery/git-mastery.github.io/lessons/merge/text.md
2026-07-03T12:29:39.494Z - [32minfo[39m: Synchronizing opened pages list before reload
2026-07-03T12:29:39.494Z - [32minfo[39m: Current opened pages, from most-to-least recent:
2026-07-03T12:29:39.494Z - [32minfo[39m: 1. lessons/stage/index
2026-07-03T12:29:39.532Z - [32minfo[39m: [20:29:39] Reload for file change: /Users/damithch/Repos/git-mastery/git-mastery.github.io/lessons/prsCreate/exercise-create-pr-from-main.md
2026-07-03T12:29:39.532Z - [32minfo[39m: Synchronizing opened pages list before reload
2026-07-03T12:29:39.532Z - [32minfo[39m: Current opened pages, from most-to-least recent:
2026-07-03T12:29:39.532Z - [32minfo[39m: 1. lessons/stage/index
2026-07-03T12:29:40.515Z - [32minfo[39m: No pages needed to be rebuilt
2026-07-03T12:32:16.431Z - [32minfo[39m: [20:32:16] Reload for file change: /Users/damithch/Repos/git-mastery/git-mastery.github.io/lessons/stage/steps-stage-new-file-fragment.md
2026-07-03T12:32:16.436Z - [32minfo[39m: Synchronizing opened pages list before reload
2026-07-03T12:32:16.437Z - [32minfo[39m: Current opened pages, from most-to-least recent:
2026-07-03T12:32:16.437Z - [32minfo[39m: 1. lessons/stage/index
2026-07-03T12:32:17.456Z - [32minfo[39m: Rebuilding 1 pages
2026-07-03T12:32:17.725Z - [36mverbose[39m: Rendering page: /Users/damithch/Repos/git-mastery/git-mastery.github.io/lessons/stage/index.md
2026-07-03T12:32:17.754Z - [32minfo[39m: Site data built
2026-07-03T12:32:17.754Z - [32minfo[39m: Pages rebuilt
2026-07-03T12:32:17.754Z - [32minfo[39m: Website regeneration complete! Total build time: 0.313s
2026-07-03T12:33:07.490Z - [32minfo[39m: [20:33:07] Reload for file change: /Users/damithch/Repos/git-mastery/git-mastery.github.io/lessons/stage/steps-stage-new-file-fragment.md
2026-07-03T12:33:07.494Z - [32minfo[39m: Synchronizing opened pages list before reload
2026-07-03T12:33:07.494Z - [32minfo[39m: Current opened pages, from most-to-least recent:
2026-07-03T12:33:07.494Z - [32minfo[39m: 1. lessons/stage/index
2026-07-03T12:33:08.516Z - [32minfo[39m: Rebuilding 1 pages
2026-07-03T12:33:08.757Z - [36mverbose[39m: Rendering page: /Users/damithch/Repos/git-mastery/git-mastery.github.io/lessons/stage/index.md
2026-07-03T12:33:08.778Z - [32minfo[39m: Site data built
2026-07-03T12:33:08.779Z - [32minfo[39m: Pages rebuilt
2026-07-03T12:33:08.779Z - [32minfo[39m: Website regeneration complete! Total build time: 0.277s
2026-07-03T13:39:15.109Z - [32minfo[39m: Building /Users/damithch/Repos/git-mastery/git-mastery.github.io/lessons/commit/index as some of its dependencies were changed since the last visit
2026-07-03T13:39:15.330Z - [36mverbose[39m: Rendering page: /Users/damithch/Repos/git-mastery/git-mastery.github.io/lessons/commit/index.md
2026-07-03T13:39:15.360Z - [32minfo[39m: Site data built
2026-07-03T13:39:15.360Z - [32minfo[39m: Lazy website regeneration complete! Total build time: 0.258s
2026-07-03T13:50:14.320Z - [32minfo[39m: [21:50:14] Reload for file change: /Users/damithch/Repos/git-mastery/git-mastery.github.io/index.md
2026-07-03T13:50:14.324Z - [32minfo[39m: Synchronizing opened pages list before reload
2026-07-03T13:50:14.325Z - [32minfo[39m: Current opened pages, from most-to-least recent:
2026-07-03T13:50:14.325Z - [32minfo[39m: 1. lessons/commit/index
2026-07-03T13:50:14.326Z - [32minfo[39m: [21:50:14] Reload for file change: /Users/damithch/Repos/git-mastery/git-mastery.github.io/lessons/merge/text.md
2026-07-03T13:50:14.326Z - [32minfo[39m: Synchronizing opened pages list before reload
2026-07-03T13:50:14.326Z - [32minfo[39m: Current opened pages, from most-to-least recent:
2026-07-03T13:50:14.326Z - [32minfo[39m: 1. lessons/commit/index
2026-07-03T13:50:14.327Z - [32minfo[39m: [21:50:14] Reload for file change: /Users/damithch/Repos/git-mastery/git-mastery.github.io/lessons/worktrees/text.md
2026-07-03T13:50:14.327Z - [32minfo[39m: Synchronizing opened pages list before reload
2026-07-03T13:50:14.327Z - [32minfo[39m: Current opened pages, from most-to-least recent:
2026-07-03T13:50:14.327Z - [32minfo[39m: 1. lessons/commit/index
2026-07-03T13:50:14.327Z - [32minfo[39m: [21:50:14] Reload for file change: /Users/damithch/Repos/git-mastery/git-mastery.github.io/site.json
2026-07-03T13:50:14.327Z - [32minfo[39m: Synchronizing opened pages list before reload
2026-07-03T13:50:14.327Z - [32minfo[39m: Current opened pages, from most-to-least recent:
2026-07-03T13:50:14.327Z - [32minfo[39m: 1. lessons/commit/index
2026-07-03T13:50:14.397Z - [32minfo[39m: [21:50:14] Reload for file change: /Users/damithch/Repos/git-mastery/git-mastery.github.io/lessons/stage/text.md
2026-07-03T13:50:14.397Z - [32minfo[39m: Synchronizing opened pages list before reload
2026-07-03T13:50:14.397Z - [32minfo[39m: Current opened pages, from most-to-least recent:
2026-07-03T13:50:14.397Z - [32minfo[39m: 1. lessons/commit/index
2026-07-03T13:50:14.398Z - [32minfo[39m: [21:50:14] Reload for file change: /Users/damithch/Repos/git-mastery/git-mastery.github.io/lessons/prsCreate/exercise-create-pr-from-main.md
2026-07-03T13:50:14.398Z - [32minfo[39m: Synchronizing opened pages list before reload
2026-07-03T13:50:14.398Z - [32minfo[39m: Current opened pages, from most-to-least recent:
2026-07-03T13:50:14.398Z - [32minfo[39m: 1. lessons/commit/index
2026-07-03T13:50:14.398Z - [32minfo[39m: [21:50:14] Reload for file change: /Users/damithch/Repos/git-mastery/git-mastery.github.io/lessons/intro/text.md
2026-07-03T13:50:14.398Z - [32minfo[39m: Synchronizing opened pages list before reload
2026-07-03T13:50:14.398Z - [32minfo[39m: Current opened pages, from most-to-least recent:
2026-07-03T13:50:14.398Z - [32minfo[39m: 1. lessons/commit/index
2026-07-03T13:50:14.398Z - [32minfo[39m: [21:50:14] Reload for file change: /Users/damithch/Repos/git-mastery/git-mastery.github.io/lessons/branch/text.md
2026-07-03T13:50:14.398Z - [32minfo[39m: Synchronizing opened pages list before reload
2026-07-03T13:50:14.398Z - [32minfo[39m: Current opened pages, from most-to-least recent:
2026-07-03T13:50:14.398Z - [32minfo[39m: 1. lessons/commit/index
2026-07-03T13:50:14.398Z - [32minfo[39m: [21:50:14] Reload for file change: /Users/damithch/Repos/git-mastery/git-mastery.github.io/lessons/trail/recordingFolderHistory/text.md
2026-07-03T13:50:14.398Z - [32minfo[39m: Synchronizing opened pages list before reload
2026-07-03T13:50:14.398Z - [32minfo[39m: Current opened pages, from most-to-least recent:
2026-07-03T13:50:14.398Z - [32minfo[39m: 1. lessons/commit/index
2026-07-03T13:50:14.398Z - [32minfo[39m: [21:50:14] Reload for file change: /Users/damithch/Repos/git-mastery/git-mastery.github.io/lessons/mergeConflicts/text.md
2026-07-03T13:50:14.398Z - [32minfo[39m: Synchronizing opened pages list before reload
2026-07-03T13:50:14.398Z - [32minfo[39m: Current opened pages, from most-to-least recent:
2026-07-03T13:50:14.398Z - [32minfo[39m: 1. lessons/commit/index
2026-07-03T13:50:14.398Z - [32minfo[39m: [21:50:14] Reload for file change: /Users/damithch/Repos/git-mastery/git-mastery.github.io/lessons/init/text.md
2026-07-03T13:50:14.399Z - [32minfo[39m: Synchronizing opened pages list before reload
2026-07-03T13:50:14.399Z - [32minfo[39m: Current opened pages, from most-to-least recent:
2026-07-03T13:50:14.399Z - [32minfo[39m: 1. lessons/commit/index
2026-07-03T13:50:14.399Z - [32minfo[39m: [21:50:14] Reload for file change: /Users/damithch/Repos/git-mastery/git-mastery.github.io/common/macros.njk
2026-07-03T13:50:14.399Z - [32minfo[39m: Synchronizing opened pages list before reload
2026-07-03T13:50:14.399Z - [32minfo[39m: Current opened pages, from most-to-least recent:
2026-07-03T13:50:14.399Z - [32minfo[39m: 1. lessons/commit/index
2026-07-03T13:50:14.399Z - [32minfo[39m: [21:50:14] Reload for file change: /Users/damithch/Repos/git-mastery/git-mastery.github.io/lessons/stage/steps-stage-new-file-fragment.md
2026-07-03T13:50:14.399Z - [32minfo[39m: Synchronizing opened pages list before reload
2026-07-03T13:50:14.399Z - [32minfo[39m: Current opened pages, from most-to-least recent:
2026-07-03T13:50:14.399Z - [32minfo[39m: 1. lessons/commit/index
2026-07-03T13:50:14.400Z - [32minfo[39m: [21:50:14] Reload for file change: /Users/damithch/Repos/git-mastery/git-mastery.github.io/_markbind/plugins/custardui.js
2026-07-03T13:50:14.400Z - [32minfo[39m: Synchronizing opened pages list before reload
2026-07-03T13:50:14.400Z - [32minfo[39m: Current opened pages, from most-to-least recent:
2026-07-03T13:50:14.400Z - [32minfo[39m: 1. lessons/commit/index
2026-07-03T13:50:14.402Z - [32minfo[39m: [21:50:14] Reload for file deletion: /Users/damithch/Repos/git-mastery/git-mastery.github.io/_markbind/layouts/cs2103.md
2026-07-03T13:50:14.402Z - [32minfo[39m: Synchronizing opened pages list before reload
2026-07-03T13:50:14.402Z - [32minfo[39m: Current opened pages, from most-to-least recent:
2026-07-03T13:50:14.402Z - [32minfo[39m: 1. lessons/commit/index
2026-07-03T13:50:14.428Z - [32minfo[39m: [21:50:14] Reload for file deletion: /Users/damithch/Repos/git-mastery/git-mastery.github.io/versions/cs2103/insertions.md
2026-07-03T13:50:14.428Z - [32minfo[39m: Synchronizing opened pages list before reload
2026-07-03T13:50:14.428Z - [32minfo[39m: Current opened pages, from most-to-least recent:
2026-07-03T13:50:14.428Z - [32minfo[39m: 1. lessons/commit/index
2026-07-03T13:50:14.455Z - [32minfo[39m: [21:50:14] Reload for file deletion: /Users/damithch/Repos/git-mastery/git-mastery.github.io/versions/cs2103/index.md
2026-07-03T13:50:14.455Z - [32minfo[39m: Synchronizing opened pages list before reload
2026-07-03T13:50:14.455Z - [32minfo[39m: Current opened pages, from most-to-least recent:
2026-07-03T13:50:14.455Z - [32minfo[39m: 1. lessons/commit/index
2026-07-03T13:50:14.482Z - [32minfo[39m: [21:50:14] Reload for file deletion: /Users/damithch/Repos/git-mastery/git-mastery.github.io/versions/cs2103/cs2103.json
2026-07-03T13:50:14.482Z - [32minfo[39m: Synchronizing opened pages list before reload
2026-07-03T13:50:14.482Z - [32minfo[39m: Current opened pages, from most-to-least recent:
2026-07-03T13:50:14.482Z - [32minfo[39m: 1. lessons/commit/index
2026-07-03T13:50:14.506Z - [32minfo[39m: [21:50:14] Reload for file deletion: /Users/damithch/Repos/git-mastery/git-mastery.github.io/versions/nus-cs2103-ay2526s2/nus-cs2103-ay2526s2.json
2026-07-03T13:50:14.506Z - [32minfo[39m: Synchronizing opened pages list before reload
2026-07-03T13:50:14.506Z - [32minfo[39m: Current opened pages, from most-to-least recent:
2026-07-03T13:50:14.506Z - [32minfo[39m: 1. lessons/commit/index
2026-07-03T13:50:14.533Z - [32minfo[39m: [21:50:14] Reload for file deletion: /Users/damithch/Repos/git-mastery/git-mastery.github.io/versions/nus-cs2113-ay2526s2/nus-cs2113-ay2526s2.json
2026-07-03T13:50:14.533Z - [32minfo[39m: Synchronizing opened pages list before reload
2026-07-03T13:50:14.533Z - [32minfo[39m: Current opened pages, from most-to-least recent:
2026-07-03T13:50:14.534Z - [32minfo[39m: 1. lessons/commit/index
2026-07-03T13:50:14.568Z - [32minfo[39m: [21:50:14] Reload for file deletion: /Users/damithch/Repos/git-mastery/git-mastery.github.io/lessons/intro/images/revisionsVsVersions.png
2026-07-03T13:50:14.568Z - [32minfo[39m: Synchronizing opened pages list before reload
2026-07-03T13:50:14.569Z - [32minfo[39m: Current opened pages, from most-to-least recent:
2026-07-03T13:50:14.569Z - [32minfo[39m: 1. lessons/commit/index
2026-07-03T13:50:14.595Z - [32minfo[39m: [21:50:14] Reload for file add: /Users/damithch/Repos/git-mastery/git-mastery.github.io/nus-cs2103-ay2526s2/nus-cs2103-ay2526s2.json
2026-07-03T13:50:14.595Z - [32minfo[39m: Synchronizing opened pages list before reload
2026-07-03T13:50:14.595Z - [32minfo[39m: Current opened pages, from most-to-least recent:
2026-07-03T13:50:14.595Z - [32minfo[39m: 1. lessons/commit/index
2026-07-03T13:50:14.625Z - [32minfo[39m: [21:50:14] Reload for file add: /Users/damithch/Repos/git-mastery/git-mastery.github.io/nus-cs2113-ay2526s2/nus-cs2113-ay2526s2.json
2026-07-03T13:50:14.625Z - [32minfo[39m: Synchronizing opened pages list before reload
2026-07-03T13:50:14.625Z - [32minfo[39m: Current opened pages, from most-to-least recent:
2026-07-03T13:50:14.625Z - [32minfo[39m: 1. lessons/commit/index
2026-07-03T13:50:15.411Z - [32minfo[39m: Rebuilding 1 pages
2026-07-03T13:50:15.513Z - [32minfo[39m: Pages or site config modified, updating pages...
2026-07-03T13:50:15.545Z - [34mdebug[39m: Assets removed
2026-07-03T13:50:15.558Z - [36mverbose[39m: Rendering page: /Users/damithch/Repos/git-mastery/git-mastery.github.io/lessons/commit/index.md
2026-07-03T13:50:15.576Z - [32minfo[39m: Assets built
2026-07-03T13:50:15.577Z - [32minfo[39m: Site data built
2026-07-03T13:50:15.577Z - [32minfo[39m: Pages rebuilt
2026-07-03T13:50:15.577Z - [32minfo[39m: Website regeneration complete! Total build time: 0.173s
2026-07-03T13:50:16.544Z - [32minfo[39m: Building /Users/damithch/Repos/git-mastery/git-mastery.github.io/lessons/commit/index as some of its dependencies were changed since the last visit
2026-07-03T13:50:16.680Z - [36mverbose[39m: Rendering page: /Users/damithch/Repos/git-mastery/git-mastery.github.io/lessons/commit/index.md
2026-07-03T13:50:16.702Z - [32minfo[39m: Site data built
2026-07-03T13:50:16.702Z - [32minfo[39m: Lazy website regeneration complete! Total build time: 0.158s
2026-07-03T13:50:16.703Z - [32minfo[39m: Pages or site config modified, updating pages...
2026-07-03T13:50:17.734Z - [32minfo[39m: Building /Users/damithch/Repos/git-mastery/git-mastery.github.io/lessons/commit/index as some of its dependencies were changed since the last visit
2026-07-03T13:50:17.824Z - [36mverbose[39m: Rendering page: /Users/damithch/Repos/git-mastery/git-mastery.github.io/lessons/commit/index.md
2026-07-03T13:50:17.841Z - [32minfo[39m: Site data built
2026-07-03T13:50:17.841Z - [32minfo[39m: Lazy website regeneration complete! Total build time: 0.107s
2026-07-03T13:50:17.841Z - [32minfo[39m: Site data built
2026-07-03T13:50:27.401Z - [32minfo[39m: [21:50:27] Reload for file change: /Users/damithch/Repos/git-mastery/git-mastery.github.io/site.json
2026-07-03T13:50:27.402Z - [32minfo[39m: Synchronizing opened pages list before reload
2026-07-03T13:50:27.403Z - [32minfo[39m: Current opened pages, from most-to-least recent:
2026-07-03T13:50:27.403Z - [32minfo[39m: 1. lessons/commit/index
2026-07-03T13:50:27.485Z - [32minfo[39m: [21:50:27] Reload for file change: /Users/damithch/Repos/git-mastery/git-mastery.github.io/_markbind/plugins/custardui.js
2026-07-03T13:50:27.486Z - [32minfo[39m: Synchronizing opened pages list before reload
2026-07-03T13:50:27.486Z - [32minfo[39m: Current opened pages, from most-to-least recent:
2026-07-03T13:50:27.486Z - [32minfo[39m: 1. lessons/commit/index
2026-07-03T13:50:27.486Z - [32minfo[39m: [21:50:27] Reload for file deletion: /Users/damithch/Repos/git-mastery/git-mastery.github.io/nus-cs2113-ay2526s2/nus-cs2113-ay2526s2.json
2026-07-03T13:50:27.486Z - [32minfo[39m: Synchronizing opened pages list before reload
2026-07-03T13:50:27.486Z - [32minfo[39m: Current opened pages, from most-to-least recent:
2026-07-03T13:50:27.486Z - [32minfo[39m: 1. lessons/commit/index
2026-07-03T13:50:27.513Z - [32minfo[39m: [21:50:27] Reload for file deletion: /Users/damithch/Repos/git-mastery/git-mastery.github.io/nus-cs2103-ay2526s2/nus-cs2103-ay2526s2.json
2026-07-03T13:50:27.513Z - [32minfo[39m: Synchronizing opened pages list before reload
2026-07-03T13:50:27.513Z - [32minfo[39m: Current opened pages, from most-to-least recent:
2026-07-03T13:50:27.513Z - [32minfo[39m: 1. lessons/commit/index
2026-07-03T13:50:27.536Z - [32minfo[39m: [21:50:27] Reload for file add: /Users/damithch/Repos/git-mastery/git-mastery.github.io/_markbind/layouts/cs2103.md
2026-07-03T13:50:27.536Z - [32minfo[39m: Synchronizing opened pages list before reload
2026-07-03T13:50:27.536Z - [32minfo[39m: Current opened pages, from most-to-least recent:
2026-07-03T13:50:27.536Z - [32minfo[39m: 1. lessons/commit/index
2026-07-03T13:50:27.557Z - [32minfo[39m: [21:50:27] Reload for file add: /Users/damithch/Repos/git-mastery/git-mastery.github.io/versions/cs2103/cs2103.json
2026-07-03T13:50:27.557Z - [32minfo[39m: Synchronizing opened pages list before reload
2026-07-03T13:50:27.557Z - [32minfo[39m: Current opened pages, from most-to-least recent:
2026-07-03T13:50:27.557Z - [32minfo[39m: 1. lessons/commit/index
2026-07-03T13:50:27.577Z - [32minfo[39m: [21:50:27] Reload for file add: /Users/damithch/Repos/git-mastery/git-mastery.github.io/versions/cs2103/index.md
2026-07-03T13:50:27.577Z - [32minfo[39m: Synchronizing opened pages list before reload
2026-07-03T13:50:27.577Z - [32minfo[39m: Current opened pages, from most-to-least recent:
2026-07-03T13:50:27.577Z - [32minfo[39m: 1. lessons/commit/index
2026-07-03T13:50:27.599Z - [32minfo[39m: [21:50:27] Reload for file add: /Users/damithch/Repos/git-mastery/git-mastery.github.io/versions/cs2103/insertions.md
2026-07-03T13:50:27.599Z - [32minfo[39m: Synchronizing opened pages list before reload
2026-07-03T13:50:27.599Z - [32minfo[39m: Current opened pages, from most-to-least recent:
2026-07-03T13:50:27.599Z - [32minfo[39m: 1. lessons/commit/index
2026-07-03T13:50:27.618Z - [32minfo[39m: [21:50:27] Reload for file add: /Users/damithch/Repos/git-mastery/git-mastery.github.io/versions/nus-cs2113-ay2526s2/nus-cs2113-ay2526s2.json
2026-07-03T13:50:27.618Z - [32minfo[39m: Synchronizing opened pages list before reload
2026-07-03T13:50:27.618Z - [32minfo[39m: Current opened pages, from most-to-least recent:
2026-07-03T13:50:27.618Z - [32minfo[39m: 1. lessons/commit/index
2026-07-03T13:50:27.637Z - [32minfo[39m: [21:50:27] Reload for file add: /Users/damithch/Repos/git-mastery/git-mastery.github.io/versions/nus-cs2103-ay2526s2/nus-cs2103-ay2526s2.json
2026-07-03T13:50:27.637Z - [32minfo[39m: Synchronizing opened pages list before reload
2026-07-03T13:50:27.637Z - [32minfo[39m: Current opened pages, from most-to-least recent:
2026-07-03T13:50:27.637Z - [32minfo[39m: 1. lessons/commit/index
2026-07-03T13:50:28.489Z - [34mdebug[39m: Assets removed
2026-07-03T13:50:28.497Z - [32minfo[39m: Assets built
2026-07-03T13:50:28.600Z - [32minfo[39m: Pages or site config modified, updating pages...
2026-07-03T13:50:29.649Z - [32minfo[39m: Building /Users/damithch/Repos/git-mastery/git-mastery.github.io/lessons/commit/index as some of its dependencies were changed since the last visit
2026-07-03T13:50:29.748Z - [36mverbose[39m: Rendering page: /Users/damithch/Repos/git-mastery/git-mastery.github.io/lessons/commit/index.md
2026-07-03T13:50:29.766Z - [32minfo[39m: Site data built
2026-07-03T13:50:29.766Z - [32minfo[39m: Lazy website regeneration complete! Total build time: 0.117s
2026-07-03T13:50:29.768Z - [32minfo[39m: Site data built
2026-07-03T13:50:36.804Z - [32minfo[39m: [21:50:36] Reload for file change: /Users/damithch/Repos/git-mastery/git-mastery.github.io/lessons/merge/text.md
2026-07-03T13:50:36.805Z - [32minfo[39m: Synchronizing opened pages list before reload
2026-07-03T13:50:36.807Z - [32minfo[39m: Current opened pages, from most-to-least recent:
2026-07-03T13:50:36.807Z - [32minfo[39m: 1. lessons/commit/index
2026-07-03T13:50:36.811Z - [32minfo[39m: [21:50:36] Reload for file change: /Users/damithch/Repos/git-mastery/git-mastery.github.io/lessons/worktrees/text.md
2026-07-03T13:50:36.811Z - [32minfo[39m: Synchronizing opened pages list before reload
2026-07-03T13:50:36.811Z - [32minfo[39m: Current opened pages, from most-to-least recent:
2026-07-03T13:50:36.811Z - [32minfo[39m: 1. lessons/commit/index
2026-07-03T13:50:36.812Z - [32minfo[39m: [21:50:36] Reload for file change: /Users/damithch/Repos/git-mastery/git-mastery.github.io/lessons/prsCreate/exercise-create-pr-from-main.md
2026-07-03T13:50:36.812Z - [32minfo[39m: Synchronizing opened pages list before reload
2026-07-03T13:50:36.812Z - [32minfo[39m: Current opened pages, from most-to-least recent:
2026-07-03T13:50:36.812Z - [32minfo[39m: 1. lessons/commit/index
2026-07-03T13:50:36.813Z - [32minfo[39m: [21:50:36] Reload for file change: /Users/damithch/Repos/git-mastery/git-mastery.github.io/lessons/branch/text.md
2026-07-03T13:50:36.813Z - [32minfo[39m: Synchronizing opened pages list before reload
2026-07-03T13:50:36.813Z - [32minfo[39m: Current opened pages, from most-to-least recent:
2026-07-03T13:50:36.813Z - [32minfo[39m: 1. lessons/commit/index
2026-07-03T13:50:36.814Z - [32minfo[39m: [21:50:36] Reload for file change: /Users/damithch/Repos/git-mastery/git-mastery.github.io/lessons/intro/text.md
2026-07-03T13:50:36.814Z - [32minfo[39m: Synchronizing opened pages list before reload
2026-07-03T13:50:36.814Z - [32minfo[39m: Current opened pages, from most-to-least recent:
2026-07-03T13:50:36.815Z - [32minfo[39m: 1. lessons/commit/index
2026-07-03T13:50:36.815Z - [32minfo[39m: [21:50:36] Reload for file change: /Users/damithch/Repos/git-mastery/git-mastery.github.io/index.md
2026-07-03T13:50:36.815Z - [32minfo[39m: Synchronizing opened pages list before reload
2026-07-03T13:50:36.815Z - [32minfo[39m: Current opened pages, from most-to-least recent:
2026-07-03T13:50:36.815Z - [32minfo[39m: 1. lessons/commit/index
2026-07-03T13:50:36.815Z - [32minfo[39m: [21:50:36] Reload for file change: /Users/damithch/Repos/git-mastery/git-mastery.github.io/lessons/stage/text.md
2026-07-03T13:50:36.815Z - [32minfo[39m: Synchronizing opened pages list before reload
2026-07-03T13:50:36.816Z - [32minfo[39m: Current opened pages, from most-to-least recent:
2026-07-03T13:50:36.816Z - [32minfo[39m: 1. lessons/commit/index
2026-07-03T13:50:36.816Z - [32minfo[39m: [21:50:36] Reload for file change: /Users/damithch/Repos/git-mastery/git-mastery.github.io/common/macros.njk
2026-07-03T13:50:36.816Z - [32minfo[39m: Synchronizing opened pages list before reload
2026-07-03T13:50:36.816Z - [32minfo[39m: Current opened pages, from most-to-least recent:
2026-07-03T13:50:36.816Z - [32minfo[39m: 1. lessons/commit/index
2026-07-03T13:50:36.816Z - [32minfo[39m: [21:50:36] Reload for file change: /Users/damithch/Repos/git-mastery/git-mastery.github.io/lessons/mergeConflicts/text.md
2026-07-03T13:50:36.817Z - [32minfo[39m: Synchronizing opened pages list before reload
2026-07-03T13:50:36.817Z - [32minfo[39m: Current opened pages, from most-to-least recent:
2026-07-03T13:50:36.817Z - [32minfo[39m: 1. lessons/commit/index
2026-07-03T13:50:36.817Z - [32minfo[39m: [21:50:36] Reload for file change: /Users/damithch/Repos/git-mastery/git-mastery.github.io/lessons/trail/recordingFolderHistory/text.md
2026-07-03T13:50:36.817Z - [32minfo[39m: Synchronizing opened pages list before reload
2026-07-03T13:50:36.817Z - [32minfo[39m: Current opened pages, from most-to-least recent:
2026-07-03T13:50:36.818Z - [32minfo[39m: 1. lessons/commit/index
2026-07-03T13:50:36.818Z - [32minfo[39m: [21:50:36] Reload for file change: /Users/damithch/Repos/git-mastery/git-mastery.github.io/lessons/init/text.md
2026-07-03T13:50:36.818Z - [32minfo[39m: Synchronizing opened pages list before reload
2026-07-03T13:50:36.818Z - [32minfo[39m: Current opened pages, from most-to-least recent:
2026-07-03T13:50:36.818Z - [32minfo[39m: 1. lessons/commit/index
2026-07-03T13:50:36.818Z - [32minfo[39m: [21:50:36] Reload for file change: /Users/damithch/Repos/git-mastery/git-mastery.github.io/lessons/stage/steps-stage-new-file-fragment.md
2026-07-03T13:50:36.818Z - [32minfo[39m: Synchronizing opened pages list before reload
2026-07-03T13:50:36.818Z - [32minfo[39m: Current opened pages, from most-to-least recent:
2026-07-03T13:50:36.819Z - [32minfo[39m: 1. lessons/commit/index
2026-07-03T13:50:36.825Z - [32minfo[39m: [21:50:36] Reload for file add: /Users/damithch/Repos/git-mastery/git-mastery.github.io/lessons/intro/images/revisionsVsVersions.png
2026-07-03T13:50:36.825Z - [32minfo[39m: Synchronizing opened pages list before reload
2026-07-03T13:50:36.825Z - [32minfo[39m: Current opened pages, from most-to-least recent:
2026-07-03T13:50:36.825Z - [32minfo[39m: 1. lessons/commit/index
2026-07-03T13:50:37.855Z - [32minfo[39m: Rebuilding 1 pages
2026-07-03T13:50:37.911Z - [36mverbose[39m: Rendering page: /Users/damithch/Repos/git-mastery/git-mastery.github.io/lessons/commit/index.md
2026-07-03T13:50:37.919Z - [32minfo[39m: Assets built
2026-07-03T13:50:37.919Z - [32minfo[39m: Site data built
2026-07-03T13:50:37.919Z - [32minfo[39m: Pages rebuilt
2026-07-03T13:50:37.919Z - [32minfo[39m: Website regeneration complete! Total build time: 0.064s
2026-07-03T13:52:33.753Z - [32minfo[39m: [21:52:33] Reload for file deletion: /Users/damithch/Repos/git-mastery/git-mastery.github.io/lessons/stage/detour-unstagingChanges-fragment.md
2026-07-03T13:52:33.754Z - [32minfo[39m: Synchronizing opened pages list before reload
2026-07-03T13:52:33.755Z - [32minfo[39m: Current opened pages, from most-to-least recent:
2026-07-03T13:52:33.755Z - [32minfo[39m: 1. lessons/commit/index
2026-07-03T13:52:33.864Z - [32minfo[39m: [21:52:33] Reload for file add: /Users/damithch/Repos/git-mastery/git-mastery.github.io/lessons/commit/detour-unstagingChanges-fragment.md
2026-07-03T13:52:33.864Z - [32minfo[39m: Synchronizing opened pages list before reload
2026-07-03T13:52:33.864Z - [32minfo[39m: Current opened pages, from most-to-least recent:
2026-07-03T13:52:33.864Z - [32minfo[39m: 1. lessons/commit/index
2026-07-03T13:52:34.865Z - [34mdebug[39m: Assets removed
2026-07-03T13:52:34.920Z - [32minfo[39m: Assets built
2026-07-03T13:53:16.939Z - [32minfo[39m: [21:53:16] Reload for file change: /Users/damithch/Repos/git-mastery/git-mastery.github.io/common/macros.njk
2026-07-03T13:53:16.940Z - [32minfo[39m: Synchronizing opened pages list before reload
2026-07-03T13:53:16.941Z - [32minfo[39m: Current opened pages, from most-to-least recent:
2026-07-03T13:53:16.941Z - [32minfo[39m: 1. lessons/commit/index
2026-07-03T13:53:17.026Z - [32minfo[39m: [21:53:17] Reload for file change: /Users/damithch/Repos/git-mastery/git-mastery.github.io/lessons/commit/text.md
2026-07-03T13:53:17.027Z - [32minfo[39m: Synchronizing opened pages list before reload
2026-07-03T13:53:17.027Z - [32minfo[39m: Current opened pages, from most-to-least recent:
2026-07-03T13:53:17.027Z - [32minfo[39m: 1. lessons/commit/index
2026-07-03T13:53:17.028Z - [32minfo[39m: [21:53:17] Reload for file change: /Users/damithch/Repos/git-mastery/git-mastery.github.io/lessons/stage/text.md
2026-07-03T13:53:17.029Z - [32minfo[39m: Synchronizing opened pages list before reload
2026-07-03T13:53:17.029Z - [32minfo[39m: Current opened pages, from most-to-least recent:
2026-07-03T13:53:17.029Z - [32minfo[39m: 1. lessons/commit/index
2026-07-03T13:53:18.055Z - [32minfo[39m: Rebuilding 1 pages
2026-07-03T13:53:18.094Z - [31merror[39m: No such file: /Users/damithch/Repos/git-mastery/git-mastery.github.io/lessons/commit/steps-unstage-changes-fragment.md
Missing reference in /Users/damithch/Repos/git-mastery/git-mastery.github.io/lessons/commit/detour-unstagingChanges-fragment.md
2026-07-03T13:53:18.096Z - [31merror[39m: No such file: /Users/damithch/Repos/git-mastery/git-mastery.github.io/lessons/commit/steps-unstage-changes-fragment.md
Missing reference in /Users/damithch/Repos/git-mastery/git-mastery.github.io/lessons/commit/detour-unstagingChanges-fragment.md
2026-07-03T13:53:18.097Z - [31merror[39m: No such file: /Users/damithch/Repos/git-mastery/git-mastery.github.io/lessons/commit/exercise-staging-intervention.md
Missing reference in /Users/damithch/Repos/git-mastery/git-mastery.github.io/lessons/commit/detour-unstagingChanges-fragment.md
2026-07-03T13:53:18.162Z - [32minfo[39m: Assets built
2026-07-03T13:53:18.164Z - [36mverbose[39m: Rendering page: /Users/damithch/Repos/git-mastery/git-mastery.github.io/lessons/commit/index.md
2026-07-03T13:53:18.193Z - [32minfo[39m: Site data built
2026-07-03T13:53:18.193Z - [32minfo[39m: Pages rebuilt
2026-07-03T13:53:18.193Z - [32minfo[39m: Website regeneration complete! Total build time: 0.15s
2026-07-03T13:53:36.263Z - [32minfo[39m: Website generation (lazy) started at 21:53:36
2026-07-03T13:53:36.502Z - [32minfo[39m: Building assets...
2026-07-03T13:53:36.624Z - [32minfo[39m: Assets built
2026-07-03T13:53:36.625Z - [32minfo[39m: Generating landing page...
2026-07-03T13:53:37.321Z - [36mverbose[39m: Rendering page: /Users/damithch/Repos/git-mastery/git-mastery.github.io/index.md
2026-07-03T13:53:37.418Z - [32minfo[39m: Landing page built, other pages will be built as you navigate to them!
2026-07-03T13:53:37.790Z - [32minfo[39m: Site data built
2026-07-03T13:53:37.790Z - [32minfo[39m: Website generation (lazy) complete! Total build time: 1.702s
2026-07-03T13:53:37.810Z - [32minfo[39m: Serving "/Users/damithch/Repos/git-mastery/git-mastery.github.io/_site" at http://127.0.0.1:8080
2026-07-03T13:53:37.810Z - [32minfo[39m: Press CTRL+C to stop ...
2026-07-03T13:53:40.881Z - [32minfo[39m: Building /Users/damithch/Repos/git-mastery/git-mastery.github.io/versions/cs2103/insertions as some of its dependencies were changed since the last visit
2026-07-03T13:53:40.921Z - [36mverbose[39m: Rendering page: /Users/damithch/Repos/git-mastery/git-mastery.github.io/versions/cs2103/insertions.md
2026-07-03T13:53:40.927Z - [32minfo[39m: Site data built
2026-07-03T13:53:40.927Z - [32minfo[39m: Lazy website regeneration complete! Total build time: 0.047s
2026-07-03T13:53:43.490Z - [32minfo[39m: Building /Users/damithch/Repos/git-mastery/git-mastery.github.io/lessons/index as some of its dependencies were changed since the last visit
2026-07-03T13:53:43.840Z - [36mverbose[39m: Rendering page: /Users/damithch/Repos/git-mastery/git-mastery.github.io/lessons/index.md
2026-07-03T13:53:43.851Z - [32minfo[39m: Site data built
2026-07-03T13:53:43.852Z - [32minfo[39m: Lazy website regeneration complete! Total build time: 0.361s
2026-07-03T13:53:55.645Z - [32minfo[39m: Building /Users/damithch/Repos/git-mastery/git-mastery.github.io/lessons/stage/index as some of its dependencies were changed since the last visit
2026-07-03T13:53:55.772Z - [31merror[39m: No such segment '#preview' in file: /Users/damithch/Repos/git-mastery/git-mastery.github.io/lessons/commit/detour-unstagingChanges-fragment.md
Missing reference in /Users/damithch/Repos/git-mastery/git-mastery.github.io/lessons/stage/text.md
2026-07-03T13:53:55.870Z - [36mverbose[39m: Rendering page: /Users/damithch/Repos/git-mastery/git-mastery.github.io/lessons/stage/index.md
2026-07-03T13:53:55.891Z - [32minfo[39m: Site data built
2026-07-03T13:53:55.891Z - [32minfo[39m: Lazy website regeneration complete! Total build time: 0.247s
2026-07-03T13:55:12.278Z - [32minfo[39m: [21:55:12] Reload for file change: /Users/damithch/Repos/git-mastery/git-mastery.github.io/lessons/commit/detour-unstagingChanges-fragment.md
2026-07-03T13:55:12.282Z - [32minfo[39m: Synchronizing opened pages list before reload
2026-07-03T13:55:12.292Z - [32minfo[39m: Current opened pages, from most-to-least recent:
2026-07-03T13:55:12.292Z - [32minfo[39m: 1. lessons/stage/index
2026-07-03T13:55:13.300Z - [32minfo[39m: Rebuilding 1 pages
2026-07-03T13:55:13.490Z - [36mverbose[39m: Rendering page: /Users/damithch/Repos/git-mastery/git-mastery.github.io/lessons/stage/index.md
2026-07-03T13:55:13.510Z - [32minfo[39m: Site data built
2026-07-03T13:55:13.510Z - [32minfo[39m: Pages rebuilt
2026-07-03T13:55:13.510Z - [32minfo[39m: Website regeneration complete! Total build time: 0.212s
2026-07-03T13:55:19.698Z - [32minfo[39m: [21:55:19] Reload for file change: /Users/damithch/Repos/git-mastery/git-mastery.github.io/lessons/commit/detour-unstagingChanges-fragment.md
2026-07-03T13:55:19.708Z - [32minfo[39m: Synchronizing opened pages list before reload
2026-07-03T13:55:19.711Z - [32minfo[39m: Current opened pages, from most-to-least recent:
2026-07-03T13:55:19.713Z - [32minfo[39m: 1. lessons/stage/index
2026-07-03T13:55:20.718Z - [32minfo[39m: Rebuilding 1 pages
2026-07-03T13:55:20.871Z - [36mverbose[39m: Rendering page: /Users/damithch/Repos/git-mastery/git-mastery.github.io/lessons/stage/index.md
2026-07-03T13:55:20.897Z - [32minfo[39m: Site data built
2026-07-03T13:55:20.897Z - [32minfo[39m: Pages rebuilt
2026-07-03T13:55:20.897Z - [32minfo[39m: Website regeneration complete! Total build time: 0.182s
2026-07-03T13:55:31.783Z - [32minfo[39m: Building /Users/damithch/Repos/git-mastery/git-mastery.github.io/lessons/commit/index as some of its dependencies were changed since the last visit
2026-07-03T13:55:31.865Z - [31merror[39m: No such file: /Users/damithch/Repos/git-mastery/git-mastery.github.io/lessons/commit/steps-unstage-changes-fragment.md
Missing reference in /Users/damithch/Repos/git-mastery/git-mastery.github.io/lessons/commit/detour-unstagingChanges-fragment.md
2026-07-03T13:55:31.865Z - [31merror[39m: No such file: /Users/damithch/Repos/git-mastery/git-mastery.github.io/lessons/commit/steps-unstage-changes-fragment.md
Missing reference in /Users/damithch/Repos/git-mastery/git-mastery.github.io/lessons/commit/detour-unstagingChanges-fragment.md
2026-07-03T13:55:31.867Z - [31merror[39m: No such file: /Users/damithch/Repos/git-mastery/git-mastery.github.io/lessons/commit/exercise-staging-intervention.md
Missing reference in /Users/damithch/Repos/git-mastery/git-mastery.github.io/lessons/commit/detour-unstagingChanges-fragment.md
2026-07-03T13:55:31.926Z - [36mverbose[39m: Rendering page: /Users/damithch/Repos/git-mastery/git-mastery.github.io/lessons/commit/index.md
2026-07-03T13:55:31.946Z - [32minfo[39m: Site data built
2026-07-03T13:55:31.946Z - [32minfo[39m: Lazy website regeneration complete! Total build time: 0.163s
2026-07-03T13:56:08.966Z - [32minfo[39m: [21:56:08] Reload for file deletion: /Users/damithch/Repos/git-mastery/git-mastery.github.io/lessons/stage/steps-unstage-changes-fragment.md
2026-07-03T13:56:08.968Z - [32minfo[39m: Synchronizing opened pages list before reload
2026-07-03T13:56:08.970Z - [32minfo[39m: Current opened pages, from most-to-least recent:
2026-07-03T13:56:08.971Z - [32minfo[39m: 1. lessons/commit/index
2026-07-03T13:56:09.044Z - [32minfo[39m: [21:56:09] Reload for file add: /Users/damithch/Repos/git-mastery/git-mastery.github.io/lessons/commit/steps-unstage-changes-fragment.md
2026-07-03T13:56:09.045Z - [32minfo[39m: Synchronizing opened pages list before reload
2026-07-03T13:56:09.045Z - [32minfo[39m: Current opened pages, from most-to-least recent:
2026-07-03T13:56:09.045Z - [32minfo[39m: 1. lessons/commit/index
2026-07-03T13:56:10.045Z - [34mdebug[39m: Assets removed
2026-07-03T13:56:10.090Z - [32minfo[39m: Pages or site config modified, updating pages...
2026-07-03T13:56:11.147Z - [32minfo[39m: Building /Users/damithch/Repos/git-mastery/git-mastery.github.io/lessons/commit/index as some of its dependencies were changed since the last visit
2026-07-03T13:56:11.230Z - [31merror[39m: No such file: /Users/damithch/Repos/git-mastery/git-mastery.github.io/lessons/commit/exercise-staging-intervention.md
Missing reference in /Users/damithch/Repos/git-mastery/git-mastery.github.io/lessons/commit/detour-unstagingChanges-fragment.md
2026-07-03T13:56:11.322Z - [36mverbose[39m: Rendering page: /Users/damithch/Repos/git-mastery/git-mastery.github.io/lessons/commit/index.md
2026-07-03T13:56:11.338Z - [33mwarn[39m: You might have an invalid intra-link! Ignore this warning if it was intended.
'/lessons/commit/images/sourcetreeUnstageFile.png' found in file '/Users/damithch/Repos/git-mastery/git-mastery.github.io/lessons/commit/steps-unstage-changes-fragment.md'
2026-07-03T13:56:11.339Z - [32minfo[39m: Site data built
2026-07-03T13:56:11.339Z - [32minfo[39m: Lazy website regeneration complete! Total build time: 0.192s
2026-07-03T13:57:06.417Z - [32minfo[39m: [21:57:06] Reload for file deletion: /Users/damithch/Repos/git-mastery/git-mastery.github.io/lessons/stage/exercise-staging-intervention.md
2026-07-03T13:57:06.418Z - [32minfo[39m: Synchronizing opened pages list before reload
2026-07-03T13:57:06.418Z - [32minfo[39m: Current opened pages, from most-to-least recent:
2026-07-03T13:57:06.418Z - [32minfo[39m: 1. lessons/commit/index
2026-07-03T13:57:06.533Z - [32minfo[39m: [21:57:06] Reload for file add: /Users/damithch/Repos/git-mastery/git-mastery.github.io/lessons/commit/exercise-staging-intervention.md
2026-07-03T13:57:06.533Z - [32minfo[39m: Synchronizing opened pages list before reload
2026-07-03T13:57:06.533Z - [32minfo[39m: Current opened pages, from most-to-least recent:
2026-07-03T13:57:06.533Z - [32minfo[39m: 1. lessons/commit/index
2026-07-03T13:57:07.536Z - [32minfo[39m: Pages or site config modified, updating pages...
2026-07-03T13:57:08.590Z - [34mdebug[39m: Assets removed
2026-07-03T13:57:08.597Z - [32minfo[39m: Building /Users/damithch/Repos/git-mastery/git-mastery.github.io/lessons/commit/index as some of its dependencies were changed since the last visit
2026-07-03T13:57:08.754Z - [36mverbose[39m: Rendering page: /Users/damithch/Repos/git-mastery/git-mastery.github.io/lessons/commit/index.md
2026-07-03T13:57:08.768Z - [33mwarn[39m: You might have an invalid intra-link! Ignore this warning if it was intended.
'/lessons/commit/images/sourcetreeUnstageFile.png' found in file '/Users/damithch/Repos/git-mastery/git-mastery.github.io/lessons/commit/steps-unstage-changes-fragment.md'
2026-07-03T13:57:08.769Z - [32minfo[39m: Site data built
2026-07-03T13:57:08.769Z - [32minfo[39m: Lazy website regeneration complete! Total build time: 0.173s
2026-07-03T13:57:31.056Z - [32minfo[39m: Building /Users/damithch/Repos/git-mastery/git-mastery.github.io/lessons/stage/index as some of its dependencies were changed since the last visit
2026-07-03T13:57:31.266Z - [36mverbose[39m: Rendering page: /Users/damithch/Repos/git-mastery/git-mastery.github.io/lessons/stage/index.md
2026-07-03T13:57:31.286Z - [32minfo[39m: Site data built
2026-07-03T13:57:31.286Z - [32minfo[39m: Lazy website regeneration complete! Total build time: 0.231s
2026-07-03T13:57:57.737Z - [32minfo[39m: Website generation started at 21:57:57
2026-07-03T13:57:57.972Z - [32minfo[39m: Building assets...
2026-07-03T13:57:58.108Z - [32minfo[39m: Assets built
2026-07-03T13:57:58.109Z - [32minfo[39m: Generating pages...
2026-07-03T13:57:58.735Z - [36mverbose[39m: Rendering page: /Users/damithch/Repos/git-mastery/git-mastery.github.io/about/index.md
2026-07-03T13:57:58.744Z - [36mverbose[39m: Rendering page: /Users/damithch/Repos/git-mastery/git-mastery.github.io/faq/index.md
2026-07-03T13:57:58.748Z - [36mverbose[39m: Rendering page: /Users/damithch/Repos/git-mastery/git-mastery.github.io/companion-app/index.md
2026-07-03T13:57:58.764Z - [36mverbose[39m: Rendering page: /Users/damithch/Repos/git-mastery/git-mastery.github.io/exercises-directory/index.md
2026-07-03T13:58:02.101Z - [36mverbose[39m: Rendering page: /Users/damithch/Repos/git-mastery/git-mastery.github.io/versions/cs2103/insertions.md
2026-07-03T13:58:02.115Z - [36mverbose[39m: Rendering page: /Users/damithch/Repos/git-mastery/git-mastery.github.io/lessons/trail/all.md
2026-07-03T13:58:02.361Z - [36mverbose[39m: Rendering page: /Users/damithch/Repos/git-mastery/git-mastery.github.io/lessons/tag/exercise-tags-push.md
2026-07-03T13:58:02.363Z - [36mverbose[39m: Rendering page: /Users/damithch/Repos/git-mastery/git-mastery.github.io/lessons/tag/exercise-tags-update.md
2026-07-03T13:58:02.408Z - [36mverbose[39m: Rendering page: /Users/damithch/Repos/git-mastery/git-mastery.github.io/lessons/tag/exercise-tags-add.md
2026-07-03T13:58:02.411Z - [36mverbose[39m: Rendering page: /Users/damithch/Repos/git-mastery/git-mastery.github.io/lessons/show/exercise-view-commits.md
2026-07-03T13:58:02.413Z - [36mverbose[39m: Rendering page: /Users/damithch/Repos/git-mastery/git-mastery.github.io/lessons/setRemote/exercise-link-me.md
2026-07-03T13:58:02.415Z - [36mverbose[39m: Rendering page: /Users/damithch/Repos/git-mastery/git-mastery.github.io/lessons/stage/exercise-stage-fright.md
2026-07-03T13:58:02.449Z - [36mverbose[39m: Rendering page: /Users/damithch/Repos/git-mastery/git-mastery.github.io/lessons/reset/exercise-sensors-reset.md
2026-07-03T13:58:02.450Z - [36mverbose[39m: Rendering page: /Users/damithch/Repos/git-mastery/git-mastery.github.io/lessons/remoteBranchRename/exercise-remote-branch-rename.md
2026-07-03T13:58:02.451Z - [36mverbose[39m: Rendering page: /Users/damithch/Repos/git-mastery/git-mastery.github.io/lessons/revert/exercise-sensors-revert.md
2026-07-03T13:58:02.453Z - [36mverbose[39m: Rendering page: /Users/damithch/Repos/git-mastery/git-mastery.github.io/lessons/remoteBranchRename/exercise-glossary-branch-rename.md
2026-07-03T13:58:02.483Z - [36mverbose[39m: Rendering page: /Users/damithch/Repos/git-mastery/git-mastery.github.io/lessons/remoteBranchPush/exercise-glossary-branch-push.md
2026-07-03T13:58:02.485Z - [36mverbose[39m: Rendering page: /Users/damithch/Repos/git-mastery/git-mastery.github.io/lessons/remoteBranchPull/exercise-glossary-branch-pull.md
2026-07-03T13:58:02.487Z - [36mverbose[39m: Rendering page: /Users/damithch/Repos/git-mastery/git-mastery.github.io/lessons/remoteBranchDelete/exercise-glossary-branch-delete.md
2026-07-03T13:58:02.488Z - [36mverbose[39m: Rendering page: /Users/damithch/Repos/git-mastery/git-mastery.github.io/lessons/push/exercise-push-over.md
2026-07-03T13:58:02.519Z - [36mverbose[39m: Rendering page: /Users/damithch/Repos/git-mastery/git-mastery.github.io/lessons/pull/exercise-fetch-and-pull.md
2026-07-03T13:58:02.522Z - [36mverbose[39m: Rendering page: /Users/damithch/Repos/git-mastery/git-mastery.github.io/lessons/prsCreate/exercise-create-pr-from-main.md
2026-07-03T13:58:02.524Z - [36mverbose[39m: Rendering page: /Users/damithch/Repos/git-mastery/git-mastery.github.io/lessons/mergeConflicts/exercise-conflict-mediator.md
2026-07-03T13:58:02.526Z - [36mverbose[39m: Rendering page: /Users/damithch/Repos/git-mastery/git-mastery.github.io/lessons/merge/exercise-merge-undo.md
2026-07-03T13:58:02.551Z - [36mverbose[39m: Rendering page: /Users/damithch/Repos/git-mastery/git-mastery.github.io/lessons/merge/exercise-merge-squash.md
2026-07-03T13:58:02.554Z - [36mverbose[39m: Rendering page: /Users/damithch/Repos/git-mastery/git-mastery.github.io/lessons/merge/exercise-ff-undo.md
2026-07-03T13:58:02.555Z - [36mverbose[39m: Rendering page: /Users/damithch/Repos/git-mastery/git-mastery.github.io/lessons/merge/exercise-branch-compare.md
2026-07-03T13:58:02.556Z - [36mverbose[39m: Rendering page: /Users/damithch/Repos/git-mastery/git-mastery.github.io/lessons/merge/exercise-branch-forward.md
2026-07-03T13:58:02.584Z - [36mverbose[39m: Rendering page: /Users/damithch/Repos/git-mastery/git-mastery.github.io/lessons/merge/exercise-branch-bender.md
2026-07-03T13:58:02.587Z - [36mverbose[39m: Rendering page: /Users/damithch/Repos/git-mastery/git-mastery.github.io/lessons/log/exercise-log-and-order.md
2026-07-03T13:58:02.588Z - [36mverbose[39m: Rendering page: /Users/damithch/Repos/git-mastery/git-mastery.github.io/lessons/init/exercise-undo-init.md
2026-07-03T13:58:02.589Z - [36mverbose[39m: Rendering page: /Users/damithch/Repos/git-mastery/git-mastery.github.io/lessons/init/exercise-under-control.md
2026-07-03T13:58:02.677Z - [36mverbose[39m: Rendering page: /Users/damithch/Repos/git-mastery/git-mastery.github.io/lessons/ignore/exercise-ignoring-somethings.md
2026-07-03T13:58:02.682Z - [36mverbose[39m: Rendering page: /Users/damithch/Repos/git-mastery/git-mastery.github.io/lessons/fork/exercise-fork-repo.md
2026-07-03T13:58:02.695Z - [36mverbose[39m: Rendering page: /Users/damithch/Repos/git-mastery/git-mastery.github.io/lessons/createRemoteRepo/exercise-remote-control.md
2026-07-03T13:58:02.698Z - [36mverbose[39m: Rendering page: /Users/damithch/Repos/git-mastery/git-mastery.github.io/lessons/diff/exercise-sensors-diff.md
2026-07-03T13:58:02.753Z - [36mverbose[39m: Rendering page: /Users/damithch/Repos/git-mastery/git-mastery.github.io/lessons/commit/exercise-staging-intervention.md
2026-07-03T13:58:02.756Z - [36mverbose[39m: Rendering page: /Users/damithch/Repos/git-mastery/git-mastery.github.io/lessons/commit/exercise-grocery-shopping.md
2026-07-03T13:58:02.764Z - [36mverbose[39m: Rendering page: /Users/damithch/Repos/git-mastery/git-mastery.github.io/lessons/checkout/exercise-sensors-checkout.md
2026-07-03T13:58:02.788Z - [36mverbose[39m: Rendering page: /Users/damithch/Repos/git-mastery/git-mastery.github.io/lessons/clone/exercise-clone-repo.md
2026-07-03T13:58:02.827Z - [36mverbose[39m: Rendering page: /Users/damithch/Repos/git-mastery/git-mastery.github.io/lessons/branchRename/exercise-branch-rename.md
2026-07-03T13:58:02.880Z - [36mverbose[39m: Rendering page: /Users/damithch/Repos/git-mastery/git-mastery.github.io/lessons/branchDelete/exercise-mix-messy-graph.md
2026-07-03T13:58:02.910Z - [36mverbose[39m: Rendering page: /Users/damithch/Repos/git-mastery/git-mastery.github.io/lessons/branchDelete/exercise-branch-delete.md
2026-07-03T13:58:02.913Z - [36mverbose[39m: Rendering page: /Users/damithch/Repos/git-mastery/git-mastery.github.io/lessons/branchDelete/exercise-mix-messy-docs.md
2026-07-03T13:58:02.925Z - [36mverbose[39m: Rendering page: /Users/damithch/Repos/git-mastery/git-mastery.github.io/lessons/branch/exercise-side-track.md
2026-07-03T13:58:03.004Z - [36mverbose[39m: Rendering page: /Users/damithch/Repos/git-mastery/git-mastery.github.io/lessons/branch/exercise-branch-previous.md
2026-07-03T13:58:03.020Z - [36mverbose[39m: Rendering page: /Users/damithch/Repos/git-mastery/git-mastery.github.io/versions/cs2103/index.md
2026-07-03T13:58:03.199Z - [36mverbose[39m: Rendering page: /Users/damithch/Repos/git-mastery/git-mastery.github.io/lessons/worktrees/index.md
2026-07-03T13:58:03.469Z - [36mverbose[39m: Rendering page: /Users/damithch/Repos/git-mastery/git-mastery.github.io/lessons/workflows/index.md
2026-07-03T13:58:03.878Z - [36mverbose[39m: Rendering page: /Users/damithch/Repos/git-mastery/git-mastery.github.io/lessons/trail/workingWithRemotes/index.md
2026-07-03T13:58:04.081Z - [36mverbose[39m: Rendering page: /Users/damithch/Repos/git-mastery/git-mastery.github.io/lessons/trail/workingWithPrs/index.md
2026-07-03T13:58:04.110Z - [36mverbose[39m: Rendering page: /Users/damithch/Repos/git-mastery/git-mastery.github.io/lessons/trail/usingRevisionHistory/index.md
2026-07-03T13:58:04.174Z - [36mverbose[39m: Rendering page: /Users/damithch/Repos/git-mastery/git-mastery.github.io/lessons/trail/syncingBranches/index.md
2026-07-03T13:58:04.583Z - [36mverbose[39m: Rendering page: /Users/damithch/Repos/git-mastery/git-mastery.github.io/lessons/trail/remoteBranches/index.md
2026-07-03T13:58:04.879Z - [36mverbose[39m: Rendering page: /Users/damithch/Repos/git-mastery/git-mastery.github.io/lessons/trail/recordingFolderHistory/index.md
2026-07-03T13:58:04.929Z - [36mverbose[39m: Rendering page: /Users/damithch/Repos/git-mastery/git-mastery.github.io/lessons/trail/index.md
2026-07-03T13:58:04.938Z - [36mverbose[39m: Rendering page: /Users/damithch/Repos/git-mastery/git-mastery.github.io/lessons/trail/managingProjects/index.md
2026-07-03T13:58:05.324Z - [36mverbose[39m: Rendering page: /Users/damithch/Repos/git-mastery/git-mastery.github.io/lessons/trail/fineTuningHistory/index.md
2026-07-03T13:58:05.624Z - [36mverbose[39m: Rendering page: /Users/damithch/Repos/git-mastery/git-mastery.github.io/lessons/trail/branchingLocally/index.md
2026-07-03T13:58:05.668Z - [36mverbose[39m: Rendering page: /Users/damithch/Repos/git-mastery/git-mastery.github.io/lessons/trail/backingUpOnCloud/index.md
2026-07-03T13:58:05.696Z - [36mverbose[39m: Rendering page: /Users/damithch/Repos/git-mastery/git-mastery.github.io/lessons/template/index.md
2026-07-03T13:58:05.709Z - [36mverbose[39m: Rendering page: /Users/damithch/Repos/git-mastery/git-mastery.github.io/lessons/tag/index.md
2026-07-03T13:58:05.863Z - [36mverbose[39m: Rendering page: /Users/damithch/Repos/git-mastery/git-mastery.github.io/lessons/syncByRebase/index.md
2026-07-03T13:58:05.867Z - [36mverbose[39m: Rendering page: /Users/damithch/Repos/git-mastery/git-mastery.github.io/lessons/show/index.md
2026-07-03T13:58:05.876Z - [36mverbose[39m: Rendering page: /Users/damithch/Repos/git-mastery/git-mastery.github.io/lessons/stage/index.md
2026-07-03T13:58:05.894Z - [36mverbose[39m: Rendering page: /Users/damithch/Repos/git-mastery/git-mastery.github.io/lessons/syncByMerge/index.md
2026-07-03T13:58:06.073Z - [36mverbose[39m: Rendering page: /Users/damithch/Repos/git-mastery/git-mastery.github.io/lessons/setRemote/index.md
2026-07-03T13:58:06.082Z - [36mverbose[39m: Rendering page: /Users/damithch/Repos/git-mastery/git-mastery.github.io/lessons/selectiveStage/index.md
2026-07-03T13:58:06.086Z - [36mverbose[39m: Rendering page: /Users/damithch/Repos/git-mastery/git-mastery.github.io/lessons/revert/index.md
2026-07-03T13:58:06.101Z - [36mverbose[39m: Rendering page: /Users/damithch/Repos/git-mastery/git-mastery.github.io/lessons/reset/index.md
2026-07-03T13:58:06.203Z - [36mverbose[39m: Rendering page: /Users/damithch/Repos/git-mastery/git-mastery.github.io/lessons/remoteRepos/index.md
2026-07-03T13:58:06.208Z - [36mverbose[39m: Rendering page: /Users/damithch/Repos/git-mastery/git-mastery.github.io/lessons/remoteBranchRename/index.md
2026-07-03T13:58:06.212Z - [36mverbose[39m: Rendering page: /Users/damithch/Repos/git-mastery/git-mastery.github.io/lessons/remoteBranchPush/index.md
2026-07-03T13:58:06.218Z - [36mverbose[39m: Rendering page: /Users/damithch/Repos/git-mastery/git-mastery.github.io/lessons/remoteBranchPull/index.md
2026-07-03T13:58:06.440Z - [36mverbose[39m: Rendering page: /Users/damithch/Repos/git-mastery/git-mastery.github.io/lessons/remoteBranchDelete/index.md
2026-07-03T13:58:06.445Z - [36mverbose[39m: Rendering page: /Users/damithch/Repos/git-mastery/git-mastery.github.io/lessons/push/index.md
2026-07-03T13:58:06.456Z - [36mverbose[39m: Rendering page: /Users/damithch/Repos/git-mastery/git-mastery.github.io/lessons/pull/index.md
2026-07-03T13:58:06.581Z - [36mverbose[39m: Rendering page: /Users/damithch/Repos/git-mastery/git-mastery.github.io/lessons/prsReview/index.md
2026-07-03T13:58:06.628Z - [36mverbose[39m: Rendering page: /Users/damithch/Repos/git-mastery/git-mastery.github.io/lessons/prsMerge/index.md
2026-07-03T13:58:06.635Z - [36mverbose[39m: Rendering page: /Users/damithch/Repos/git-mastery/git-mastery.github.io/lessons/prsCreate/index.md
2026-07-03T13:58:06.645Z - [36mverbose[39m: Rendering page: /Users/damithch/Repos/git-mastery/git-mastery.github.io/lessons/otherPmFeatures/index.md
2026-07-03T13:58:06.738Z - [36mverbose[39m: Rendering page: /Users/damithch/Repos/git-mastery/git-mastery.github.io/lessons/mergeConflicts/index.md
2026-07-03T13:58:06.843Z - [36mverbose[39m: Rendering page: /Users/damithch/Repos/git-mastery/git-mastery.github.io/lessons/merge/index.md
2026-07-03T13:58:06.857Z - [36mverbose[39m: Rendering page: /Users/damithch/Repos/git-mastery/git-mastery.github.io/lessons/log/index.md
2026-07-03T13:58:06.867Z - [36mverbose[39m: Rendering page: /Users/damithch/Repos/git-mastery/git-mastery.github.io/lessons/intro/index.md
2026-07-03T13:58:06.870Z - [36mverbose[39m: Rendering page: /Users/damithch/Repos/git-mastery/git-mastery.github.io/lessons/interactiveRebase/index.md
2026-07-03T13:58:07.148Z - [36mverbose[39m: Rendering page: /Users/damithch/Repos/git-mastery/git-mastery.github.io/lessons/init/index.md
2026-07-03T13:58:07.156Z - [36mverbose[39m: Rendering page: /Users/damithch/Repos/git-mastery/git-mastery.github.io/lessons/index.md
2026-07-03T13:58:07.165Z - [36mverbose[39m: Rendering page: /Users/damithch/Repos/git-mastery/git-mastery.github.io/lessons/ignore/index.md
2026-07-03T13:58:07.175Z - [36mverbose[39m: Rendering page: /Users/damithch/Repos/git-mastery/git-mastery.github.io/lessons/githubPrep/index.md
2026-07-03T13:58:07.363Z - [36mverbose[39m: Rendering page: /Users/damithch/Repos/git-mastery/git-mastery.github.io/lessons/gitPrep/index.md
2026-07-03T13:58:07.377Z - [36mverbose[39m: Rendering page: /Users/damithch/Repos/git-mastery/git-mastery.github.io/lessons/forkingWorkflow/index.md
2026-07-03T13:58:07.382Z - [36mverbose[39m: Rendering page: /Users/damithch/Repos/git-mastery/git-mastery.github.io/lessons/fork/index.md
2026-07-03T13:58:07.402Z - [36mverbose[39m: Rendering page: /Users/damithch/Repos/git-mastery/git-mastery.github.io/lessons/diff/index.md
2026-07-03T13:58:07.506Z - [36mverbose[39m: Rendering page: /Users/damithch/Repos/git-mastery/git-mastery.github.io/lessons/createRemoteRepo/index.md
2026-07-03T13:58:07.534Z - [36mverbose[39m: Rendering page: /Users/damithch/Repos/git-mastery/git-mastery.github.io/lessons/commitMessage/index.md
2026-07-03T13:58:07.540Z - [36mverbose[39m: Rendering page: /Users/damithch/Repos/git-mastery/git-mastery.github.io/lessons/commit/index.md
2026-07-03T13:58:07.560Z - [36mverbose[39m: Rendering page: /Users/damithch/Repos/git-mastery/git-mastery.github.io/lessons/clone/index.md
2026-07-03T13:58:07.700Z - [36mverbose[39m: Rendering page: /Users/damithch/Repos/git-mastery/git-mastery.github.io/lessons/cherryPick/index.md
2026-07-03T13:58:07.703Z - [36mverbose[39m: Rendering page: /Users/damithch/Repos/git-mastery/git-mastery.github.io/lessons/checkout/index.md
2026-07-03T13:58:07.711Z - [36mverbose[39m: Rendering page: /Users/damithch/Repos/git-mastery/git-mastery.github.io/lessons/branchRename/index.md
2026-07-03T13:58:07.793Z - [36mverbose[39m: Rendering page: /Users/damithch/Repos/git-mastery/git-mastery.github.io/lessons/branchDelete/index.md
2026-07-03T13:58:07.815Z - [36mverbose[39m: Rendering page: /Users/damithch/Repos/git-mastery/git-mastery.github.io/lessons/branch/index.md
2026-07-03T13:58:07.827Z - [36mverbose[39m: Rendering page: /Users/damithch/Repos/git-mastery/git-mastery.github.io/index.md
2026-07-03T13:58:07.832Z - [33mwarn[39m: You might have an invalid intra-link! Ignore this warning if it was intended.
'/lessons/commit/images/sourcetreeUnstageFile.png' found in file '/Users/damithch/Repos/git-mastery/git-mastery.github.io/lessons/commit/steps-unstage-changes-fragment.md'
2026-07-03T13:58:07.836Z - [32minfo[39m: Pages built
2026-07-03T13:58:07.924Z - [32minfo[39m: Site data built
2026-07-03T13:58:07.924Z - [32minfo[39m: Website generation complete! Total build time: 10.321s
2026-07-03T13:58:07.924Z - [32minfo[39m: Build success!
2026-07-03T13:59:24.772Z - [32minfo[39m: Website generation started at 21:59:24
2026-07-03T13:59:24.907Z - [32minfo[39m: Building assets...
2026-07-03T13:59:25.008Z - [32minfo[39m: Assets built
2026-07-03T13:59:25.009Z - [32minfo[39m: Generating pages...
2026-07-03T13:59:25.630Z - [36mverbose[39m: Rendering page: /Users/damithch/Repos/git-mastery/git-mastery.github.io/about/index.md
2026-07-03T13:59:25.640Z - [36mverbose[39m: Rendering page: /Users/damithch/Repos/git-mastery/git-mastery.github.io/companion-app/index.md
2026-07-03T13:59:25.659Z - [36mverbose[39m: Rendering page: /Users/damithch/Repos/git-mastery/git-mastery.github.io/faq/index.md
2026-07-03T13:59:25.662Z - [36mverbose[39m: Rendering page: /Users/damithch/Repos/git-mastery/git-mastery.github.io/exercises-directory/index.md
2026-07-03T13:59:28.867Z - [36mverbose[39m: Rendering page: /Users/damithch/Repos/git-mastery/git-mastery.github.io/versions/cs2103/insertions.md
2026-07-03T13:59:28.886Z - [36mverbose[39m: Rendering page: /Users/damithch/Repos/git-mastery/git-mastery.github.io/lessons/tag/exercise-tags-push.md
2026-07-03T13:59:28.888Z - [36mverbose[39m: Rendering page: /Users/damithch/Repos/git-mastery/git-mastery.github.io/lessons/tag/exercise-tags-update.md
2026-07-03T13:59:28.896Z - [36mverbose[39m: Rendering page: /Users/damithch/Repos/git-mastery/git-mastery.github.io/lessons/trail/all.md
2026-07-03T13:59:29.146Z - [36mverbose[39m: Rendering page: /Users/damithch/Repos/git-mastery/git-mastery.github.io/lessons/tag/exercise-tags-add.md
2026-07-03T13:59:29.164Z - [36mverbose[39m: Rendering page: /Users/damithch/Repos/git-mastery/git-mastery.github.io/lessons/show/exercise-view-commits.md
2026-07-03T13:59:29.166Z - [36mverbose[39m: Rendering page: /Users/damithch/Repos/git-mastery/git-mastery.github.io/lessons/stage/exercise-stage-fright.md
2026-07-03T13:59:29.176Z - [36mverbose[39m: Rendering page: /Users/damithch/Repos/git-mastery/git-mastery.github.io/lessons/setRemote/exercise-link-me.md
2026-07-03T13:59:29.203Z - [36mverbose[39m: Rendering page: /Users/damithch/Repos/git-mastery/git-mastery.github.io/lessons/revert/exercise-sensors-revert.md
2026-07-03T13:59:29.205Z - [36mverbose[39m: Rendering page: /Users/damithch/Repos/git-mastery/git-mastery.github.io/lessons/reset/exercise-sensors-reset.md
2026-07-03T13:59:29.207Z - [36mverbose[39m: Rendering page: /Users/damithch/Repos/git-mastery/git-mastery.github.io/lessons/remoteBranchRename/exercise-remote-branch-rename.md
2026-07-03T13:59:29.208Z - [36mverbose[39m: Rendering page: /Users/damithch/Repos/git-mastery/git-mastery.github.io/lessons/remoteBranchRename/exercise-glossary-branch-rename.md
2026-07-03T13:59:29.241Z - [36mverbose[39m: Rendering page: /Users/damithch/Repos/git-mastery/git-mastery.github.io/lessons/remoteBranchPush/exercise-glossary-branch-push.md
2026-07-03T13:59:29.243Z - [36mverbose[39m: Rendering page: /Users/damithch/Repos/git-mastery/git-mastery.github.io/lessons/remoteBranchPull/exercise-glossary-branch-pull.md
2026-07-03T13:59:29.246Z - [36mverbose[39m: Rendering page: /Users/damithch/Repos/git-mastery/git-mastery.github.io/lessons/remoteBranchDelete/exercise-glossary-branch-delete.md
2026-07-03T13:59:29.248Z - [36mverbose[39m: Rendering page: /Users/damithch/Repos/git-mastery/git-mastery.github.io/lessons/push/exercise-push-over.md
2026-07-03T13:59:29.283Z - [36mverbose[39m: Rendering page: /Users/damithch/Repos/git-mastery/git-mastery.github.io/lessons/pull/exercise-fetch-and-pull.md
2026-07-03T13:59:29.285Z - [36mverbose[39m: Rendering page: /Users/damithch/Repos/git-mastery/git-mastery.github.io/lessons/prsCreate/exercise-create-pr-from-main.md
2026-07-03T13:59:29.288Z - [36mverbose[39m: Rendering page: /Users/damithch/Repos/git-mastery/git-mastery.github.io/lessons/merge/exercise-merge-undo.md
2026-07-03T13:59:29.289Z - [36mverbose[39m: Rendering page: /Users/damithch/Repos/git-mastery/git-mastery.github.io/lessons/mergeConflicts/exercise-conflict-mediator.md
2026-07-03T13:59:29.316Z - [36mverbose[39m: Rendering page: /Users/damithch/Repos/git-mastery/git-mastery.github.io/lessons/merge/exercise-merge-squash.md
2026-07-03T13:59:29.318Z - [36mverbose[39m: Rendering page: /Users/damithch/Repos/git-mastery/git-mastery.github.io/lessons/merge/exercise-branch-forward.md
2026-07-03T13:59:29.319Z - [36mverbose[39m: Rendering page: /Users/damithch/Repos/git-mastery/git-mastery.github.io/lessons/merge/exercise-ff-undo.md
2026-07-03T13:59:29.321Z - [36mverbose[39m: Rendering page: /Users/damithch/Repos/git-mastery/git-mastery.github.io/lessons/merge/exercise-branch-compare.md
2026-07-03T13:59:29.349Z - [36mverbose[39m: Rendering page: /Users/damithch/Repos/git-mastery/git-mastery.github.io/lessons/log/exercise-log-and-order.md
2026-07-03T13:59:29.350Z - [36mverbose[39m: Rendering page: /Users/damithch/Repos/git-mastery/git-mastery.github.io/lessons/merge/exercise-branch-bender.md
2026-07-03T13:59:29.352Z - [36mverbose[39m: Rendering page: /Users/damithch/Repos/git-mastery/git-mastery.github.io/lessons/init/exercise-undo-init.md
2026-07-03T13:59:29.354Z - [36mverbose[39m: Rendering page: /Users/damithch/Repos/git-mastery/git-mastery.github.io/lessons/init/exercise-under-control.md
2026-07-03T13:59:29.382Z - [36mverbose[39m: Rendering page: /Users/damithch/Repos/git-mastery/git-mastery.github.io/lessons/ignore/exercise-ignoring-somethings.md
2026-07-03T13:59:29.384Z - [36mverbose[39m: Rendering page: /Users/damithch/Repos/git-mastery/git-mastery.github.io/lessons/fork/exercise-fork-repo.md
2026-07-03T13:59:29.386Z - [36mverbose[39m: Rendering page: /Users/damithch/Repos/git-mastery/git-mastery.github.io/lessons/diff/exercise-sensors-diff.md
2026-07-03T13:59:29.387Z - [36mverbose[39m: Rendering page: /Users/damithch/Repos/git-mastery/git-mastery.github.io/lessons/createRemoteRepo/exercise-remote-control.md
2026-07-03T13:59:29.416Z - [36mverbose[39m: Rendering page: /Users/damithch/Repos/git-mastery/git-mastery.github.io/lessons/commit/exercise-staging-intervention.md
2026-07-03T13:59:29.418Z - [36mverbose[39m: Rendering page: /Users/damithch/Repos/git-mastery/git-mastery.github.io/lessons/commit/exercise-grocery-shopping.md
2026-07-03T13:59:29.420Z - [36mverbose[39m: Rendering page: /Users/damithch/Repos/git-mastery/git-mastery.github.io/lessons/clone/exercise-clone-repo.md
2026-07-03T13:59:29.422Z - [36mverbose[39m: Rendering page: /Users/damithch/Repos/git-mastery/git-mastery.github.io/lessons/checkout/exercise-sensors-checkout.md
2026-07-03T13:59:29.459Z - [36mverbose[39m: Rendering page: /Users/damithch/Repos/git-mastery/git-mastery.github.io/lessons/branchDelete/exercise-mix-messy-graph.md
2026-07-03T13:59:29.462Z - [36mverbose[39m: Rendering page: /Users/damithch/Repos/git-mastery/git-mastery.github.io/lessons/branchRename/exercise-branch-rename.md
2026-07-03T13:59:29.463Z - [36mverbose[39m: Rendering page: /Users/damithch/Repos/git-mastery/git-mastery.github.io/lessons/branchDelete/exercise-branch-delete.md
2026-07-03T13:59:29.465Z - [36mverbose[39m: Rendering page: /Users/damithch/Repos/git-mastery/git-mastery.github.io/lessons/branchDelete/exercise-mix-messy-docs.md
2026-07-03T13:59:29.536Z - [36mverbose[39m: Rendering page: /Users/damithch/Repos/git-mastery/git-mastery.github.io/lessons/branch/exercise-side-track.md
2026-07-03T13:59:29.539Z - [36mverbose[39m: Rendering page: /Users/damithch/Repos/git-mastery/git-mastery.github.io/lessons/branch/exercise-branch-previous.md
2026-07-03T13:59:29.541Z - [36mverbose[39m: Rendering page: /Users/damithch/Repos/git-mastery/git-mastery.github.io/versions/cs2103/index.md
2026-07-03T13:59:29.553Z - [36mverbose[39m: Rendering page: /Users/damithch/Repos/git-mastery/git-mastery.github.io/lessons/worktrees/index.md
2026-07-03T13:59:30.190Z - [36mverbose[39m: Rendering page: /Users/damithch/Repos/git-mastery/git-mastery.github.io/lessons/workflows/index.md
2026-07-03T13:59:30.194Z - [36mverbose[39m: Rendering page: /Users/damithch/Repos/git-mastery/git-mastery.github.io/lessons/trail/workingWithRemotes/index.md
2026-07-03T13:59:30.242Z - [36mverbose[39m: Rendering page: /Users/damithch/Repos/git-mastery/git-mastery.github.io/lessons/trail/workingWithPrs/index.md
2026-07-03T13:59:30.357Z - [36mverbose[39m: Rendering page: /Users/damithch/Repos/git-mastery/git-mastery.github.io/lessons/trail/usingRevisionHistory/index.md
2026-07-03T13:59:30.774Z - [36mverbose[39m: Rendering page: /Users/damithch/Repos/git-mastery/git-mastery.github.io/lessons/trail/syncingBranches/index.md
2026-07-03T13:59:30.820Z - [36mverbose[39m: Rendering page: /Users/damithch/Repos/git-mastery/git-mastery.github.io/lessons/trail/remoteBranches/index.md
2026-07-03T13:59:30.990Z - [36mverbose[39m: Rendering page: /Users/damithch/Repos/git-mastery/git-mastery.github.io/lessons/trail/managingProjects/index.md
2026-07-03T13:59:31.056Z - [36mverbose[39m: Rendering page: /Users/damithch/Repos/git-mastery/git-mastery.github.io/lessons/trail/recordingFolderHistory/index.md
2026-07-03T13:59:31.465Z - [36mverbose[39m: Rendering page: /Users/damithch/Repos/git-mastery/git-mastery.github.io/lessons/trail/index.md
2026-07-03T13:59:31.687Z - [36mverbose[39m: Rendering page: /Users/damithch/Repos/git-mastery/git-mastery.github.io/lessons/trail/fineTuningHistory/index.md
2026-07-03T13:59:31.775Z - [36mverbose[39m: Rendering page: /Users/damithch/Repos/git-mastery/git-mastery.github.io/lessons/trail/branchingLocally/index.md
2026-07-03T13:59:31.816Z - [36mverbose[39m: Rendering page: /Users/damithch/Repos/git-mastery/git-mastery.github.io/lessons/trail/backingUpOnCloud/index.md
2026-07-03T13:59:31.844Z - [36mverbose[39m: Rendering page: /Users/damithch/Repos/git-mastery/git-mastery.github.io/lessons/template/index.md
2026-07-03T13:59:31.847Z - [36mverbose[39m: Rendering page: /Users/damithch/Repos/git-mastery/git-mastery.github.io/lessons/tag/index.md
2026-07-03T13:59:32.009Z - [36mverbose[39m: Rendering page: /Users/damithch/Repos/git-mastery/git-mastery.github.io/lessons/syncByRebase/index.md
2026-07-03T13:59:32.012Z - [36mverbose[39m: Rendering page: /Users/damithch/Repos/git-mastery/git-mastery.github.io/lessons/stage/index.md
2026-07-03T13:59:32.024Z - [36mverbose[39m: Rendering page: /Users/damithch/Repos/git-mastery/git-mastery.github.io/lessons/syncByMerge/index.md
2026-07-03T13:59:32.029Z - [36mverbose[39m: Rendering page: /Users/damithch/Repos/git-mastery/git-mastery.github.io/lessons/show/index.md
2026-07-03T13:59:32.197Z - [36mverbose[39m: Rendering page: /Users/damithch/Repos/git-mastery/git-mastery.github.io/lessons/setRemote/index.md
2026-07-03T13:59:32.205Z - [36mverbose[39m: Rendering page: /Users/damithch/Repos/git-mastery/git-mastery.github.io/lessons/selectiveStage/index.md
2026-07-03T13:59:32.209Z - [36mverbose[39m: Rendering page: /Users/damithch/Repos/git-mastery/git-mastery.github.io/lessons/revert/index.md
2026-07-03T13:59:32.225Z - [36mverbose[39m: Rendering page: /Users/damithch/Repos/git-mastery/git-mastery.github.io/lessons/reset/index.md
2026-07-03T13:59:32.326Z - [36mverbose[39m: Rendering page: /Users/damithch/Repos/git-mastery/git-mastery.github.io/lessons/remoteRepos/index.md
2026-07-03T13:59:32.329Z - [36mverbose[39m: Rendering page: /Users/damithch/Repos/git-mastery/git-mastery.github.io/lessons/remoteBranchRename/index.md
2026-07-03T13:59:32.333Z - [36mverbose[39m: Rendering page: /Users/damithch/Repos/git-mastery/git-mastery.github.io/lessons/remoteBranchPush/index.md
2026-07-03T13:59:32.339Z - [36mverbose[39m: Rendering page: /Users/damithch/Repos/git-mastery/git-mastery.github.io/lessons/remoteBranchPull/index.md
2026-07-03T13:59:32.556Z - [36mverbose[39m: Rendering page: /Users/damithch/Repos/git-mastery/git-mastery.github.io/lessons/remoteBranchDelete/index.md
2026-07-03T13:59:32.568Z - [36mverbose[39m: Rendering page: /Users/damithch/Repos/git-mastery/git-mastery.github.io/lessons/push/index.md
2026-07-03T13:59:32.580Z - [36mverbose[39m: Rendering page: /Users/damithch/Repos/git-mastery/git-mastery.github.io/lessons/pull/index.md
2026-07-03T13:59:32.593Z - [36mverbose[39m: Rendering page: /Users/damithch/Repos/git-mastery/git-mastery.github.io/lessons/prsReview/index.md
2026-07-03T13:59:32.749Z - [36mverbose[39m: Rendering page: /Users/damithch/Repos/git-mastery/git-mastery.github.io/lessons/prsMerge/index.md
2026-07-03T13:59:32.754Z - [36mverbose[39m: Rendering page: /Users/damithch/Repos/git-mastery/git-mastery.github.io/lessons/prsCreate/index.md
2026-07-03T13:59:32.854Z - [36mverbose[39m: Rendering page: /Users/damithch/Repos/git-mastery/git-mastery.github.io/lessons/mergeConflicts/index.md
2026-07-03T13:59:32.860Z - [36mverbose[39m: Rendering page: /Users/damithch/Repos/git-mastery/git-mastery.github.io/lessons/otherPmFeatures/index.md
2026-07-03T13:59:32.956Z - [36mverbose[39m: Rendering page: /Users/damithch/Repos/git-mastery/git-mastery.github.io/lessons/merge/index.md
2026-07-03T13:59:32.969Z - [36mverbose[39m: Rendering page: /Users/damithch/Repos/git-mastery/git-mastery.github.io/lessons/log/index.md
2026-07-03T13:59:33.024Z - [36mverbose[39m: Rendering page: /Users/damithch/Repos/git-mastery/git-mastery.github.io/lessons/interactiveRebase/index.md
2026-07-03T13:59:33.030Z - [36mverbose[39m: Rendering page: /Users/damithch/Repos/git-mastery/git-mastery.github.io/lessons/intro/index.md
2026-07-03T13:59:33.236Z - [36mverbose[39m: Rendering page: /Users/damithch/Repos/git-mastery/git-mastery.github.io/lessons/init/index.md
2026-07-03T13:59:33.274Z - [36mverbose[39m: Rendering page: /Users/damithch/Repos/git-mastery/git-mastery.github.io/lessons/index.md
2026-07-03T13:59:33.342Z - [36mverbose[39m: Rendering page: /Users/damithch/Repos/git-mastery/git-mastery.github.io/lessons/ignore/index.md
2026-07-03T13:59:33.353Z - [36mverbose[39m: Rendering page: /Users/damithch/Repos/git-mastery/git-mastery.github.io/lessons/githubPrep/index.md
2026-07-03T13:59:33.392Z - [36mverbose[39m: Rendering page: /Users/damithch/Repos/git-mastery/git-mastery.github.io/lessons/gitPrep/index.md
2026-07-03T13:59:33.451Z - [36mverbose[39m: Rendering page: /Users/damithch/Repos/git-mastery/git-mastery.github.io/lessons/forkingWorkflow/index.md
2026-07-03T13:59:33.457Z - [36mverbose[39m: Rendering page: /Users/damithch/Repos/git-mastery/git-mastery.github.io/lessons/fork/index.md
2026-07-03T13:59:33.492Z - [36mverbose[39m: Rendering page: /Users/damithch/Repos/git-mastery/git-mastery.github.io/lessons/diff/index.md
2026-07-03T13:59:33.566Z - [36mverbose[39m: Rendering page: /Users/damithch/Repos/git-mastery/git-mastery.github.io/lessons/createRemoteRepo/index.md
2026-07-03T13:59:33.593Z - [36mverbose[39m: Rendering page: /Users/damithch/Repos/git-mastery/git-mastery.github.io/lessons/commitMessage/index.md
2026-07-03T13:59:33.607Z - [36mverbose[39m: Rendering page: /Users/damithch/Repos/git-mastery/git-mastery.github.io/lessons/commit/index.md
2026-07-03T13:59:33.670Z - [36mverbose[39m: Rendering page: /Users/damithch/Repos/git-mastery/git-mastery.github.io/lessons/clone/index.md
2026-07-03T13:59:33.707Z - [36mverbose[39m: Rendering page: /Users/damithch/Repos/git-mastery/git-mastery.github.io/lessons/cherryPick/index.md
2026-07-03T13:59:33.784Z - [36mverbose[39m: Rendering page: /Users/damithch/Repos/git-mastery/git-mastery.github.io/lessons/checkout/index.md
2026-07-03T13:59:33.872Z - [36mverbose[39m: Rendering page: /Users/damithch/Repos/git-mastery/git-mastery.github.io/lessons/branchRename/index.md
2026-07-03T13:59:33.888Z - [36mverbose[39m: Rendering page: /Users/damithch/Repos/git-mastery/git-mastery.github.io/lessons/branchDelete/index.md
2026-07-03T13:59:33.896Z - [36mverbose[39m: Rendering page: /Users/damithch/Repos/git-mastery/git-mastery.github.io/lessons/branch/index.md
2026-07-03T13:59:33.908Z - [36mverbose[39m: Rendering page: /Users/damithch/Repos/git-mastery/git-mastery.github.io/index.md
2026-07-03T13:59:33.917Z - [32minfo[39m: Pages built
2026-07-03T13:59:34.014Z - [32minfo[39m: Site data built
2026-07-03T13:59:34.015Z - [32minfo[39m: Website generation complete! Total build time: 9.396s
2026-07-03T13:59:34.015Z - [32minfo[39m: Build success!
2026-07-03T14:02:30.099Z - [32minfo[39m: Website generation (lazy) started at 22:02:29
2026-07-03T14:02:30.226Z - [32minfo[39m: Building assets...
2026-07-03T14:02:30.319Z - [32minfo[39m: Assets built
2026-07-03T14:02:30.320Z - [32minfo[39m: Generating landing page...
2026-07-03T14:02:30.401Z - [36mverbose[39m: Rendering page: /Users/damithch/Repos/git-mastery/git-mastery.github.io/index.md
2026-07-03T14:02:30.423Z - [32minfo[39m: Landing page built, other pages will be built as you navigate to them!
2026-07-03T14:02:30.500Z - [32minfo[39m: Site data built
2026-07-03T14:02:30.500Z - [32minfo[39m: Website generation (lazy) complete! Total build time: 0.531s
2026-07-03T14:02:30.512Z - [32minfo[39m: Serving "/Users/damithch/Repos/git-mastery/git-mastery.github.io/_site" at http://127.0.0.1:8080
2026-07-03T14:02:30.512Z - [32minfo[39m: Press CTRL+C to stop ...
2026-07-03T14:02:34.853Z - [32minfo[39m: Building /Users/damithch/Repos/git-mastery/git-mastery.github.io/versions/cs2103/insertions as some of its dependencies were changed since the last visit
2026-07-03T14:02:34.906Z - [36mverbose[39m: Rendering page: /Users/damithch/Repos/git-mastery/git-mastery.github.io/versions/cs2103/insertions.md
2026-07-03T14:02:34.911Z - [32minfo[39m: Site data built
2026-07-03T14:02:34.911Z - [32minfo[39m: Lazy website regeneration complete! Total build time: 0.061s
2026-07-03T14:02:43.415Z - [32minfo[39m: Building /Users/damithch/Repos/git-mastery/git-mastery.github.io/lessons/index as some of its dependencies were changed since the last visit
2026-07-03T14:02:43.791Z - [36mverbose[39m: Rendering page: /Users/damithch/Repos/git-mastery/git-mastery.github.io/lessons/index.md
2026-07-03T14:02:43.804Z - [32minfo[39m: Site data built
2026-07-03T14:02:43.804Z - [32minfo[39m: Lazy website regeneration complete! Total build time: 0.39s
2026-07-03T14:02:53.121Z - [32minfo[39m: Building /Users/damithch/Repos/git-mastery/git-mastery.github.io/lessons/commit/index as some of its dependencies were changed since the last visit
2026-07-03T14:02:53.262Z - [36mverbose[39m: Rendering page: /Users/damithch/Repos/git-mastery/git-mastery.github.io/lessons/commit/index.md
2026-07-03T14:02:53.282Z - [32minfo[39m: Site data built
2026-07-03T14:02:53.282Z - [32minfo[39m: Lazy website regeneration complete! Total build time: 0.162s
2026-07-03T14:10:33.840Z - [32minfo[39m: [22:10:33] Reload for file change: /Users/damithch/Repos/git-mastery/git-mastery.github.io/lessons/commit/text.md
2026-07-03T14:10:33.849Z - [32minfo[39m: Synchronizing opened pages list before reload
2026-07-03T14:10:33.851Z - [32minfo[39m: Current opened pages, from most-to-least recent:
2026-07-03T14:10:33.852Z - [32minfo[39m: 1. lessons/commit/index
2026-07-03T14:10:34.881Z - [32minfo[39m: Rebuilding 1 pages
2026-07-03T14:10:35.126Z - [36mverbose[39m: Rendering page: /Users/damithch/Repos/git-mastery/git-mastery.github.io/lessons/commit/index.md
2026-07-03T14:10:35.148Z - [32minfo[39m: Site data built
2026-07-03T14:10:35.148Z - [32minfo[39m: Pages rebuilt
2026-07-03T14:10:35.148Z - [32minfo[39m: Website regeneration complete! Total build time: 0.286s
2026-07-03T14:11:25.661Z - [32minfo[39m: [22:11:25] Reload for file change: /Users/damithch/Repos/git-mastery/git-mastery.github.io/lessons/commit/text.md
2026-07-03T14:11:25.665Z - [32minfo[39m: Synchronizing opened pages list before reload
2026-07-03T14:11:25.665Z - [32minfo[39m: Current opened pages, from most-to-least recent:
2026-07-03T14:11:25.666Z - [32minfo[39m: 1. lessons/commit/index
2026-07-03T14:11:26.670Z - [32minfo[39m: Rebuilding 1 pages
2026-07-03T14:11:26.869Z - [36mverbose[39m: Rendering page: /Users/damithch/Repos/git-mastery/git-mastery.github.io/lessons/commit/index.md
2026-07-03T14:11:26.891Z - [32minfo[39m: Site data built
2026-07-03T14:11:26.891Z - [32minfo[39m: Pages rebuilt
2026-07-03T14:11:26.891Z - [32minfo[39m: Website regeneration complete! Total build time: 0.222s
2026-07-03T14:12:12.960Z - [32minfo[39m: [22:12:12] Reload for file change: /Users/damithch/Repos/git-mastery/git-mastery.github.io/lessons/commit/text.md
2026-07-03T14:12:12.962Z - [32minfo[39m: Synchronizing opened pages list before reload
2026-07-03T14:12:12.963Z - [32minfo[39m: Current opened pages, from most-to-least recent:
2026-07-03T14:12:12.963Z - [32minfo[39m: 1. lessons/commit/index
2026-07-03T14:12:13.969Z - [32minfo[39m: Rebuilding 1 pages
2026-07-03T14:12:14.162Z - [36mverbose[39m: Rendering page: /Users/damithch/Repos/git-mastery/git-mastery.github.io/lessons/commit/index.md
2026-07-03T14:12:14.177Z - [32minfo[39m: Site data built
2026-07-03T14:12:14.177Z - [32minfo[39m: Pages rebuilt
2026-07-03T14:12:14.177Z - [32minfo[39m: Website regeneration complete! Total build time: 0.211s
2026-07-03T14:12:47.637Z - [32minfo[39m: [22:12:47] Reload for file change: /Users/damithch/Repos/git-mastery/git-mastery.github.io/lessons/commit/text.md
2026-07-03T14:12:47.640Z - [32minfo[39m: Synchronizing opened pages list before reload
2026-07-03T14:12:47.642Z - [32minfo[39m: Current opened pages, from most-to-least recent:
2026-07-03T14:12:47.643Z - [32minfo[39m: 1. lessons/commit/index
2026-07-03T14:12:48.650Z - [32minfo[39m: Rebuilding 1 pages
2026-07-03T14:12:48.826Z - [36mverbose[39m: Rendering page: /Users/damithch/Repos/git-mastery/git-mastery.github.io/lessons/commit/index.md
2026-07-03T14:12:48.851Z - [32minfo[39m: Site data built
2026-07-03T14:12:48.851Z - [32minfo[39m: Pages rebuilt
2026-07-03T14:12:48.851Z - [32minfo[39m: Website regeneration complete! Total build time: 0.205s
2026-07-03T14:13:41.089Z - [32minfo[39m: [22:13:41] Reload for file change: /Users/damithch/Repos/git-mastery/git-mastery.github.io/lessons/commit/folder-commit-location-fragment.md
2026-07-03T14:13:41.092Z - [32minfo[39m: Synchronizing opened pages list before reload
2026-07-03T14:13:41.093Z - [32minfo[39m: Current opened pages, from most-to-least recent:
2026-07-03T14:13:41.093Z - [32minfo[39m: 1. lessons/commit/index
2026-07-03T14:13:42.098Z - [32minfo[39m: Rebuilding 1 pages
2026-07-03T14:13:42.305Z - [36mverbose[39m: Rendering page: /Users/damithch/Repos/git-mastery/git-mastery.github.io/lessons/commit/index.md
2026-07-03T14:13:42.320Z - [32minfo[39m: Site data built
2026-07-03T14:13:42.320Z - [32minfo[39m: Pages rebuilt
2026-07-03T14:13:42.320Z - [32minfo[39m: Website regeneration complete! Total build time: 0.224s
2026-07-03T14:14:09.635Z - [32minfo[39m: [22:14:09] Reload for file change: /Users/damithch/Repos/git-mastery/git-mastery.github.io/lessons/commit/folder-commit-location-fragment.md
2026-07-03T14:14:09.637Z - [32minfo[39m: Synchronizing opened pages list before reload
2026-07-03T14:14:09.640Z - [32minfo[39m: Current opened pages, from most-to-least recent:
2026-07-03T14:14:09.640Z - [32minfo[39m: 1. lessons/commit/index
2026-07-03T14:14:10.648Z - [32minfo[39m: Rebuilding 1 pages
2026-07-03T14:14:10.831Z - [36mverbose[39m: Rendering page: /Users/damithch/Repos/git-mastery/git-mastery.github.io/lessons/commit/index.md
2026-07-03T14:14:10.856Z - [32minfo[39m: Site data built
2026-07-03T14:14:10.856Z - [32minfo[39m: Pages rebuilt
2026-07-03T14:14:10.856Z - [32minfo[39m: Website regeneration complete! Total build time: 0.21s
2026-07-03T14:14:45.144Z - [32minfo[39m: [22:14:45] Reload for file change: /Users/damithch/Repos/git-mastery/git-mastery.github.io/lessons/commit/folder-commit-location-fragment.md
2026-07-03T14:14:45.147Z - [32minfo[39m: Synchronizing opened pages list before reload
2026-07-03T14:14:45.149Z - [32minfo[39m: Current opened pages, from most-to-least recent:
2026-07-03T14:14:45.150Z - [32minfo[39m: 1. lessons/commit/index
2026-07-03T14:14:46.156Z - [32minfo[39m: Rebuilding 1 pages
2026-07-03T14:14:46.339Z - [36mverbose[39m: Rendering page: /Users/damithch/Repos/git-mastery/git-mastery.github.io/lessons/commit/index.md
2026-07-03T14:14:46.360Z - [32minfo[39m: Site data built
2026-07-03T14:14:46.360Z - [32minfo[39m: Pages rebuilt
2026-07-03T14:14:46.360Z - [32minfo[39m: Website regeneration complete! Total build time: 0.206s
2026-07-03T14:15:13.622Z - [32minfo[39m: [22:15:13] Reload for file change: /Users/damithch/Repos/git-mastery/git-mastery.github.io/lessons/commit/folder-commit-location-fragment.md
2026-07-03T14:15:13.625Z - [32minfo[39m: Synchronizing opened pages list before reload
2026-07-03T14:15:13.626Z - [32minfo[39m: Current opened pages, from most-to-least recent:
2026-07-03T14:15:13.626Z - [32minfo[39m: 1. lessons/commit/index
2026-07-03T14:15:14.631Z - [32minfo[39m: Rebuilding 1 pages
2026-07-03T14:15:14.846Z - [36mverbose[39m: Rendering page: /Users/damithch/Repos/git-mastery/git-mastery.github.io/lessons/commit/index.md
2026-07-03T14:15:14.868Z - [32minfo[39m: Site data built
2026-07-03T14:15:14.868Z - [32minfo[39m: Pages rebuilt
2026-07-03T14:15:14.868Z - [32minfo[39m: Website regeneration complete! Total build time: 0.239s
2026-07-03T14:15:31.524Z - [32minfo[39m: [22:15:31] Reload for file change: /Users/damithch/Repos/git-mastery/git-mastery.github.io/lessons/commit/folder-commit-location-fragment.md
2026-07-03T14:15:31.542Z - [32minfo[39m: Synchronizing opened pages list before reload
2026-07-03T14:15:31.558Z - [32minfo[39m: Current opened pages, from most-to-least recent:
2026-07-03T14:15:31.558Z - [32minfo[39m: 1. lessons/commit/index
2026-07-03T14:15:32.570Z - [32minfo[39m: Rebuilding 1 pages
2026-07-03T14:15:32.756Z - [36mverbose[39m: Rendering page: /Users/damithch/Repos/git-mastery/git-mastery.github.io/lessons/commit/index.md
2026-07-03T14:15:32.776Z - [32minfo[39m: Site data built
2026-07-03T14:15:32.776Z - [32minfo[39m: Pages rebuilt
2026-07-03T14:15:32.776Z - [32minfo[39m: Website regeneration complete! Total build time: 0.211s
2026-07-03T14:16:07.581Z - [32minfo[39m: [22:16:07] Reload for file change: /Users/damithch/Repos/git-mastery/git-mastery.github.io/lessons/commit/folder-commit-location-fragment.md
2026-07-03T14:16:07.588Z - [32minfo[39m: Synchronizing opened pages list before reload
2026-07-03T14:16:07.588Z - [32minfo[39m: Current opened pages, from most-to-least recent:
2026-07-03T14:16:07.589Z - [32minfo[39m: 1. lessons/commit/index
2026-07-03T14:16:08.592Z - [32minfo[39m: Rebuilding 1 pages
2026-07-03T14:16:08.786Z - [36mverbose[39m: Rendering page: /Users/damithch/Repos/git-mastery/git-mastery.github.io/lessons/commit/index.md
2026-07-03T14:16:08.811Z - [32minfo[39m: Site data built
2026-07-03T14:16:08.811Z - [32minfo[39m: Pages rebuilt
2026-07-03T14:16:08.811Z - [32minfo[39m: Website regeneration complete! Total build time: 0.22s
2026-07-03T14:16:16.148Z - [32minfo[39m: [22:16:16] Reload for file change: /Users/damithch/Repos/git-mastery/git-mastery.github.io/lessons/commit/folder-commit-location-fragment.md
2026-07-03T14:16:16.149Z - [32minfo[39m: Synchronizing opened pages list before reload
2026-07-03T14:16:16.149Z - [32minfo[39m: Current opened pages, from most-to-least recent:
2026-07-03T14:16:16.149Z - [32minfo[39m: 1. lessons/commit/index
2026-07-03T14:16:17.153Z - [32minfo[39m: Rebuilding 1 pages
2026-07-03T14:16:17.324Z - [36mverbose[39m: Rendering page: /Users/damithch/Repos/git-mastery/git-mastery.github.io/lessons/commit/index.md
2026-07-03T14:16:17.338Z - [32minfo[39m: Site data built
2026-07-03T14:16:17.338Z - [32minfo[39m: Pages rebuilt
2026-07-03T14:16:17.338Z - [32minfo[39m: Website regeneration complete! Total build time: 0.187s
2026-07-03T14:16:37.882Z - [32minfo[39m: [22:16:37] Reload for file change: /Users/damithch/Repos/git-mastery/git-mastery.github.io/lessons/commit/folder-commit-location-fragment.md
2026-07-03T14:16:37.883Z - [32minfo[39m: Synchronizing opened pages list before reload
2026-07-03T14:16:37.883Z - [32minfo[39m: Current opened pages, from most-to-least recent:
2026-07-03T14:16:37.883Z - [32minfo[39m: 1. lessons/commit/index
2026-07-03T14:16:38.887Z - [32minfo[39m: Rebuilding 1 pages
2026-07-03T14:16:39.078Z - [36mverbose[39m: Rendering page: /Users/damithch/Repos/git-mastery/git-mastery.github.io/lessons/commit/index.md
2026-07-03T14:16:39.100Z - [32minfo[39m: Site data built
2026-07-03T14:16:39.100Z - [32minfo[39m: Pages rebuilt
2026-07-03T14:16:39.100Z - [32minfo[39m: Website regeneration complete! Total build time: 0.215s
2026-07-03T14:17:08.842Z - [32minfo[39m: [22:17:08] Reload for file change: /Users/damithch/Repos/git-mastery/git-mastery.github.io/lessons/commit/folder-commit-location-fragment.md
2026-07-03T14:17:08.843Z - [32minfo[39m: Synchronizing opened pages list before reload
2026-07-03T14:17:08.844Z - [32minfo[39m: Current opened pages, from most-to-least recent:
2026-07-03T14:17:08.844Z - [32minfo[39m: 1. lessons/commit/index
2026-07-03T14:17:09.848Z - [32minfo[39m: Rebuilding 1 pages
2026-07-03T14:17:10.045Z - [36mverbose[39m: Rendering page: /Users/damithch/Repos/git-mastery/git-mastery.github.io/lessons/commit/index.md
2026-07-03T14:17:10.058Z - [32minfo[39m: Site data built
2026-07-03T14:17:10.058Z - [32minfo[39m: Pages rebuilt
2026-07-03T14:17:10.058Z - [32minfo[39m: Website regeneration complete! Total build time: 0.213s
2026-07-03T14:56:26.105Z - [32minfo[39m: [22:56:26] Reload for file add: /Users/damithch/Repos/git-mastery/git-mastery.github.io/lessons/commit/folder-changes-after-commit-fragment.md
2026-07-03T14:56:26.115Z - [32minfo[39m: Synchronizing opened pages list before reload
2026-07-03T14:56:26.125Z - [32minfo[39m: Current opened pages, from most-to-least recent:
2026-07-03T14:56:26.126Z - [32minfo[39m: 1. lessons/commit/index
2026-07-03T14:56:27.254Z - [32minfo[39m: Assets built
2026-07-03T14:57:43.940Z - [32minfo[39m: [22:57:43] Reload for file change: /Users/damithch/Repos/git-mastery/git-mastery.github.io/lessons/commit/text.md
2026-07-03T14:57:43.941Z - [32minfo[39m: Synchronizing opened pages list before reload
2026-07-03T14:57:43.942Z - [32minfo[39m: Current opened pages, from most-to-least recent:
2026-07-03T14:57:43.943Z - [32minfo[39m: 1. lessons/commit/index
2026-07-03T14:57:44.991Z - [32minfo[39m: Rebuilding 1 pages
2026-07-03T14:57:45.164Z - [31merror[39m: No such file: /Users/damithch/Repos/git-mastery/git-mastery.github.io/lessons/commit/folder-changes-after-commit
Missing reference in /Users/damithch/Repos/git-mastery/git-mastery.github.io/lessons/commit/text.md
2026-07-03T14:57:45.167Z - [31merror[39m: No such file: /Users/damithch/Repos/git-mastery/git-mastery.github.io/lessons/commit/folder-changes-after-commit
Missing reference in /Users/damithch/Repos/git-mastery/git-mastery.github.io/lessons/commit/text.md
2026-07-03T14:57:45.167Z - [31merror[39m: No such file: /Users/damithch/Repos/git-mastery/git-mastery.github.io/lessons/commit/folder-changes-after-commit
Missing reference in /Users/damithch/Repos/git-mastery/git-mastery.github.io/lessons/commit/text.md
2026-07-03T14:57:45.307Z - [36mverbose[39m: Rendering page: /Users/damithch/Repos/git-mastery/git-mastery.github.io/lessons/commit/index.md
2026-07-03T14:57:45.322Z - [32minfo[39m: Site data built
2026-07-03T14:57:45.322Z - [32minfo[39m: Pages rebuilt
2026-07-03T14:57:45.322Z - [32minfo[39m: Website regeneration complete! Total build time: 0.356s
2026-07-03T14:58:07.084Z - [32minfo[39m: [22:58:07] Reload for file change: /Users/damithch/Repos/git-mastery/git-mastery.github.io/lessons/commit/text.md
2026-07-03T14:58:07.089Z - [32minfo[39m: Synchronizing opened pages list before reload
2026-07-03T14:58:07.090Z - [32minfo[39m: Current opened pages, from most-to-least recent:
2026-07-03T14:58:07.091Z - [32minfo[39m: 1. lessons/commit/index
2026-07-03T14:58:08.110Z - [32minfo[39m: Rebuilding 1 pages
2026-07-03T14:58:08.253Z - [36mverbose[39m: Rendering page: /Users/damithch/Repos/git-mastery/git-mastery.github.io/lessons/commit/index.md
2026-07-03T14:58:08.276Z - [32minfo[39m: Site data built
2026-07-03T14:58:08.276Z - [32minfo[39m: Pages rebuilt
2026-07-03T14:58:08.276Z - [32minfo[39m: Website regeneration complete! Total build time: 0.184s
2026-07-03T14:58:42.754Z - [32minfo[39m: [22:58:42] Reload for file deletion: /Users/damithch/Repos/git-mastery/git-mastery.github.io/lessons/commit/folder-commit-location-fragment.md
2026-07-03T14:58:42.755Z - [32minfo[39m: Synchronizing opened pages list before reload
2026-07-03T14:58:42.756Z - [32minfo[39m: Current opened pages, from most-to-least recent:
2026-07-03T14:58:42.756Z - [32minfo[39m: 1. lessons/commit/index
2026-07-03T14:58:42.842Z - [32minfo[39m: [22:58:42] Reload for file add: /Users/damithch/Repos/git-mastery/git-mastery.github.io/lessons/commit/folder-right-after-commit-fragment.md
2026-07-03T14:58:42.842Z - [32minfo[39m: Synchronizing opened pages list before reload
2026-07-03T14:58:42.842Z - [32minfo[39m: Current opened pages, from most-to-least recent:
2026-07-03T14:58:42.842Z - [32minfo[39m: 1. lessons/commit/index
2026-07-03T14:58:43.841Z - [32minfo[39m: Pages or site config modified, updating pages...
2026-07-03T14:58:43.896Z - [32minfo[39m: Assets built
2026-07-03T14:58:44.924Z - [32minfo[39m: Building /Users/damithch/Repos/git-mastery/git-mastery.github.io/lessons/commit/index as some of its dependencies were changed since the last visit
2026-07-03T14:58:44.989Z - [31merror[39m: No such file: /Users/damithch/Repos/git-mastery/git-mastery.github.io/lessons/commit/folder-commit-location-fragment.md
Missing reference in /Users/damithch/Repos/git-mastery/git-mastery.github.io/lessons/commit/text.md
2026-07-03T14:58:44.989Z - [31merror[39m: No such file: /Users/damithch/Repos/git-mastery/git-mastery.github.io/lessons/commit/folder-commit-location-fragment.md
Missing reference in /Users/damithch/Repos/git-mastery/git-mastery.github.io/lessons/commit/text.md
2026-07-03T14:58:44.990Z - [31merror[39m: No such file: /Users/damithch/Repos/git-mastery/git-mastery.github.io/lessons/commit/folder-commit-location-fragment.md
Missing reference in /Users/damithch/Repos/git-mastery/git-mastery.github.io/lessons/commit/text.md
2026-07-03T14:58:45.124Z - [36mverbose[39m: Rendering page: /Users/damithch/Repos/git-mastery/git-mastery.github.io/lessons/commit/index.md
2026-07-03T14:58:45.138Z - [32minfo[39m: Site data built
2026-07-03T14:58:45.138Z - [32minfo[39m: Lazy website regeneration complete! Total build time: 0.217s
2026-07-03T14:58:57.830Z - [32minfo[39m: [22:58:57] Reload for file change: /Users/damithch/Repos/git-mastery/git-mastery.github.io/lessons/commit/text.md
2026-07-03T14:58:57.832Z - [32minfo[39m: Synchronizing opened pages list before reload
2026-07-03T14:58:57.834Z - [32minfo[39m: Current opened pages, from most-to-least recent:
2026-07-03T14:58:57.834Z - [32minfo[39m: 1. lessons/commit/index
2026-07-03T14:58:58.857Z - [32minfo[39m: Rebuilding 1 pages
2026-07-03T14:58:58.909Z - [31merror[39m: No such file: /Users/damithch/Repos/git-mastery/git-mastery.github.io/lessons/commit/folder-right-afer-commit-fragment.md
Missing reference in /Users/damithch/Repos/git-mastery/git-mastery.github.io/lessons/commit/text.md
2026-07-03T14:58:58.910Z - [31merror[39m: No such file: /Users/damithch/Repos/git-mastery/git-mastery.github.io/lessons/commit/folder-right-afer-commit-fragment.md
Missing reference in /Users/damithch/Repos/git-mastery/git-mastery.github.io/lessons/commit/text.md
2026-07-03T14:58:58.911Z - [31merror[39m: No such file: /Users/damithch/Repos/git-mastery/git-mastery.github.io/lessons/commit/folder-right-afer-commit-fragment.md
Missing reference in /Users/damithch/Repos/git-mastery/git-mastery.github.io/lessons/commit/text.md
2026-07-03T14:58:58.998Z - [36mverbose[39m: Rendering page: /Users/damithch/Repos/git-mastery/git-mastery.github.io/lessons/commit/index.md
2026-07-03T14:58:59.021Z - [32minfo[39m: Site data built
2026-07-03T14:58:59.021Z - [32minfo[39m: Pages rebuilt
2026-07-03T14:58:59.021Z - [32minfo[39m: Website regeneration complete! Total build time: 0.184s
2026-07-03T14:59:11.617Z - [32minfo[39m: [22:59:11] Reload for file change: /Users/damithch/Repos/git-mastery/git-mastery.github.io/lessons/commit/text.md
2026-07-03T14:59:11.619Z - [32minfo[39m: Synchronizing opened pages list before reload
2026-07-03T14:59:11.620Z - [32minfo[39m: Current opened pages, from most-to-least recent:
2026-07-03T14:59:11.620Z - [32minfo[39m: 1. lessons/commit/index
2026-07-03T14:59:12.627Z - [32minfo[39m: Rebuilding 1 pages
2026-07-03T14:59:12.823Z - [36mverbose[39m: Rendering page: /Users/damithch/Repos/git-mastery/git-mastery.github.io/lessons/commit/index.md
2026-07-03T14:59:12.838Z - [32minfo[39m: Site data built
2026-07-03T14:59:12.838Z - [32minfo[39m: Pages rebuilt
2026-07-03T14:59:12.838Z - [32minfo[39m: Website regeneration complete! Total build time: 0.215s
2026-07-03T14:59:31.744Z - [32minfo[39m: [22:59:31] Reload for file change: /Users/damithch/Repos/git-mastery/git-mastery.github.io/lessons/commit/folder-changes-after-commit-fragment.md
2026-07-03T14:59:31.747Z - [32minfo[39m: Synchronizing opened pages list before reload
2026-07-03T14:59:31.748Z - [32minfo[39m: Current opened pages, from most-to-least recent:
2026-07-03T14:59:31.749Z - [32minfo[39m: 1. lessons/commit/index
2026-07-03T14:59:32.758Z - [32minfo[39m: Rebuilding 1 pages
2026-07-03T14:59:32.944Z - [36mverbose[39m: Rendering page: /Users/damithch/Repos/git-mastery/git-mastery.github.io/lessons/commit/index.md
2026-07-03T14:59:32.957Z - [32minfo[39m: Site data built
2026-07-03T14:59:32.957Z - [32minfo[39m: Pages rebuilt
2026-07-03T14:59:32.957Z - [32minfo[39m: Website regeneration complete! Total build time: 0.201s
2026-07-03T14:59:44.087Z - [32minfo[39m: [22:59:44] Reload for file change: /Users/damithch/Repos/git-mastery/git-mastery.github.io/lessons/commit/folder-changes-after-commit-fragment.md
2026-07-03T14:59:44.087Z - [32minfo[39m: Synchronizing opened pages list before reload
2026-07-03T14:59:44.087Z - [32minfo[39m: Current opened pages, from most-to-least recent:
2026-07-03T14:59:44.087Z - [32minfo[39m: 1. lessons/commit/index
2026-07-03T14:59:45.112Z - [32minfo[39m: Rebuilding 1 pages
2026-07-03T14:59:45.305Z - [36mverbose[39m: Rendering page: /Users/damithch/Repos/git-mastery/git-mastery.github.io/lessons/commit/index.md
2026-07-03T14:59:45.320Z - [32minfo[39m: Site data built
2026-07-03T14:59:45.320Z - [32minfo[39m: Pages rebuilt
2026-07-03T14:59:45.320Z - [32minfo[39m: Website regeneration complete! Total build time: 0.218s
2026-07-03T15:01:40.687Z - [32minfo[39m: [23:01:40] Reload for file change: /Users/damithch/Repos/git-mastery/git-mastery.github.io/lessons/commit/folder-changes-after-commit-fragment.md
2026-07-03T15:01:40.690Z - [32minfo[39m: Synchronizing opened pages list before reload
2026-07-03T15:01:40.691Z - [32minfo[39m: Current opened pages, from most-to-least recent:
2026-07-03T15:01:40.691Z - [32minfo[39m: 1. lessons/commit/index
2026-07-03T15:01:41.695Z - [32minfo[39m: Rebuilding 1 pages
2026-07-03T15:01:41.864Z - [36mverbose[39m: Rendering page: /Users/damithch/Repos/git-mastery/git-mastery.github.io/lessons/commit/index.md
2026-07-03T15:01:41.881Z - [32minfo[39m: Site data built
2026-07-03T15:01:41.881Z - [32minfo[39m: Pages rebuilt
2026-07-03T15:01:41.881Z - [32minfo[39m: Website regeneration complete! Total build time: 0.187s
2026-07-03T15:01:55.047Z - [32minfo[39m: [23:01:55] Reload for file change: /Users/damithch/Repos/git-mastery/git-mastery.github.io/lessons/commit/folder-changes-after-commit-fragment.md
2026-07-03T15:01:55.048Z - [32minfo[39m: Synchronizing opened pages list before reload
2026-07-03T15:01:55.048Z - [32minfo[39m: Current opened pages, from most-to-least recent:
2026-07-03T15:01:55.048Z - [32minfo[39m: 1. lessons/commit/index
2026-07-03T15:01:56.053Z - [32minfo[39m: Rebuilding 1 pages
2026-07-03T15:01:56.231Z - [36mverbose[39m: Rendering page: /Users/damithch/Repos/git-mastery/git-mastery.github.io/lessons/commit/index.md
2026-07-03T15:01:56.246Z - [32minfo[39m: Site data built
2026-07-03T15:01:56.246Z - [32minfo[39m: Pages rebuilt
2026-07-03T15:01:56.247Z - [32minfo[39m: Website regeneration complete! Total build time: 0.196s
2026-07-03T15:02:28.528Z - [32minfo[39m: [23:02:28] Reload for file change: /Users/damithch/Repos/git-mastery/git-mastery.github.io/lessons/commit/folder-changes-after-commit-fragment.md
2026-07-03T15:02:28.529Z - [32minfo[39m: Synchronizing opened pages list before reload
2026-07-03T15:02:28.530Z - [32minfo[39m: Current opened pages, from most-to-least recent:
2026-07-03T15:02:28.530Z - [32minfo[39m: 1. lessons/commit/index
2026-07-03T15:02:29.545Z - [32minfo[39m: Rebuilding 1 pages
2026-07-03T15:02:29.744Z - [36mverbose[39m: Rendering page: /Users/damithch/Repos/git-mastery/git-mastery.github.io/lessons/commit/index.md
2026-07-03T15:02:29.770Z - [32minfo[39m: Site data built
2026-07-03T15:02:29.770Z - [32minfo[39m: Pages rebuilt
2026-07-03T15:02:29.770Z - [32minfo[39m: Website regeneration complete! Total build time: 0.228s
2026-07-03T15:02:45.774Z - [32minfo[39m: [23:02:45] Reload for file change: /Users/damithch/Repos/git-mastery/git-mastery.github.io/lessons/commit/folder-changes-after-commit-fragment.md
2026-07-03T15:02:45.775Z - [32minfo[39m: Synchronizing opened pages list before reload
2026-07-03T15:02:45.776Z - [32minfo[39m: Current opened pages, from most-to-least recent:
2026-07-03T15:02:45.776Z - [32minfo[39m: 1. lessons/commit/index
2026-07-03T15:02:46.780Z - [32minfo[39m: Rebuilding 1 pages
2026-07-03T15:02:46.971Z - [36mverbose[39m: Rendering page: /Users/damithch/Repos/git-mastery/git-mastery.github.io/lessons/commit/index.md
2026-07-03T15:02:46.986Z - [32minfo[39m: Site data built
2026-07-03T15:02:46.986Z - [32minfo[39m: Pages rebuilt
2026-07-03T15:02:46.986Z - [32minfo[39m: Website regeneration complete! Total build time: 0.208s
2026-07-03T15:03:25.596Z - [32minfo[39m: [23:03:25] Reload for file change: /Users/damithch/Repos/git-mastery/git-mastery.github.io/lessons/commit/folder-changes-after-commit-fragment.md
2026-07-03T15:03:25.598Z - [32minfo[39m: Synchronizing opened pages list before reload
2026-07-03T15:03:25.600Z - [32minfo[39m: Current opened pages, from most-to-least recent:
2026-07-03T15:03:25.601Z - [32minfo[39m: 1. lessons/commit/index
2026-07-03T15:03:26.609Z - [32minfo[39m: Rebuilding 1 pages
2026-07-03T15:03:26.815Z - [36mverbose[39m: Rendering page: /Users/damithch/Repos/git-mastery/git-mastery.github.io/lessons/commit/index.md
2026-07-03T15:03:26.832Z - [32minfo[39m: Site data built
2026-07-03T15:03:26.832Z - [32minfo[39m: Pages rebuilt
2026-07-03T15:03:26.832Z - [32minfo[39m: Website regeneration complete! Total build time: 0.226s
2026-07-03T15:03:33.380Z - [32minfo[39m: [23:03:33] Reload for file change: /Users/damithch/Repos/git-mastery/git-mastery.github.io/lessons/commit/folder-changes-after-commit-fragment.md
2026-07-03T15:03:33.381Z - [32minfo[39m: Synchronizing opened pages list before reload
2026-07-03T15:03:33.381Z - [32minfo[39m: Current opened pages, from most-to-least recent:
2026-07-03T15:03:33.381Z - [32minfo[39m: 1. lessons/commit/index
2026-07-03T15:03:34.388Z - [32minfo[39m: Rebuilding 1 pages
2026-07-03T15:03:34.541Z - [36mverbose[39m: Rendering page: /Users/damithch/Repos/git-mastery/git-mastery.github.io/lessons/commit/index.md
2026-07-03T15:03:34.564Z - [32minfo[39m: Site data built
2026-07-03T15:03:34.564Z - [32minfo[39m: Pages rebuilt
2026-07-03T15:03:34.564Z - [32minfo[39m: Website regeneration complete! Total build time: 0.182s
2026-07-03T15:04:48.229Z - [32minfo[39m: [23:04:48] Reload for file change: /Users/damithch/Repos/git-mastery/git-mastery.github.io/lessons/commit/text.md
2026-07-03T15:04:48.232Z - [32minfo[39m: Synchronizing opened pages list before reload
2026-07-03T15:04:48.232Z - [32minfo[39m: Current opened pages, from most-to-least recent:
2026-07-03T15:04:48.232Z - [32minfo[39m: 1. lessons/commit/index
2026-07-03T15:04:49.251Z - [32minfo[39m: Rebuilding 1 pages
2026-07-03T15:04:49.476Z - [36mverbose[39m: Rendering page: /Users/damithch/Repos/git-mastery/git-mastery.github.io/lessons/commit/index.md
2026-07-03T15:04:49.491Z - [32minfo[39m: Site data built
2026-07-03T15:04:49.491Z - [32minfo[39m: Pages rebuilt
2026-07-03T15:04:49.491Z - [32minfo[39m: Website regeneration complete! Total build time: 0.257s
2026-07-03T15:08:06.867Z - [32minfo[39m: [23:08:06] Reload for file change: /Users/damithch/Repos/git-mastery/git-mastery.github.io/lessons/commit/text.md
2026-07-03T15:08:06.869Z - [32minfo[39m: Synchronizing opened pages list before reload
2026-07-03T15:08:06.870Z - [32minfo[39m: Current opened pages, from most-to-least recent:
2026-07-03T15:08:06.870Z - [32minfo[39m: 1. lessons/commit/index
2026-07-03T15:08:07.889Z - [32minfo[39m: Rebuilding 1 pages
2026-07-03T15:08:08.078Z - [36mverbose[39m: Rendering page: /Users/damithch/Repos/git-mastery/git-mastery.github.io/lessons/commit/index.md
2026-07-03T15:08:08.093Z - [32minfo[39m: Site data built
2026-07-03T15:08:08.093Z - [32minfo[39m: Pages rebuilt
2026-07-03T15:08:08.093Z - [32minfo[39m: Website regeneration complete! Total build time: 0.22s
2026-07-03T15:09:09.272Z - [32minfo[39m: [23:09:09] Reload for file change: /Users/damithch/Repos/git-mastery/git-mastery.github.io/lessons/commit/text.md
2026-07-03T15:09:09.275Z - [32minfo[39m: Synchronizing opened pages list before reload
2026-07-03T15:09:09.275Z - [32minfo[39m: Current opened pages, from most-to-least recent:
2026-07-03T15:09:09.275Z - [32minfo[39m: 1. lessons/commit/index
2026-07-03T15:09:10.280Z - [32minfo[39m: Rebuilding 1 pages
2026-07-03T15:09:10.426Z - [36mverbose[39m: Rendering page: /Users/damithch/Repos/git-mastery/git-mastery.github.io/lessons/commit/index.md
2026-07-03T15:09:10.440Z - [32minfo[39m: Site data built
2026-07-03T15:09:10.440Z - [32minfo[39m: Pages rebuilt
2026-07-03T15:09:10.441Z - [32minfo[39m: Website regeneration complete! Total build time: 0.163s
2026-07-03T15:09:57.155Z - [32minfo[39m: [23:09:57] Reload for file change: /Users/damithch/Repos/git-mastery/git-mastery.github.io/lessons/commit/text.md
2026-07-03T15:09:57.156Z - [32minfo[39m: Synchronizing opened pages list before reload
2026-07-03T15:09:57.157Z - [32minfo[39m: Current opened pages, from most-to-least recent:
2026-07-03T15:09:57.157Z - [32minfo[39m: 1. lessons/commit/index
2026-07-03T15:09:58.162Z - [32minfo[39m: Rebuilding 1 pages
2026-07-03T15:09:58.369Z - [36mverbose[39m: Rendering page: /Users/damithch/Repos/git-mastery/git-mastery.github.io/lessons/commit/index.md
2026-07-03T15:09:58.381Z - [32minfo[39m: Site data built
2026-07-03T15:09:58.381Z - [32minfo[39m: Pages rebuilt
2026-07-03T15:09:58.381Z - [32minfo[39m: Website regeneration complete! Total build time: 0.223s
2026-07-03T15:10:27.905Z - [32minfo[39m: [23:10:27] Reload for file change: /Users/damithch/Repos/git-mastery/git-mastery.github.io/lessons/commit/text.md
2026-07-03T15:10:27.908Z - [32minfo[39m: Synchronizing opened pages list before reload
2026-07-03T15:10:27.909Z - [32minfo[39m: Current opened pages, from most-to-least recent:
2026-07-03T15:10:27.909Z - [32minfo[39m: 1. lessons/commit/index
2026-07-03T15:10:28.923Z - [32minfo[39m: Rebuilding 1 pages
2026-07-03T15:10:29.108Z - [36mverbose[39m: Rendering page: /Users/damithch/Repos/git-mastery/git-mastery.github.io/lessons/commit/index.md
2026-07-03T15:10:29.124Z - [32minfo[39m: Site data built
2026-07-03T15:10:29.124Z - [32minfo[39m: Pages rebuilt
2026-07-03T15:10:29.124Z - [32minfo[39m: Website regeneration complete! Total build time: 0.213s
2026-07-03T15:12:18.508Z - [32minfo[39m: [23:12:18] Reload for file change: /Users/damithch/Repos/git-mastery/git-mastery.github.io/lessons/commit/text.md
2026-07-03T15:12:18.511Z - [32minfo[39m: Synchronizing opened pages list before reload
2026-07-03T15:12:18.513Z - [32minfo[39m: Current opened pages, from most-to-least recent:
2026-07-03T15:12:18.514Z - [32minfo[39m: 1. lessons/commit/index
2026-07-03T15:12:19.517Z - [32minfo[39m: Rebuilding 1 pages
2026-07-03T15:12:19.718Z - [36mverbose[39m: Rendering page: /Users/damithch/Repos/git-mastery/git-mastery.github.io/lessons/commit/index.md
2026-07-03T15:12:19.737Z - [32minfo[39m: Site data built
2026-07-03T15:12:19.737Z - [32minfo[39m: Pages rebuilt
2026-07-03T15:12:19.738Z - [32minfo[39m: Website regeneration complete! Total build time: 0.222s
2026-07-03T15:12:37.469Z - [32minfo[39m: Building /Users/damithch/Repos/git-mastery/git-mastery.github.io/lessons/log/index as some of its dependencies were changed since the last visit
2026-07-03T15:12:37.627Z - [36mverbose[39m: Rendering page: /Users/damithch/Repos/git-mastery/git-mastery.github.io/lessons/log/index.md
2026-07-03T15:12:37.649Z - [32minfo[39m: Site data built
2026-07-03T15:12:37.649Z - [32minfo[39m: Lazy website regeneration complete! Total build time: 0.181s
2026-07-03T15:22:05.018Z - [32minfo[39m: [23:22:05] Reload for file change: /Users/damithch/Repos/git-mastery/git-mastery.github.io/lessons/log/text.md
2026-07-03T15:22:05.023Z - [32minfo[39m: Synchronizing opened pages list before reload
2026-07-03T15:22:05.023Z - [32minfo[39m: Current opened pages, from most-to-least recent:
2026-07-03T15:22:05.023Z - [32minfo[39m: 1. lessons/log/index
2026-07-03T15:22:06.053Z - [32minfo[39m: Rebuilding 1 pages
2026-07-03T15:22:06.235Z - [36mverbose[39m: Rendering page: /Users/damithch/Repos/git-mastery/git-mastery.github.io/lessons/log/index.md
2026-07-03T15:22:06.258Z - [32minfo[39m: Site data built
2026-07-03T15:22:06.258Z - [32minfo[39m: Pages rebuilt
2026-07-03T15:22:06.258Z - [32minfo[39m: Website regeneration complete! Total build time: 0.231s
2026-07-03T15:22:47.286Z - [32minfo[39m: Building /Users/damithch/Repos/git-mastery/git-mastery.github.io/lessons/trail/recordingFolderHistory/index as some of its dependencies were changed since the last visit
2026-07-03T15:22:47.882Z - [36mverbose[39m: Rendering page: /Users/damithch/Repos/git-mastery/git-mastery.github.io/lessons/trail/recordingFolderHistory/index.md
2026-07-03T15:22:47.953Z - [32minfo[39m: Site data built
2026-07-03T15:22:47.953Z - [32minfo[39m: Lazy website regeneration complete! Total build time: 0.668s
2026-07-03T15:25:16.818Z - [32minfo[39m: [23:25:16] Reload for file change: /Users/damithch/Repos/git-mastery/git-mastery.github.io/lessons/commit/folder-changes-after-commit-fragment.md
2026-07-03T15:25:16.820Z - [32minfo[39m: Synchronizing opened pages list before reload
2026-07-03T15:25:16.820Z - [32minfo[39m: Current opened pages, from most-to-least recent:
2026-07-03T15:25:16.820Z - [32minfo[39m: 1. lessons/trail/recordingFolderHistory/index
2026-07-03T15:25:17.840Z - [32minfo[39m: Rebuilding 1 pages
2026-07-03T15:25:18.405Z - [36mverbose[39m: Rendering page: /Users/damithch/Repos/git-mastery/git-mastery.github.io/lessons/trail/recordingFolderHistory/index.md
2026-07-03T15:25:18.458Z - [32minfo[39m: Site data built
2026-07-03T15:25:18.459Z - [32minfo[39m: Pages rebuilt
2026-07-03T15:25:18.459Z - [32minfo[39m: Website regeneration complete! Total build time: 0.636s
2026-07-03T15:25:36.977Z - [32minfo[39m: [23:25:36] Reload for file change: /Users/damithch/Repos/git-mastery/git-mastery.github.io/lessons/commit/folder-changes-after-commit-fragment.md
2026-07-03T15:25:36.980Z - [32minfo[39m: Synchronizing opened pages list before reload
2026-07-03T15:25:36.980Z - [32minfo[39m: Current opened pages, from most-to-least recent:
2026-07-03T15:25:36.981Z - [32minfo[39m: 1. lessons/trail/recordingFolderHistory/index
2026-07-03T15:25:37.984Z - [32minfo[39m: Rebuilding 1 pages
2026-07-03T15:25:38.581Z - [36mverbose[39m: Rendering page: /Users/damithch/Repos/git-mastery/git-mastery.github.io/lessons/trail/recordingFolderHistory/index.md
2026-07-03T15:25:38.633Z - [32minfo[39m: Site data built
2026-07-03T15:25:38.633Z - [32minfo[39m: Pages rebuilt
2026-07-03T15:25:38.633Z - [32minfo[39m: Website regeneration complete! Total build time: 0.65s
2026-07-03T15:26:07.472Z - [32minfo[39m: [23:26:07] Reload for file change: /Users/damithch/Repos/git-mastery/git-mastery.github.io/lessons/commit/folder-changes-after-commit-fragment.md
2026-07-03T15:26:07.476Z - [32minfo[39m: Synchronizing opened pages list before reload
2026-07-03T15:26:07.479Z - [32minfo[39m: Current opened pages, from most-to-least recent:
2026-07-03T15:26:07.481Z - [32minfo[39m: 1. lessons/trail/recordingFolderHistory/index
2026-07-03T15:26:08.485Z - [32minfo[39m: Rebuilding 1 pages
2026-07-03T15:26:09.051Z - [36mverbose[39m: Rendering page: /Users/damithch/Repos/git-mastery/git-mastery.github.io/lessons/trail/recordingFolderHistory/index.md
2026-07-03T15:26:09.107Z - [32minfo[39m: Site data built
2026-07-03T15:26:09.107Z - [32minfo[39m: Pages rebuilt
2026-07-03T15:26:09.107Z - [32minfo[39m: Website regeneration complete! Total build time: 0.623s
2026-07-03T15:26:41.619Z - [32minfo[39m: [23:26:41] Reload for file change: /Users/damithch/Repos/git-mastery/git-mastery.github.io/lessons/commit/folder-changes-after-commit-fragment.md
2026-07-03T15:26:41.622Z - [32minfo[39m: Synchronizing opened pages list before reload
2026-07-03T15:26:41.623Z - [32minfo[39m: Current opened pages, from most-to-least recent:
2026-07-03T15:26:41.623Z - [32minfo[39m: 1. lessons/trail/recordingFolderHistory/index
2026-07-03T15:26:42.642Z - [32minfo[39m: Rebuilding 1 pages
2026-07-03T15:26:43.186Z - [36mverbose[39m: Rendering page: /Users/damithch/Repos/git-mastery/git-mastery.github.io/lessons/trail/recordingFolderHistory/index.md
2026-07-03T15:26:43.242Z - [32minfo[39m: Site data built
2026-07-03T15:26:43.242Z - [32minfo[39m: Pages rebuilt
2026-07-03T15:26:43.242Z - [32minfo[39m: Website regeneration complete! Total build time: 0.616s
2026-07-03T15:41:22.387Z - [32minfo[39m: Website generation started at 11:41:22 PM
2026-07-03T15:41:22.606Z - [32minfo[39m: Building assets...
2026-07-03T15:41:22.766Z - [32minfo[39m: Assets built
2026-07-03T15:41:22.768Z - [32minfo[39m: Generating pages...
2026-07-03T15:41:23.525Z - [36mverbose[39m: Rendering page: /Users/damithch/Repos/git-mastery/git-mastery.github.io/about/index.md
2026-07-03T15:41:23.534Z - [36mverbose[39m: Rendering page: /Users/damithch/Repos/git-mastery/git-mastery.github.io/faq/index.md
2026-07-03T15:41:23.544Z - [36mverbose[39m: Rendering page: /Users/damithch/Repos/git-mastery/git-mastery.github.io/exercises-directory/index.md
2026-07-03T15:41:23.603Z - [36mverbose[39m: Rendering page: /Users/damithch/Repos/git-mastery/git-mastery.github.io/companion-app/index.md
2026-07-03T15:41:27.114Z - [36mverbose[39m: Rendering page: /Users/damithch/Repos/git-mastery/git-mastery.github.io/versions/cs2103/insertions.md
2026-07-03T15:41:27.126Z - [36mverbose[39m: Rendering page: /Users/damithch/Repos/git-mastery/git-mastery.github.io/lessons/tag/exercise-tags-update.md
2026-07-03T15:41:27.129Z - [36mverbose[39m: Rendering page: /Users/damithch/Repos/git-mastery/git-mastery.github.io/lessons/trail/all.md
2026-07-03T15:41:27.416Z - [36mverbose[39m: Rendering page: /Users/damithch/Repos/git-mastery/git-mastery.github.io/lessons/tag/exercise-tags-push.md
2026-07-03T15:41:27.468Z - [36mverbose[39m: Rendering page: /Users/damithch/Repos/git-mastery/git-mastery.github.io/lessons/tag/exercise-tags-add.md
2026-07-03T15:41:27.485Z - [36mverbose[39m: Rendering page: /Users/damithch/Repos/git-mastery/git-mastery.github.io/lessons/stage/exercise-stage-fright.md
2026-07-03T15:41:27.487Z - [36mverbose[39m: Rendering page: /Users/damithch/Repos/git-mastery/git-mastery.github.io/lessons/show/exercise-view-commits.md
2026-07-03T15:41:27.501Z - [36mverbose[39m: Rendering page: /Users/damithch/Repos/git-mastery/git-mastery.github.io/lessons/setRemote/exercise-link-me.md
2026-07-03T15:41:27.534Z - [36mverbose[39m: Rendering page: /Users/damithch/Repos/git-mastery/git-mastery.github.io/lessons/reset/exercise-sensors-reset.md
2026-07-03T15:41:27.536Z - [36mverbose[39m: Rendering page: /Users/damithch/Repos/git-mastery/git-mastery.github.io/lessons/revert/exercise-sensors-revert.md
2026-07-03T15:41:27.538Z - [36mverbose[39m: Rendering page: /Users/damithch/Repos/git-mastery/git-mastery.github.io/lessons/remoteBranchRename/exercise-remote-branch-rename.md
2026-07-03T15:41:27.540Z - [36mverbose[39m: Rendering page: /Users/damithch/Repos/git-mastery/git-mastery.github.io/lessons/remoteBranchRename/exercise-glossary-branch-rename.md
2026-07-03T15:41:27.575Z - [36mverbose[39m: Rendering page: /Users/damithch/Repos/git-mastery/git-mastery.github.io/lessons/remoteBranchPush/exercise-glossary-branch-push.md
2026-07-03T15:41:27.577Z - [36mverbose[39m: Rendering page: /Users/damithch/Repos/git-mastery/git-mastery.github.io/lessons/remoteBranchPull/exercise-glossary-branch-pull.md
2026-07-03T15:41:27.579Z - [36mverbose[39m: Rendering page: /Users/damithch/Repos/git-mastery/git-mastery.github.io/lessons/remoteBranchDelete/exercise-glossary-branch-delete.md
2026-07-03T15:41:27.581Z - [36mverbose[39m: Rendering page: /Users/damithch/Repos/git-mastery/git-mastery.github.io/lessons/push/exercise-push-over.md
2026-07-03T15:41:27.628Z - [36mverbose[39m: Rendering page: /Users/damithch/Repos/git-mastery/git-mastery.github.io/lessons/pull/exercise-fetch-and-pull.md
2026-07-03T15:41:27.636Z - [36mverbose[39m: Rendering page: /Users/damithch/Repos/git-mastery/git-mastery.github.io/lessons/prsCreate/exercise-create-pr-from-main.md
2026-07-03T15:41:27.644Z - [36mverbose[39m: Rendering page: /Users/damithch/Repos/git-mastery/git-mastery.github.io/lessons/merge/exercise-merge-undo.md
2026-07-03T15:41:27.650Z - [36mverbose[39m: Rendering page: /Users/damithch/Repos/git-mastery/git-mastery.github.io/lessons/mergeConflicts/exercise-conflict-mediator.md
2026-07-03T15:41:27.748Z - [36mverbose[39m: Rendering page: /Users/damithch/Repos/git-mastery/git-mastery.github.io/lessons/merge/exercise-merge-squash.md
2026-07-03T15:41:27.750Z - [36mverbose[39m: Rendering page: /Users/damithch/Repos/git-mastery/git-mastery.github.io/lessons/merge/exercise-ff-undo.md
2026-07-03T15:41:27.753Z - [36mverbose[39m: Rendering page: /Users/damithch/Repos/git-mastery/git-mastery.github.io/lessons/merge/exercise-branch-forward.md
2026-07-03T15:41:27.756Z - [36mverbose[39m: Rendering page: /Users/damithch/Repos/git-mastery/git-mastery.github.io/lessons/merge/exercise-branch-compare.md
2026-07-03T15:41:27.801Z - [36mverbose[39m: Rendering page: /Users/damithch/Repos/git-mastery/git-mastery.github.io/lessons/merge/exercise-branch-bender.md
2026-07-03T15:41:27.805Z - [36mverbose[39m: Rendering page: /Users/damithch/Repos/git-mastery/git-mastery.github.io/lessons/log/exercise-log-and-order.md
2026-07-03T15:41:27.807Z - [36mverbose[39m: Rendering page: /Users/damithch/Repos/git-mastery/git-mastery.github.io/lessons/init/exercise-undo-init.md
2026-07-03T15:41:27.809Z - [36mverbose[39m: Rendering page: /Users/damithch/Repos/git-mastery/git-mastery.github.io/lessons/init/exercise-under-control.md
2026-07-03T15:41:27.842Z - [36mverbose[39m: Rendering page: /Users/damithch/Repos/git-mastery/git-mastery.github.io/lessons/ignore/exercise-ignoring-somethings.md
2026-07-03T15:41:27.844Z - [36mverbose[39m: Rendering page: /Users/damithch/Repos/git-mastery/git-mastery.github.io/lessons/diff/exercise-sensors-diff.md
2026-07-03T15:41:27.846Z - [36mverbose[39m: Rendering page: /Users/damithch/Repos/git-mastery/git-mastery.github.io/lessons/fork/exercise-fork-repo.md
2026-07-03T15:41:27.862Z - [36mverbose[39m: Rendering page: /Users/damithch/Repos/git-mastery/git-mastery.github.io/lessons/createRemoteRepo/exercise-remote-control.md
2026-07-03T15:41:27.873Z - [36mverbose[39m: Rendering page: /Users/damithch/Repos/git-mastery/git-mastery.github.io/lessons/commit/exercise-staging-intervention.md
2026-07-03T15:41:27.883Z - [36mverbose[39m: Rendering page: /Users/damithch/Repos/git-mastery/git-mastery.github.io/lessons/commit/exercise-grocery-shopping.md
2026-07-03T15:41:27.885Z - [36mverbose[39m: Rendering page: /Users/damithch/Repos/git-mastery/git-mastery.github.io/lessons/clone/exercise-clone-repo.md
2026-07-03T15:41:27.915Z - [36mverbose[39m: Rendering page: /Users/damithch/Repos/git-mastery/git-mastery.github.io/lessons/checkout/exercise-sensors-checkout.md
2026-07-03T15:41:27.921Z - [36mverbose[39m: Rendering page: /Users/damithch/Repos/git-mastery/git-mastery.github.io/lessons/branchDelete/exercise-mix-messy-graph.md
2026-07-03T15:41:27.930Z - [36mverbose[39m: Rendering page: /Users/damithch/Repos/git-mastery/git-mastery.github.io/lessons/branchDelete/exercise-mix-messy-docs.md
2026-07-03T15:41:27.933Z - [36mverbose[39m: Rendering page: /Users/damithch/Repos/git-mastery/git-mastery.github.io/lessons/branchRename/exercise-branch-rename.md
2026-07-03T15:41:27.936Z - [36mverbose[39m: Rendering page: /Users/damithch/Repos/git-mastery/git-mastery.github.io/lessons/branchDelete/exercise-branch-delete.md
2026-07-03T15:41:27.961Z - [36mverbose[39m: Rendering page: /Users/damithch/Repos/git-mastery/git-mastery.github.io/lessons/branch/exercise-side-track.md
2026-07-03T15:41:28.013Z - [36mverbose[39m: Rendering page: /Users/damithch/Repos/git-mastery/git-mastery.github.io/versions/cs2103/index.md
2026-07-03T15:41:28.014Z - [36mverbose[39m: Rendering page: /Users/damithch/Repos/git-mastery/git-mastery.github.io/lessons/branch/exercise-branch-previous.md
2026-07-03T15:41:28.410Z - [36mverbose[39m: Rendering page: /Users/damithch/Repos/git-mastery/git-mastery.github.io/lessons/worktrees/index.md
2026-07-03T15:41:28.426Z - [36mverbose[39m: Rendering page: /Users/damithch/Repos/git-mastery/git-mastery.github.io/lessons/workflows/index.md
2026-07-03T15:41:28.429Z - [36mverbose[39m: Rendering page: /Users/damithch/Repos/git-mastery/git-mastery.github.io/lessons/trail/workingWithPrs/index.md
2026-07-03T15:41:28.464Z - [36mverbose[39m: Rendering page: /Users/damithch/Repos/git-mastery/git-mastery.github.io/lessons/trail/workingWithRemotes/index.md
2026-07-03T15:41:29.948Z - [36mverbose[39m: Rendering page: /Users/damithch/Repos/git-mastery/git-mastery.github.io/lessons/trail/usingRevisionHistory/index.md
2026-07-03T15:41:30.003Z - [36mverbose[39m: Rendering page: /Users/damithch/Repos/git-mastery/git-mastery.github.io/lessons/trail/syncingBranches/index.md
2026-07-03T15:41:30.009Z - [36mverbose[39m: Rendering page: /Users/damithch/Repos/git-mastery/git-mastery.github.io/lessons/trail/remoteBranches/index.md
2026-07-03T15:41:30.025Z - [36mverbose[39m: Rendering page: /Users/damithch/Repos/git-mastery/git-mastery.github.io/lessons/trail/recordingFolderHistory/index.md
2026-07-03T15:41:30.954Z - [36mverbose[39m: Rendering page: /Users/damithch/Repos/git-mastery/git-mastery.github.io/lessons/trail/managingProjects/index.md
2026-07-03T15:41:30.962Z - [36mverbose[39m: Rendering page: /Users/damithch/Repos/git-mastery/git-mastery.github.io/lessons/trail/index.md
2026-07-03T15:41:30.972Z - [36mverbose[39m: Rendering page: /Users/damithch/Repos/git-mastery/git-mastery.github.io/lessons/trail/fineTuningHistory/index.md
2026-07-03T15:41:31.225Z - [36mverbose[39m: Rendering page: /Users/damithch/Repos/git-mastery/git-mastery.github.io/lessons/trail/branchingLocally/index.md
2026-07-03T15:41:31.386Z - [36mverbose[39m: Rendering page: /Users/damithch/Repos/git-mastery/git-mastery.github.io/lessons/template/index.md
2026-07-03T15:41:31.389Z - [36mverbose[39m: Rendering page: /Users/damithch/Repos/git-mastery/git-mastery.github.io/lessons/trail/backingUpOnCloud/index.md
2026-07-03T15:41:31.418Z - [36mverbose[39m: Rendering page: /Users/damithch/Repos/git-mastery/git-mastery.github.io/lessons/tag/index.md
2026-07-03T15:41:31.527Z - [36mverbose[39m: Rendering page: /Users/damithch/Repos/git-mastery/git-mastery.github.io/lessons/syncByRebase/index.md
2026-07-03T15:41:31.625Z - [36mverbose[39m: Rendering page: /Users/damithch/Repos/git-mastery/git-mastery.github.io/lessons/stage/index.md
2026-07-03T15:41:31.642Z - [36mverbose[39m: Rendering page: /Users/damithch/Repos/git-mastery/git-mastery.github.io/lessons/syncByMerge/index.md
2026-07-03T15:41:31.646Z - [36mverbose[39m: Rendering page: /Users/damithch/Repos/git-mastery/git-mastery.github.io/lessons/show/index.md
2026-07-03T15:41:31.659Z - [36mverbose[39m: Rendering page: /Users/damithch/Repos/git-mastery/git-mastery.github.io/lessons/setRemote/index.md
2026-07-03T15:41:31.830Z - [36mverbose[39m: Rendering page: /Users/damithch/Repos/git-mastery/git-mastery.github.io/lessons/selectiveStage/index.md
2026-07-03T15:41:31.836Z - [36mverbose[39m: Rendering page: /Users/damithch/Repos/git-mastery/git-mastery.github.io/lessons/revert/index.md
2026-07-03T15:41:31.842Z - [36mverbose[39m: Rendering page: /Users/damithch/Repos/git-mastery/git-mastery.github.io/lessons/reset/index.md
2026-07-03T15:41:31.883Z - [36mverbose[39m: Rendering page: /Users/damithch/Repos/git-mastery/git-mastery.github.io/lessons/remoteRepos/index.md
2026-07-03T15:41:32.169Z - [36mverbose[39m: Rendering page: /Users/damithch/Repos/git-mastery/git-mastery.github.io/lessons/remoteBranchRename/index.md
2026-07-03T15:41:32.180Z - [36mverbose[39m: Rendering page: /Users/damithch/Repos/git-mastery/git-mastery.github.io/lessons/remoteBranchPush/index.md
2026-07-03T15:41:32.188Z - [36mverbose[39m: Rendering page: /Users/damithch/Repos/git-mastery/git-mastery.github.io/lessons/remoteBranchPull/index.md
2026-07-03T15:41:32.420Z - [36mverbose[39m: Rendering page: /Users/damithch/Repos/git-mastery/git-mastery.github.io/lessons/remoteBranchDelete/index.md
2026-07-03T15:41:32.452Z - [36mverbose[39m: Rendering page: /Users/damithch/Repos/git-mastery/git-mastery.github.io/lessons/push/index.md
2026-07-03T15:41:32.555Z - [36mverbose[39m: Rendering page: /Users/damithch/Repos/git-mastery/git-mastery.github.io/lessons/pull/index.md
2026-07-03T15:41:32.651Z - [36mverbose[39m: Rendering page: /Users/damithch/Repos/git-mastery/git-mastery.github.io/lessons/prsReview/index.md
2026-07-03T15:41:32.675Z - [36mverbose[39m: Rendering page: /Users/damithch/Repos/git-mastery/git-mastery.github.io/lessons/prsMerge/index.md
2026-07-03T15:41:32.742Z - [36mverbose[39m: Rendering page: /Users/damithch/Repos/git-mastery/git-mastery.github.io/lessons/prsCreate/index.md
2026-07-03T15:41:32.753Z - [36mverbose[39m: Rendering page: /Users/damithch/Repos/git-mastery/git-mastery.github.io/lessons/otherPmFeatures/index.md
2026-07-03T15:41:32.973Z - [36mverbose[39m: Rendering page: /Users/damithch/Repos/git-mastery/git-mastery.github.io/lessons/mergeConflicts/index.md
2026-07-03T15:41:32.982Z - [36mverbose[39m: Rendering page: /Users/damithch/Repos/git-mastery/git-mastery.github.io/lessons/merge/index.md
2026-07-03T15:41:33.030Z - [36mverbose[39m: Rendering page: /Users/damithch/Repos/git-mastery/git-mastery.github.io/lessons/intro/index.md
2026-07-03T15:41:33.033Z - [36mverbose[39m: Rendering page: /Users/damithch/Repos/git-mastery/git-mastery.github.io/lessons/log/index.md
2026-07-03T15:41:33.114Z - [36mverbose[39m: Rendering page: /Users/damithch/Repos/git-mastery/git-mastery.github.io/lessons/interactiveRebase/index.md
2026-07-03T15:41:33.343Z - [36mverbose[39m: Rendering page: /Users/damithch/Repos/git-mastery/git-mastery.github.io/lessons/init/index.md
2026-07-03T15:41:33.384Z - [36mverbose[39m: Rendering page: /Users/damithch/Repos/git-mastery/git-mastery.github.io/lessons/index.md
2026-07-03T15:41:33.392Z - [36mverbose[39m: Rendering page: /Users/damithch/Repos/git-mastery/git-mastery.github.io/lessons/ignore/index.md
2026-07-03T15:41:33.504Z - [36mverbose[39m: Rendering page: /Users/damithch/Repos/git-mastery/git-mastery.github.io/lessons/githubPrep/index.md
2026-07-03T15:41:33.511Z - [36mverbose[39m: Rendering page: /Users/damithch/Repos/git-mastery/git-mastery.github.io/lessons/gitPrep/index.md
2026-07-03T15:41:33.571Z - [36mverbose[39m: Rendering page: /Users/damithch/Repos/git-mastery/git-mastery.github.io/lessons/forkingWorkflow/index.md
2026-07-03T15:41:33.576Z - [36mverbose[39m: Rendering page: /Users/damithch/Repos/git-mastery/git-mastery.github.io/lessons/fork/index.md
2026-07-03T15:41:33.761Z - [36mverbose[39m: Rendering page: /Users/damithch/Repos/git-mastery/git-mastery.github.io/lessons/diff/index.md
2026-07-03T15:41:33.773Z - [36mverbose[39m: Rendering page: /Users/damithch/Repos/git-mastery/git-mastery.github.io/lessons/commitMessage/index.md
2026-07-03T15:41:33.782Z - [36mverbose[39m: Rendering page: /Users/damithch/Repos/git-mastery/git-mastery.github.io/lessons/createRemoteRepo/index.md
2026-07-03T15:41:33.788Z - [36mverbose[39m: Rendering page: /Users/damithch/Repos/git-mastery/git-mastery.github.io/lessons/commit/index.md
2026-07-03T15:41:33.895Z - [36mverbose[39m: Rendering page: /Users/damithch/Repos/git-mastery/git-mastery.github.io/lessons/clone/index.md
2026-07-03T15:41:33.950Z - [36mverbose[39m: Rendering page: /Users/damithch/Repos/git-mastery/git-mastery.github.io/lessons/checkout/index.md
2026-07-03T15:41:34.044Z - [36mverbose[39m: Rendering page: /Users/damithch/Repos/git-mastery/git-mastery.github.io/lessons/cherryPick/index.md
2026-07-03T15:41:34.047Z - [36mverbose[39m: Rendering page: /Users/damithch/Repos/git-mastery/git-mastery.github.io/lessons/branchRename/index.md
2026-07-03T15:41:34.056Z - [36mverbose[39m: Rendering page: /Users/damithch/Repos/git-mastery/git-mastery.github.io/lessons/branchDelete/index.md
2026-07-03T15:41:34.183Z - [36mverbose[39m: Rendering page: /Users/damithch/Repos/git-mastery/git-mastery.github.io/lessons/branch/index.md
2026-07-03T15:41:34.194Z - [36mverbose[39m: Rendering page: /Users/damithch/Repos/git-mastery/git-mastery.github.io/index.md
2026-07-03T15:41:34.204Z - [32minfo[39m: Pages built
2026-07-03T15:41:34.288Z - [32minfo[39m: Site data built
2026-07-03T15:41:34.289Z - [32minfo[39m: Website generation complete! Total build time: 11.984s
2026-07-03T15:41:34.289Z - [32minfo[39m: Build success!
