2026-09-22T16:12:25.551Z - [32minfo[39m: Website generation (lazy) started at 00:12:25
2026-09-22T16:12:25.788Z - [32minfo[39m: Building assets...
2026-09-22T16:12:25.943Z - [32minfo[39m: Assets built
2026-09-22T16:12:25.943Z - [32minfo[39m: Generating landing page...
2026-09-22T16:12:26.027Z - [36mverbose[39m: Rendering page: /Users/damithch/Repos/git-mastery/git-mastery.github.io/index.md
2026-09-22T16:12:26.039Z - [32minfo[39m: Landing page built, other pages will be built as you navigate to them!
2026-09-22T16:12:26.129Z - [32minfo[39m: Site data built
2026-09-22T16:12:26.129Z - [32minfo[39m: Website generation (lazy) complete! Total build time: 0.738s
2026-09-22T16:12:26.149Z - [32minfo[39m: Serving "/Users/damithch/Repos/git-mastery/git-mastery.github.io/_site" at http://127.0.0.1:8080
2026-09-22T16:12:26.149Z - [32minfo[39m: Press CTRL+C to stop ...
2026-09-22T16:12:28.700Z - [32minfo[39m: Building /Users/damithch/Repos/git-mastery/git-mastery.github.io/versions/cs2103/insertions as some of its dependencies were changed since the last visit
2026-09-22T16:12:28.765Z - [36mverbose[39m: Rendering page: /Users/damithch/Repos/git-mastery/git-mastery.github.io/versions/cs2103/insertions.md
2026-09-22T16:12:28.778Z - [32minfo[39m: Site data built
2026-09-22T16:12:28.778Z - [32minfo[39m: Lazy website regeneration complete! Total build time: 0.079s
2026-09-22T16:19:59.919Z - [32minfo[39m: Building /Users/damithch/Repos/git-mastery/git-mastery.github.io/lessons/index as some of its dependencies were changed since the last visit
2026-09-22T16:20:00.377Z - [36mverbose[39m: Rendering page: /Users/damithch/Repos/git-mastery/git-mastery.github.io/lessons/index.md
2026-09-22T16:20:00.396Z - [32minfo[39m: Site data built
2026-09-22T16:20:00.396Z - [32minfo[39m: Lazy website regeneration complete! Total build time: 0.478s
2026-09-22T16:21:25.705Z - [32minfo[39m: Building /Users/damithch/Repos/git-mastery/git-mastery.github.io/lessons/trail/recordingFolderHistory/index as some of its dependencies were changed since the last visit
2026-09-22T16:21:26.281Z - [36mverbose[39m: Rendering page: /Users/damithch/Repos/git-mastery/git-mastery.github.io/lessons/trail/recordingFolderHistory/index.md
2026-09-22T16:21:26.354Z - [32minfo[39m: Site data built
2026-09-22T16:21:26.354Z - [32minfo[39m: Lazy website regeneration complete! Total build time: 0.65s
2026-09-22T16:28:54.171Z - [32minfo[39m: [00:28:54] Reload for file change: /Users/damithch/Repos/git-mastery/git-mastery.github.io/lessons/trail/text.md
2026-09-22T16:28:54.174Z - [32minfo[39m: Synchronizing opened pages list before reload
2026-09-22T16:28:54.176Z - [32minfo[39m: Current opened pages, from most-to-least recent:
2026-09-22T16:28:54.177Z - [32minfo[39m: 1. lessons/index
2026-09-22T16:28:55.200Z - [32minfo[39m: Rebuilding 1 pages
2026-09-22T16:28:55.550Z - [36mverbose[39m: Rendering page: /Users/damithch/Repos/git-mastery/git-mastery.github.io/lessons/index.md
2026-09-22T16:28:55.565Z - [32minfo[39m: Site data built
2026-09-22T16:28:55.566Z - [32minfo[39m: Pages rebuilt
2026-09-22T16:28:55.566Z - [32minfo[39m: Website regeneration complete! Total build time: 0.385s
2026-09-22T16:30:26.999Z - [32minfo[39m: [00:30:26] Reload for file change: /Users/damithch/Repos/git-mastery/git-mastery.github.io/lessons/trail/text.md
2026-09-22T16:30:27.001Z - [32minfo[39m: Synchronizing opened pages list before reload
2026-09-22T16:30:27.001Z - [32minfo[39m: Current opened pages, from most-to-least recent:
2026-09-22T16:30:27.001Z - [32minfo[39m: 1. lessons/index
2026-09-22T16:30:28.027Z - [32minfo[39m: Rebuilding 1 pages
2026-09-22T16:30:28.439Z - [36mverbose[39m: Rendering page: /Users/damithch/Repos/git-mastery/git-mastery.github.io/lessons/index.md
2026-09-22T16:30:28.448Z - [32minfo[39m: Site data built
2026-09-22T16:30:28.449Z - [32minfo[39m: Pages rebuilt
2026-09-22T16:30:28.449Z - [32minfo[39m: Website regeneration complete! Total build time: 0.437s
2026-09-22T16:30:54.408Z - [32minfo[39m: [00:30:54] Reload for file change: /Users/damithch/Repos/git-mastery/git-mastery.github.io/lessons/trail/text.md
2026-09-22T16:30:54.409Z - [32minfo[39m: Synchronizing opened pages list before reload
2026-09-22T16:30:54.410Z - [32minfo[39m: Current opened pages, from most-to-least recent:
2026-09-22T16:30:54.410Z - [32minfo[39m: 1. lessons/index
2026-09-22T16:30:55.414Z - [32minfo[39m: Rebuilding 1 pages
2026-09-22T16:30:55.686Z - [36mverbose[39m: Rendering page: /Users/damithch/Repos/git-mastery/git-mastery.github.io/lessons/index.md
2026-09-22T16:30:55.694Z - [32minfo[39m: Site data built
2026-09-22T16:30:55.694Z - [32minfo[39m: Pages rebuilt
2026-09-22T16:30:55.694Z - [32minfo[39m: Website regeneration complete! Total build time: 0.283s
2026-09-22T16:31:04.758Z - [32minfo[39m: [00:31:04] Reload for file change: /Users/damithch/Repos/git-mastery/git-mastery.github.io/lessons/trail/text.md
2026-09-22T16:31:04.758Z - [32minfo[39m: Synchronizing opened pages list before reload
2026-09-22T16:31:04.758Z - [32minfo[39m: Current opened pages, from most-to-least recent:
2026-09-22T16:31:04.759Z - [32minfo[39m: 1. lessons/index
2026-09-22T16:31:05.761Z - [32minfo[39m: Rebuilding 1 pages
2026-09-22T16:31:06.112Z - [36mverbose[39m: Rendering page: /Users/damithch/Repos/git-mastery/git-mastery.github.io/lessons/index.md
2026-09-22T16:31:06.122Z - [32minfo[39m: Site data built
2026-09-22T16:31:06.122Z - [32minfo[39m: Pages rebuilt
2026-09-22T16:31:06.122Z - [32minfo[39m: Website regeneration complete! Total build time: 0.362s
2026-09-22T16:31:24.671Z - [32minfo[39m: [00:31:24] Reload for file change: /Users/damithch/Repos/git-mastery/git-mastery.github.io/lessons/trail/text.md
2026-09-22T16:31:24.673Z - [32minfo[39m: Synchronizing opened pages list before reload
2026-09-22T16:31:24.674Z - [32minfo[39m: Current opened pages, from most-to-least recent:
2026-09-22T16:31:24.675Z - [32minfo[39m: 1. lessons/index
2026-09-22T16:31:25.679Z - [32minfo[39m: Rebuilding 1 pages
2026-09-22T16:31:25.940Z - [36mverbose[39m: Rendering page: /Users/damithch/Repos/git-mastery/git-mastery.github.io/lessons/index.md
2026-09-22T16:31:25.957Z - [32minfo[39m: Site data built
2026-09-22T16:31:25.957Z - [32minfo[39m: Pages rebuilt
2026-09-22T16:31:25.957Z - [32minfo[39m: Website regeneration complete! Total build time: 0.28s
2026-09-22T16:31:51.534Z - [32minfo[39m: [00:31:51] Reload for file change: /Users/damithch/Repos/git-mastery/git-mastery.github.io/lessons/trail/text.md
2026-09-22T16:31:51.535Z - [32minfo[39m: Synchronizing opened pages list before reload
2026-09-22T16:31:51.538Z - [32minfo[39m: Current opened pages, from most-to-least recent:
2026-09-22T16:31:51.538Z - [32minfo[39m: 1. lessons/index
2026-09-22T16:31:52.549Z - [32minfo[39m: Rebuilding 1 pages
2026-09-22T16:31:52.866Z - [36mverbose[39m: Rendering page: /Users/damithch/Repos/git-mastery/git-mastery.github.io/lessons/index.md
2026-09-22T16:31:52.876Z - [32minfo[39m: Site data built
2026-09-22T16:31:52.876Z - [32minfo[39m: Pages rebuilt
2026-09-22T16:31:52.877Z - [32minfo[39m: Website regeneration complete! Total build time: 0.334s
2026-09-22T16:32:41.877Z - [32minfo[39m: [00:32:41] Reload for file change: /Users/damithch/Repos/git-mastery/git-mastery.github.io/lessons/trail/text.md
2026-09-22T16:32:41.882Z - [32minfo[39m: Synchronizing opened pages list before reload
2026-09-22T16:32:41.893Z - [32minfo[39m: Current opened pages, from most-to-least recent:
2026-09-22T16:32:41.893Z - [32minfo[39m: 1. lessons/index
2026-09-22T16:32:42.905Z - [32minfo[39m: Rebuilding 1 pages
2026-09-22T16:32:43.228Z - [36mverbose[39m: Rendering page: /Users/damithch/Repos/git-mastery/git-mastery.github.io/lessons/index.md
2026-09-22T16:32:43.237Z - [32minfo[39m: Site data built
2026-09-22T16:32:43.238Z - [32minfo[39m: Pages rebuilt
2026-09-22T16:32:43.238Z - [32minfo[39m: Website regeneration complete! Total build time: 0.335s
2026-09-22T16:32:50.085Z - [32minfo[39m: [00:32:50] Reload for file change: /Users/damithch/Repos/git-mastery/git-mastery.github.io/lessons/trail/text.md
2026-09-22T16:32:50.086Z - [32minfo[39m: Synchronizing opened pages list before reload
2026-09-22T16:32:50.086Z - [32minfo[39m: Current opened pages, from most-to-least recent:
2026-09-22T16:32:50.087Z - [32minfo[39m: 1. lessons/index
2026-09-22T16:32:51.088Z - [32minfo[39m: Rebuilding 1 pages
2026-09-22T16:32:51.329Z - [36mverbose[39m: Rendering page: /Users/damithch/Repos/git-mastery/git-mastery.github.io/lessons/index.md
2026-09-22T16:32:51.344Z - [32minfo[39m: Site data built
2026-09-22T16:32:51.344Z - [32minfo[39m: Pages rebuilt
2026-09-22T16:32:51.344Z - [32minfo[39m: Website regeneration complete! Total build time: 0.257s
2026-09-22T16:33:03.831Z - [32minfo[39m: [00:33:03] Reload for file change: /Users/damithch/Repos/git-mastery/git-mastery.github.io/lessons/trail/text.md
2026-09-22T16:33:03.832Z - [32minfo[39m: Synchronizing opened pages list before reload
2026-09-22T16:33:03.832Z - [32minfo[39m: Current opened pages, from most-to-least recent:
2026-09-22T16:33:03.832Z - [32minfo[39m: 1. lessons/index
2026-09-22T16:33:04.841Z - [32minfo[39m: Rebuilding 1 pages
2026-09-22T16:33:05.147Z - [36mverbose[39m: Rendering page: /Users/damithch/Repos/git-mastery/git-mastery.github.io/lessons/index.md
2026-09-22T16:33:05.157Z - [32minfo[39m: Site data built
2026-09-22T16:33:05.158Z - [32minfo[39m: Pages rebuilt
2026-09-22T16:33:05.158Z - [32minfo[39m: Website regeneration complete! Total build time: 0.323s
2026-09-22T16:33:21.185Z - [32minfo[39m: [00:33:21] Reload for file change: /Users/damithch/Repos/git-mastery/git-mastery.github.io/lessons/trail/text.md
2026-09-22T16:33:21.185Z - [32minfo[39m: Synchronizing opened pages list before reload
2026-09-22T16:33:21.186Z - [32minfo[39m: Current opened pages, from most-to-least recent:
2026-09-22T16:33:21.186Z - [32minfo[39m: 1. lessons/index
2026-09-22T16:33:22.191Z - [32minfo[39m: Rebuilding 1 pages
2026-09-22T16:33:22.436Z - [36mverbose[39m: Rendering page: /Users/damithch/Repos/git-mastery/git-mastery.github.io/lessons/index.md
2026-09-22T16:33:22.459Z - [32minfo[39m: Site data built
2026-09-22T16:33:22.459Z - [32minfo[39m: Pages rebuilt
2026-09-22T16:33:22.459Z - [32minfo[39m: Website regeneration complete! Total build time: 0.27s
2026-09-22T16:34:04.868Z - [32minfo[39m: [00:34:04] Reload for file change: /Users/damithch/Repos/git-mastery/git-mastery.github.io/lessons/trail/text.md
2026-09-22T16:34:04.869Z - [32minfo[39m: Synchronizing opened pages list before reload
2026-09-22T16:34:04.870Z - [32minfo[39m: Current opened pages, from most-to-least recent:
2026-09-22T16:34:04.870Z - [32minfo[39m: 1. lessons/index
2026-09-22T16:34:05.873Z - [32minfo[39m: Rebuilding 1 pages
2026-09-22T16:34:06.190Z - [36mverbose[39m: Rendering page: /Users/damithch/Repos/git-mastery/git-mastery.github.io/lessons/index.md
2026-09-22T16:34:06.199Z - [32minfo[39m: Site data built
2026-09-22T16:34:06.199Z - [32minfo[39m: Pages rebuilt
2026-09-22T16:34:06.199Z - [32minfo[39m: Website regeneration complete! Total build time: 0.328s
2026-09-22T16:34:39.117Z - [32minfo[39m: [00:34:39] Reload for file change: /Users/damithch/Repos/git-mastery/git-mastery.github.io/lessons/trail/text.md
2026-09-22T16:34:39.118Z - [32minfo[39m: Synchronizing opened pages list before reload
2026-09-22T16:34:39.119Z - [32minfo[39m: Current opened pages, from most-to-least recent:
2026-09-22T16:34:39.119Z - [32minfo[39m: 1. lessons/index
2026-09-22T16:34:40.123Z - [32minfo[39m: Rebuilding 1 pages
2026-09-22T16:34:40.392Z - [36mverbose[39m: Rendering page: /Users/damithch/Repos/git-mastery/git-mastery.github.io/lessons/index.md
2026-09-22T16:34:40.401Z - [32minfo[39m: Site data built
2026-09-22T16:34:40.401Z - [32minfo[39m: Pages rebuilt
2026-09-22T16:34:40.401Z - [32minfo[39m: Website regeneration complete! Total build time: 0.28s
2026-09-22T16:35:24.766Z - [32minfo[39m: [00:35:24] Reload for file change: /Users/damithch/Repos/git-mastery/git-mastery.github.io/lessons/trail/text.md
2026-09-22T16:35:24.768Z - [32minfo[39m: Synchronizing opened pages list before reload
2026-09-22T16:35:24.769Z - [32minfo[39m: Current opened pages, from most-to-least recent:
2026-09-22T16:35:24.769Z - [32minfo[39m: 1. lessons/index
2026-09-22T16:35:25.775Z - [32minfo[39m: Rebuilding 1 pages
2026-09-22T16:35:26.157Z - [36mverbose[39m: Rendering page: /Users/damithch/Repos/git-mastery/git-mastery.github.io/lessons/index.md
2026-09-22T16:35:26.165Z - [32minfo[39m: Site data built
2026-09-22T16:35:26.166Z - [32minfo[39m: Pages rebuilt
2026-09-22T16:35:26.166Z - [32minfo[39m: Website regeneration complete! Total build time: 0.395s
2026-09-22T16:36:02.217Z - [32minfo[39m: [00:36:02] Reload for file change: /Users/damithch/Repos/git-mastery/git-mastery.github.io/lessons/trail/text.md
2026-09-22T16:36:02.220Z - [32minfo[39m: Synchronizing opened pages list before reload
2026-09-22T16:36:02.220Z - [32minfo[39m: Current opened pages, from most-to-least recent:
2026-09-22T16:36:02.221Z - [32minfo[39m: 1. lessons/index
2026-09-22T16:36:03.241Z - [32minfo[39m: Rebuilding 1 pages
2026-09-22T16:36:03.506Z - [36mverbose[39m: Rendering page: /Users/damithch/Repos/git-mastery/git-mastery.github.io/lessons/index.md
2026-09-22T16:36:03.513Z - [32minfo[39m: Site data built
2026-09-22T16:36:03.513Z - [32minfo[39m: Pages rebuilt
2026-09-22T16:36:03.513Z - [32minfo[39m: Website regeneration complete! Total build time: 0.29s
2026-09-22T16:36:31.905Z - [32minfo[39m: [00:36:31] Reload for file change: /Users/damithch/Repos/git-mastery/git-mastery.github.io/lessons/trail/text.md
2026-09-22T16:36:31.911Z - [32minfo[39m: Synchronizing opened pages list before reload
2026-09-22T16:36:31.915Z - [32minfo[39m: Current opened pages, from most-to-least recent:
2026-09-22T16:36:31.915Z - [32minfo[39m: 1. lessons/index
2026-09-22T16:36:32.921Z - [32minfo[39m: Rebuilding 1 pages
2026-09-22T16:36:33.229Z - [36mverbose[39m: Rendering page: /Users/damithch/Repos/git-mastery/git-mastery.github.io/lessons/index.md
2026-09-22T16:36:33.238Z - [32minfo[39m: Site data built
2026-09-22T16:36:33.238Z - [32minfo[39m: Pages rebuilt
2026-09-22T16:36:33.238Z - [32minfo[39m: Website regeneration complete! Total build time: 0.319s
2026-09-22T16:36:51.600Z - [32minfo[39m: [00:36:51] Reload for file change: /Users/damithch/Repos/git-mastery/git-mastery.github.io/lessons/trail/text.md
2026-09-22T16:36:51.601Z - [32minfo[39m: Synchronizing opened pages list before reload
2026-09-22T16:36:51.602Z - [32minfo[39m: Current opened pages, from most-to-least recent:
2026-09-22T16:36:51.602Z - [32minfo[39m: 1. lessons/index
2026-09-22T16:36:52.607Z - [32minfo[39m: Rebuilding 1 pages
2026-09-22T16:36:52.873Z - [36mverbose[39m: Rendering page: /Users/damithch/Repos/git-mastery/git-mastery.github.io/lessons/index.md
2026-09-22T16:36:52.881Z - [32minfo[39m: Site data built
2026-09-22T16:36:52.881Z - [32minfo[39m: Pages rebuilt
2026-09-22T16:36:52.881Z - [32minfo[39m: Website regeneration complete! Total build time: 0.276s
2026-09-22T16:37:09.197Z - [32minfo[39m: [00:37:09] Reload for file change: /Users/damithch/Repos/git-mastery/git-mastery.github.io/lessons/trail/text.md
2026-09-22T16:37:09.197Z - [32minfo[39m: Synchronizing opened pages list before reload
2026-09-22T16:37:09.197Z - [32minfo[39m: Current opened pages, from most-to-least recent:
2026-09-22T16:37:09.197Z - [32minfo[39m: 1. lessons/index
2026-09-22T16:37:10.200Z - [32minfo[39m: Rebuilding 1 pages
2026-09-22T16:37:10.510Z - [36mverbose[39m: Rendering page: /Users/damithch/Repos/git-mastery/git-mastery.github.io/lessons/index.md
2026-09-22T16:37:10.518Z - [32minfo[39m: Site data built
2026-09-22T16:37:10.519Z - [32minfo[39m: Pages rebuilt
2026-09-22T16:37:10.519Z - [32minfo[39m: Website regeneration complete! Total build time: 0.32s
2026-09-22T16:38:41.488Z - [32minfo[39m: [00:38:41] Reload for file change: /Users/damithch/Repos/git-mastery/git-mastery.github.io/lessons/trail/text.md
2026-09-22T16:38:41.491Z - [32minfo[39m: Synchronizing opened pages list before reload
2026-09-22T16:38:41.492Z - [32minfo[39m: Current opened pages, from most-to-least recent:
2026-09-22T16:38:41.492Z - [32minfo[39m: 1. lessons/index
2026-09-22T16:38:42.511Z - [32minfo[39m: Rebuilding 1 pages
2026-09-22T16:38:42.775Z - [36mverbose[39m: Rendering page: /Users/damithch/Repos/git-mastery/git-mastery.github.io/lessons/index.md
2026-09-22T16:38:42.783Z - [33mwarn[39m: You might have an invalid intra-link! Ignore this warning if it was intended.
'/lessons/lessons/index.html' found in file '/Users/damithch/Repos/git-mastery/git-mastery.github.io/lessons/trail/text.md'
2026-09-22T16:38:42.783Z - [32minfo[39m: Site data built
2026-09-22T16:38:42.783Z - [32minfo[39m: Pages rebuilt
2026-09-22T16:38:42.783Z - [32minfo[39m: Website regeneration complete! Total build time: 0.287s
2026-09-22T16:39:05.721Z - [32minfo[39m: [00:39:05] Reload for file change: /Users/damithch/Repos/git-mastery/git-mastery.github.io/lessons/trail/text.md
2026-09-22T16:39:05.722Z - [32minfo[39m: Synchronizing opened pages list before reload
2026-09-22T16:39:05.722Z - [32minfo[39m: Current opened pages, from most-to-least recent:
2026-09-22T16:39:05.723Z - [32minfo[39m: 1. lessons/index
2026-09-22T16:39:06.726Z - [32minfo[39m: Rebuilding 1 pages
2026-09-22T16:39:07.081Z - [36mverbose[39m: Rendering page: /Users/damithch/Repos/git-mastery/git-mastery.github.io/lessons/index.md
2026-09-22T16:39:07.089Z - [33mwarn[39m: You might have an invalid intra-link! Ignore this warning if it was intended.
'/lessons/lessons/index.html' found in file '/Users/damithch/Repos/git-mastery/git-mastery.github.io/lessons/trail/text.md'
2026-09-22T16:39:07.090Z - [32minfo[39m: Site data built
2026-09-22T16:39:07.090Z - [32minfo[39m: Pages rebuilt
2026-09-22T16:39:07.090Z - [32minfo[39m: Website regeneration complete! Total build time: 0.366s
2026-09-22T16:39:15.859Z - [32minfo[39m: [00:39:15] Reload for file change: /Users/damithch/Repos/git-mastery/git-mastery.github.io/lessons/trail/text.md
2026-09-22T16:39:15.860Z - [32minfo[39m: Synchronizing opened pages list before reload
2026-09-22T16:39:15.861Z - [32minfo[39m: No pages are currently opened
2026-09-22T16:39:16.870Z - [32minfo[39m: No pages needed to be rebuilt
2026-09-22T16:39:24.946Z - [32minfo[39m: Building /Users/damithch/Repos/git-mastery/git-mastery.github.io/lessons/index as some of its dependencies were changed since the last visit
2026-09-22T16:39:25.239Z - [36mverbose[39m: Rendering page: /Users/damithch/Repos/git-mastery/git-mastery.github.io/lessons/index.md
2026-09-22T16:39:25.247Z - [32minfo[39m: Site data built
2026-09-22T16:39:25.247Z - [32minfo[39m: Lazy website regeneration complete! Total build time: 0.302s
2026-09-22T16:40:47.880Z - [32minfo[39m: [00:40:47] Reload for file change: /Users/damithch/Repos/git-mastery/git-mastery.github.io/lessons/trail/text.md
2026-09-22T16:40:47.881Z - [32minfo[39m: Synchronizing opened pages list before reload
2026-09-22T16:40:47.882Z - [32minfo[39m: Current opened pages, from most-to-least recent:
2026-09-22T16:40:47.882Z - [32minfo[39m: 1. lessons/trail/recordingFolderHistory/index
2026-09-22T16:40:48.896Z - [32minfo[39m: No pages needed to be rebuilt
2026-09-22T16:40:53.283Z - [32minfo[39m: Building /Users/damithch/Repos/git-mastery/git-mastery.github.io/lessons/index as some of its dependencies were changed since the last visit
2026-09-22T16:40:53.624Z - [36mverbose[39m: Rendering page: /Users/damithch/Repos/git-mastery/git-mastery.github.io/lessons/index.md
2026-09-22T16:40:53.636Z - [32minfo[39m: Site data built
2026-09-22T16:40:53.636Z - [32minfo[39m: Lazy website regeneration complete! Total build time: 0.353s
2026-09-22T16:41:38.728Z - [32minfo[39m: [00:41:38] Reload for file change: /Users/damithch/Repos/git-mastery/git-mastery.github.io/lessons/trail/text.md
2026-09-22T16:41:38.729Z - [32minfo[39m: Synchronizing opened pages list before reload
2026-09-22T16:41:38.730Z - [32minfo[39m: No pages are currently opened
2026-09-22T16:41:39.753Z - [32minfo[39m: No pages needed to be rebuilt
2026-09-22T16:41:44.206Z - [32minfo[39m: Building /Users/damithch/Repos/git-mastery/git-mastery.github.io/lessons/index as some of its dependencies were changed since the last visit
2026-09-22T16:41:44.521Z - [36mverbose[39m: Rendering page: /Users/damithch/Repos/git-mastery/git-mastery.github.io/lessons/index.md
2026-09-22T16:41:44.529Z - [32minfo[39m: Site data built
2026-09-22T16:41:44.529Z - [32minfo[39m: Lazy website regeneration complete! Total build time: 0.324s
2026-09-22T16:42:28.868Z - [32minfo[39m: [00:42:28] Reload for file change: /Users/damithch/Repos/git-mastery/git-mastery.github.io/_markbind/layouts/lessons.md
2026-09-22T16:42:28.869Z - [32minfo[39m: Synchronizing opened pages list before reload
2026-09-22T16:42:28.869Z - [32minfo[39m: Current opened pages, from most-to-least recent:
2026-09-22T16:42:28.869Z - [32minfo[39m: 1. lessons/trail/recordingFolderHistory/index
2026-09-22T16:42:29.956Z - [32minfo[39m: Rebuilding 1 pages
2026-09-22T16:42:30.466Z - [36mverbose[39m: Rendering page: /Users/damithch/Repos/git-mastery/git-mastery.github.io/lessons/trail/recordingFolderHistory/index.md
2026-09-22T16:42:30.535Z - [32minfo[39m: Site data built
2026-09-22T16:42:30.535Z - [32minfo[39m: Pages rebuilt
2026-09-22T16:42:30.535Z - [32minfo[39m: Website regeneration complete! Total build time: 0.58s
2026-09-22T16:46:21.605Z - [32minfo[39m: [00:46:21] Reload for file add: /Users/damithch/Repos/git-mastery/git-mastery.github.io/lessons/trail/recordingFolderHistory/all.md
2026-09-22T16:46:21.609Z - [32minfo[39m: Synchronizing opened pages list before reload
2026-09-22T16:46:21.610Z - [32minfo[39m: Current opened pages, from most-to-least recent:
2026-09-22T16:46:21.610Z - [32minfo[39m: 1. lessons/trail/recordingFolderHistory/index
2026-09-22T16:46:22.743Z - [32minfo[39m: Assets built
2026-09-22T16:47:23.176Z - [32minfo[39m: [00:47:23] Reload for file change: /Users/damithch/Repos/git-mastery/git-mastery.github.io/lessons/trail/recordingFolderHistory/text.md
2026-09-22T16:47:23.180Z - [32minfo[39m: Synchronizing opened pages list before reload
2026-09-22T16:47:23.180Z - [32minfo[39m: Current opened pages, from most-to-least recent:
2026-09-22T16:47:23.180Z - [32minfo[39m: 1. lessons/trail/recordingFolderHistory/index
2026-09-22T16:47:24.201Z - [32minfo[39m: Rebuilding 1 pages
2026-09-22T16:47:24.246Z - [31merror[39m: No such segment '#body' in file: /Users/damithch/Repos/git-mastery/git-mastery.github.io/lessons/trail/recordingFolderHistory/text.md
Missing reference in /Users/damithch/Repos/git-mastery/git-mastery.github.io/lessons/trail/recordingFolderHistory/tour-inElsewhere-asFlat.md
2026-09-22T16:47:24.268Z - [36mverbose[39m: Rendering page: /Users/damithch/Repos/git-mastery/git-mastery.github.io/lessons/trail/recordingFolderHistory/index.md
2026-09-22T16:47:24.278Z - [32minfo[39m: Site data built
2026-09-22T16:47:24.278Z - [32minfo[39m: Pages rebuilt
2026-09-22T16:47:24.278Z - [32minfo[39m: Website regeneration complete! Total build time: 0.094s
2026-09-22T16:47:50.101Z - [32minfo[39m: [00:47:50] Reload for file change: /Users/damithch/Repos/git-mastery/git-mastery.github.io/lessons/trail/recordingFolderHistory/text.md
2026-09-22T16:47:50.102Z - [32minfo[39m: Synchronizing opened pages list before reload
2026-09-22T16:47:50.103Z - [32minfo[39m: Current opened pages, from most-to-least recent:
2026-09-22T16:47:50.103Z - [32minfo[39m: 1. lessons/trail/recordingFolderHistory/index
2026-09-22T16:47:51.109Z - [32minfo[39m: Rebuilding 1 pages
2026-09-22T16:47:51.648Z - [36mverbose[39m: Rendering page: /Users/damithch/Repos/git-mastery/git-mastery.github.io/lessons/trail/recordingFolderHistory/index.md
2026-09-22T16:47:51.717Z - [32minfo[39m: Site data built
2026-09-22T16:47:51.717Z - [32minfo[39m: Pages rebuilt
2026-09-22T16:47:51.717Z - [32minfo[39m: Website regeneration complete! Total build time: 0.61s
2026-09-22T16:49:23.759Z - [32minfo[39m: [00:49:23] Reload for file change: /Users/damithch/Repos/git-mastery/git-mastery.github.io/_markbind/boilerplates/tour-inElsewhere-asFlat.md
2026-09-22T16:49:23.762Z - [32minfo[39m: Synchronizing opened pages list before reload
2026-09-22T16:49:23.762Z - [32minfo[39m: Current opened pages, from most-to-least recent:
2026-09-22T16:49:23.763Z - [32minfo[39m: 1. lessons/trail/recordingFolderHistory/index
2026-09-22T16:49:24.769Z - [32minfo[39m: Rebuilding 1 pages
2026-09-22T16:49:24.842Z - [36mverbose[39m: Rendering page: /Users/damithch/Repos/git-mastery/git-mastery.github.io/lessons/trail/recordingFolderHistory/index.md
2026-09-22T16:49:24.854Z - [32minfo[39m: Site data built
2026-09-22T16:49:24.854Z - [32minfo[39m: Pages rebuilt
2026-09-22T16:49:24.854Z - [32minfo[39m: Website regeneration complete! Total build time: 0.088s
2026-09-22T16:49:28.984Z - [32minfo[39m: [00:49:28] Reload for file change: /Users/damithch/Repos/git-mastery/git-mastery.github.io/_markbind/boilerplates/tour-inElsewhere-asFlat.md
2026-09-22T16:49:28.984Z - [32minfo[39m: Synchronizing opened pages list before reload
2026-09-22T16:49:28.985Z - [32minfo[39m: Current opened pages, from most-to-least recent:
2026-09-22T16:49:28.985Z - [32minfo[39m: 1. lessons/trail/recordingFolderHistory/index
2026-09-22T16:49:29.987Z - [32minfo[39m: Rebuilding 1 pages
2026-09-22T16:49:30.521Z - [36mverbose[39m: Rendering page: /Users/damithch/Repos/git-mastery/git-mastery.github.io/lessons/trail/recordingFolderHistory/index.md
2026-09-22T16:49:30.573Z - [32minfo[39m: Site data built
2026-09-22T16:49:30.573Z - [32minfo[39m: Pages rebuilt
2026-09-22T16:49:30.573Z - [32minfo[39m: Website regeneration complete! Total build time: 0.588s
2026-09-22T16:50:47.439Z - [32minfo[39m: [00:50:47] Reload for file change: /Users/damithch/Repos/git-mastery/git-mastery.github.io/lessons/trail/recordingFolderHistory/text.md
2026-09-22T16:50:47.444Z - [32minfo[39m: Synchronizing opened pages list before reload
2026-09-22T16:50:47.449Z - [32minfo[39m: Current opened pages, from most-to-least recent:
2026-09-22T16:50:47.449Z - [32minfo[39m: 1. lessons/trail/recordingFolderHistory/index
2026-09-22T16:50:48.471Z - [32minfo[39m: Rebuilding 1 pages
2026-09-22T16:50:48.514Z - [31merror[39m: Template render error: (/Users/damithch/Repos/git-mastery/git-mastery.github.io/lessons/trail/recordingFolderHistory/text.md) [Line 31, Column 18]
  Template render error: (/Users/damithch/Repos/git-mastery/git-mastery.github.io/lessons/trail/recordingFolderHistory/text.md)
  Error: Unable to call `show_tour_intro`, which is undefined or falsey
    at Object._prettifyError (/opt/homebrew/lib/node_modules/markbind-cli/node_modules/nunjucks/src/lib.js:32:11)
    at file:///opt/homebrew/lib/node_modules/markbind-cli/node_modules/@markbind/core/src/patches/nunjucks/context-overrides-frame.js:336:23
    at Template.root [as rootRenderFunc] (eval at _compile (/opt/homebrew/lib/node_modules/markbind-cli/node_modules/nunjucks/src/environment.js:527:18), <anonymous>:65:3)
    at Template.render (file:///opt/homebrew/lib/node_modules/markbind-cli/node_modules/@markbind/core/src/patches/nunjucks/context-overrides-frame.js:326:10)
    at file:///opt/homebrew/lib/node_modules/markbind-cli/node_modules/@markbind/core/src/patches/nunjucks/context-overrides-frame.js:55:31
    at createTemplate (file:///opt/homebrew/lib/node_modules/markbind-cli/node_modules/@markbind/core/src/patches/nunjucks/load-event.js:110:13)
    at handle (file:///opt/homebrew/lib/node_modules/markbind-cli/node_modules/@markbind/core/src/patches/nunjucks/load-event.js:123:17)
    at file:///opt/homebrew/lib/node_modules/markbind-cli/node_modules/@markbind/core/src/patches/nunjucks/load-event.js:134:13
    at next (/opt/homebrew/lib/node_modules/markbind-cli/node_modules/nunjucks/src/lib.js:258:7)
    at Object.asyncIter (/opt/homebrew/lib/node_modules/markbind-cli/node_modules/nunjucks/src/lib.js:263:3)
2026-09-22T16:50:48.515Z - [31merror[39m: Template render error: (/Users/damithch/Repos/git-mastery/git-mastery.github.io/lessons/trail/recordingFolderHistory/text.md) [Line 31, Column 18]
  Template render error: (/Users/damithch/Repos/git-mastery/git-mastery.github.io/lessons/trail/recordingFolderHistory/text.md)
  Error: Unable to call `show_tour_intro`, which is undefined or falsey
    at Object._prettifyError (/opt/homebrew/lib/node_modules/markbind-cli/node_modules/nunjucks/src/lib.js:32:11)
    at file:///opt/homebrew/lib/node_modules/markbind-cli/node_modules/@markbind/core/src/patches/nunjucks/context-overrides-frame.js:336:23
    at Template.root [as rootRenderFunc] (eval at _compile (/opt/homebrew/lib/node_modules/markbind-cli/node_modules/nunjucks/src/environment.js:527:18), <anonymous>:65:3)
    at Template.render (file:///opt/homebrew/lib/node_modules/markbind-cli/node_modules/@markbind/core/src/patches/nunjucks/context-overrides-frame.js:326:10)
    at file:///opt/homebrew/lib/node_modules/markbind-cli/node_modules/@markbind/core/src/patches/nunjucks/context-overrides-frame.js:55:31
    at Environment.getTemplate (file:///opt/homebrew/lib/node_modules/markbind-cli/node_modules/@markbind/core/src/patches/nunjucks/load-event.js:78:13)
    at Environment.render (file:///opt/homebrew/lib/node_modules/markbind-cli/node_modules/@markbind/core/src/patches/nunjucks/context-overrides-frame.js:47:10)
    at VariableRenderer.renderFile (file:///opt/homebrew/lib/node_modules/markbind-cli/node_modules/@markbind/core/src/variables/VariableRenderer.js:44:24)
    at VariableProcessor.renderWithSiteVariables (file:///opt/homebrew/lib/node_modules/markbind-cli/node_modules/@markbind/core/src/variables/VariableProcessor.js:125:57)
    at VariableProcessor.renderIncludeFile (file:///opt/homebrew/lib/node_modules/markbind-cli/node_modules/@markbind/core/src/variables/VariableProcessor.js:202:38)
2026-09-22T16:50:48.542Z - [36mverbose[39m: Rendering page: /Users/damithch/Repos/git-mastery/git-mastery.github.io/lessons/trail/recordingFolderHistory/index.md
2026-09-22T16:50:48.553Z - [32minfo[39m: Site data built
2026-09-22T16:50:48.553Z - [32minfo[39m: Pages rebuilt
2026-09-22T16:50:48.553Z - [32minfo[39m: Website regeneration complete! Total build time: 0.102s
2026-09-22T16:51:00.441Z - [32minfo[39m: [00:51:00] Reload for file change: /Users/damithch/Repos/git-mastery/git-mastery.github.io/lessons/trail/recordingFolderHistory/text.md
2026-09-22T16:51:00.442Z - [32minfo[39m: Synchronizing opened pages list before reload
2026-09-22T16:51:00.443Z - [32minfo[39m: Current opened pages, from most-to-least recent:
2026-09-22T16:51:00.443Z - [32minfo[39m: 1. lessons/trail/recordingFolderHistory/index
2026-09-22T16:51:01.448Z - [32minfo[39m: Rebuilding 1 pages
2026-09-22T16:51:02.015Z - [36mverbose[39m: Rendering page: /Users/damithch/Repos/git-mastery/git-mastery.github.io/lessons/trail/recordingFolderHistory/index.md
2026-09-22T16:51:02.076Z - [32minfo[39m: Site data built
2026-09-22T16:51:02.076Z - [32minfo[39m: Pages rebuilt
2026-09-22T16:51:02.077Z - [32minfo[39m: Website regeneration complete! Total build time: 0.63s
2026-09-22T16:51:49.271Z - [32minfo[39m: [00:51:49] Reload for file change: /Users/damithch/Repos/git-mastery/git-mastery.github.io/lessons/trail/recordingFolderHistory/text.md
2026-09-22T16:51:49.273Z - [32minfo[39m: Synchronizing opened pages list before reload
2026-09-22T16:51:49.274Z - [32minfo[39m: Current opened pages, from most-to-least recent:
2026-09-22T16:51:49.274Z - [32minfo[39m: 1. lessons/trail/recordingFolderHistory/index
2026-09-22T16:51:50.277Z - [32minfo[39m: Rebuilding 1 pages
2026-09-22T16:51:50.418Z - [36mverbose[39m: Rendering page: /Users/damithch/Repos/git-mastery/git-mastery.github.io/lessons/trail/recordingFolderHistory/index.md
2026-09-22T16:51:50.428Z - [32minfo[39m: Site data built
2026-09-22T16:51:50.428Z - [32minfo[39m: Pages rebuilt
2026-09-22T16:51:50.428Z - [32minfo[39m: Website regeneration complete! Total build time: 0.153s
2026-09-22T16:54:28.713Z - [32minfo[39m: [00:54:28] Reload for file change: /Users/damithch/Repos/git-mastery/git-mastery.github.io/common/macros.njk
2026-09-22T16:54:28.716Z - [32minfo[39m: Synchronizing opened pages list before reload
2026-09-22T16:54:28.716Z - [32minfo[39m: Current opened pages, from most-to-least recent:
2026-09-22T16:54:28.716Z - [32minfo[39m: 1. lessons/trail/recordingFolderHistory/index
2026-09-22T16:54:29.804Z - [32minfo[39m: Rebuilding 1 pages
2026-09-22T16:54:29.858Z - [36mverbose[39m: Rendering page: /Users/damithch/Repos/git-mastery/git-mastery.github.io/lessons/trail/recordingFolderHistory/index.md
2026-09-22T16:54:29.865Z - [32minfo[39m: Site data built
2026-09-22T16:54:29.865Z - [32minfo[39m: Pages rebuilt
2026-09-22T16:54:29.866Z - [32minfo[39m: Website regeneration complete! Total build time: 0.071s
2026-09-22T16:55:01.148Z - [32minfo[39m: [00:55:01] Reload for file change: /Users/damithch/Repos/git-mastery/git-mastery.github.io/lessons/trail/recordingFolderHistory/text.md
2026-09-22T16:55:01.149Z - [32minfo[39m: Synchronizing opened pages list before reload
2026-09-22T16:55:01.150Z - [32minfo[39m: Current opened pages, from most-to-least recent:
2026-09-22T16:55:01.150Z - [32minfo[39m: 1. lessons/trail/recordingFolderHistory/index
2026-09-22T16:55:02.156Z - [32minfo[39m: Rebuilding 1 pages
2026-09-22T16:55:02.245Z - [36mverbose[39m: Rendering page: /Users/damithch/Repos/git-mastery/git-mastery.github.io/lessons/trail/recordingFolderHistory/index.md
2026-09-22T16:55:02.251Z - [32minfo[39m: Site data built
2026-09-22T16:55:02.251Z - [32minfo[39m: Pages rebuilt
2026-09-22T16:55:02.251Z - [32minfo[39m: Website regeneration complete! Total build time: 0.097s
2026-09-22T16:56:16.627Z - [32minfo[39m: [00:56:16] Reload for file change: /Users/damithch/Repos/git-mastery/git-mastery.github.io/common/macros.njk
2026-09-22T16:56:16.629Z - [32minfo[39m: Synchronizing opened pages list before reload
2026-09-22T16:56:16.629Z - [32minfo[39m: Current opened pages, from most-to-least recent:
2026-09-22T16:56:16.630Z - [32minfo[39m: 1. lessons/trail/recordingFolderHistory/index
2026-09-22T16:56:17.692Z - [32minfo[39m: Rebuilding 1 pages
2026-09-22T16:56:17.741Z - [36mverbose[39m: Rendering page: /Users/damithch/Repos/git-mastery/git-mastery.github.io/lessons/trail/recordingFolderHistory/index.md
2026-09-22T16:56:17.751Z - [32minfo[39m: Site data built
2026-09-22T16:56:17.751Z - [32minfo[39m: Pages rebuilt
2026-09-22T16:56:17.751Z - [32minfo[39m: Website regeneration complete! Total build time: 0.06s
2026-09-22T16:56:54.871Z - [32minfo[39m: [00:56:54] Reload for file change: /Users/damithch/Repos/git-mastery/git-mastery.github.io/common/macros.njk
2026-09-22T16:56:54.880Z - [32minfo[39m: Synchronizing opened pages list before reload
2026-09-22T16:56:54.883Z - [32minfo[39m: Current opened pages, from most-to-least recent:
2026-09-22T16:56:54.884Z - [32minfo[39m: 1. lessons/trail/recordingFolderHistory/index
2026-09-22T16:56:55.956Z - [32minfo[39m: Rebuilding 1 pages
2026-09-22T16:56:56.011Z - [36mverbose[39m: Rendering page: /Users/damithch/Repos/git-mastery/git-mastery.github.io/lessons/trail/recordingFolderHistory/index.md
2026-09-22T16:56:56.018Z - [32minfo[39m: Site data built
2026-09-22T16:56:56.018Z - [32minfo[39m: Pages rebuilt
2026-09-22T16:56:56.018Z - [32minfo[39m: Website regeneration complete! Total build time: 0.063s
2026-09-22T16:58:15.631Z - [32minfo[39m: [00:58:15] Reload for file change: /Users/damithch/Repos/git-mastery/git-mastery.github.io/common/macros.njk
2026-09-22T16:58:15.636Z - [32minfo[39m: Synchronizing opened pages list before reload
2026-09-22T16:58:15.637Z - [32minfo[39m: Current opened pages, from most-to-least recent:
2026-09-22T16:58:15.637Z - [32minfo[39m: 1. lessons/trail/recordingFolderHistory/index
2026-09-22T16:58:16.699Z - [32minfo[39m: Rebuilding 1 pages
2026-09-22T16:58:16.753Z - [36mverbose[39m: Rendering page: /Users/damithch/Repos/git-mastery/git-mastery.github.io/lessons/trail/recordingFolderHistory/index.md
2026-09-22T16:58:16.763Z - [32minfo[39m: Site data built
2026-09-22T16:58:16.763Z - [32minfo[39m: Pages rebuilt
2026-09-22T16:58:16.763Z - [32minfo[39m: Website regeneration complete! Total build time: 0.066s
2026-09-22T16:58:24.919Z - [32minfo[39m: [00:58:24] Reload for file change: /Users/damithch/Repos/git-mastery/git-mastery.github.io/common/macros.njk
2026-09-22T16:58:24.920Z - [32minfo[39m: Synchronizing opened pages list before reload
2026-09-22T16:58:24.921Z - [32minfo[39m: Current opened pages, from most-to-least recent:
2026-09-22T16:58:24.921Z - [32minfo[39m: 1. lessons/trail/recordingFolderHistory/index
2026-09-22T16:58:25.978Z - [32minfo[39m: Rebuilding 1 pages
2026-09-22T16:58:26.026Z - [36mverbose[39m: Rendering page: /Users/damithch/Repos/git-mastery/git-mastery.github.io/lessons/trail/recordingFolderHistory/index.md
2026-09-22T16:58:26.032Z - [32minfo[39m: Site data built
2026-09-22T16:58:26.032Z - [32minfo[39m: Pages rebuilt
2026-09-22T16:58:26.032Z - [32minfo[39m: Website regeneration complete! Total build time: 0.055s
2026-09-22T16:59:13.088Z - [32minfo[39m: [00:59:13] Reload for file change: /Users/damithch/Repos/git-mastery/git-mastery.github.io/common/macros.njk
2026-09-22T16:59:13.093Z - [32minfo[39m: Synchronizing opened pages list before reload
2026-09-22T16:59:13.094Z - [32minfo[39m: Current opened pages, from most-to-least recent:
2026-09-22T16:59:13.094Z - [32minfo[39m: 1. lessons/trail/recordingFolderHistory/index
2026-09-22T16:59:14.172Z - [32minfo[39m: Rebuilding 1 pages
2026-09-22T16:59:14.239Z - [36mverbose[39m: Rendering page: /Users/damithch/Repos/git-mastery/git-mastery.github.io/lessons/trail/recordingFolderHistory/index.md
2026-09-22T16:59:14.250Z - [32minfo[39m: Site data built
2026-09-22T16:59:14.250Z - [32minfo[39m: Pages rebuilt
2026-09-22T16:59:14.250Z - [32minfo[39m: Website regeneration complete! Total build time: 0.086s
2026-09-22T16:59:42.500Z - [32minfo[39m: [00:59:42] Reload for file change: /Users/damithch/Repos/git-mastery/git-mastery.github.io/common/macros.njk
2026-09-22T16:59:42.503Z - [32minfo[39m: Synchronizing opened pages list before reload
2026-09-22T16:59:42.503Z - [32minfo[39m: Current opened pages, from most-to-least recent:
2026-09-22T16:59:42.503Z - [32minfo[39m: 1. lessons/trail/recordingFolderHistory/index
2026-09-22T16:59:43.601Z - [32minfo[39m: Rebuilding 1 pages
2026-09-22T16:59:43.653Z - [36mverbose[39m: Rendering page: /Users/damithch/Repos/git-mastery/git-mastery.github.io/lessons/trail/recordingFolderHistory/index.md
2026-09-22T16:59:43.662Z - [32minfo[39m: Site data built
2026-09-22T16:59:43.662Z - [32minfo[39m: Pages rebuilt
2026-09-22T16:59:43.662Z - [32minfo[39m: Website regeneration complete! Total build time: 0.071s
2026-09-22T17:00:01.873Z - [32minfo[39m: Building /Users/damithch/Repos/git-mastery/git-mastery.github.io/index as some of its dependencies were changed since the last visit
2026-09-22T17:00:01.927Z - [36mverbose[39m: Rendering page: /Users/damithch/Repos/git-mastery/git-mastery.github.io/index.md
2026-09-22T17:00:01.931Z - [32minfo[39m: Site data built
2026-09-22T17:00:01.931Z - [32minfo[39m: Lazy website regeneration complete! Total build time: 0.059s
2026-09-22T17:00:07.197Z - [32minfo[39m: Building /Users/damithch/Repos/git-mastery/git-mastery.github.io/lessons/index as some of its dependencies were changed since the last visit
2026-09-22T17:00:07.499Z - [36mverbose[39m: Rendering page: /Users/damithch/Repos/git-mastery/git-mastery.github.io/lessons/index.md
2026-09-22T17:00:07.506Z - [32minfo[39m: Site data built
2026-09-22T17:00:07.506Z - [32minfo[39m: Lazy website regeneration complete! Total build time: 0.309s
2026-09-22T17:00:54.387Z - [32minfo[39m: [01:00:54] Reload for file change: /Users/damithch/Repos/git-mastery/git-mastery.github.io/lessons/trail/text.md
2026-09-22T17:00:54.389Z - [32minfo[39m: Synchronizing opened pages list before reload
2026-09-22T17:00:54.389Z - [32minfo[39m: Current opened pages, from most-to-least recent:
2026-09-22T17:00:54.390Z - [32minfo[39m: 1. lessons/index
2026-09-22T17:00:55.394Z - [32minfo[39m: Rebuilding 1 pages
2026-09-22T17:00:55.689Z - [36mverbose[39m: Rendering page: /Users/damithch/Repos/git-mastery/git-mastery.github.io/lessons/index.md
2026-09-22T17:00:55.699Z - [32minfo[39m: Site data built
2026-09-22T17:00:55.699Z - [32minfo[39m: Pages rebuilt
2026-09-22T17:00:55.699Z - [32minfo[39m: Website regeneration complete! Total build time: 0.307s
2026-09-22T17:01:06.885Z - [32minfo[39m: [01:01:06] Reload for file change: /Users/damithch/Repos/git-mastery/git-mastery.github.io/lessons/trail/text.md
2026-09-22T17:01:06.885Z - [32minfo[39m: Synchronizing opened pages list before reload
2026-09-22T17:01:06.886Z - [32minfo[39m: Current opened pages, from most-to-least recent:
2026-09-22T17:01:06.886Z - [32minfo[39m: 1. lessons/index
2026-09-22T17:01:07.891Z - [32minfo[39m: Rebuilding 1 pages
2026-09-22T17:01:08.240Z - [36mverbose[39m: Rendering page: /Users/damithch/Repos/git-mastery/git-mastery.github.io/lessons/index.md
2026-09-22T17:01:08.249Z - [32minfo[39m: Site data built
2026-09-22T17:01:08.249Z - [32minfo[39m: Pages rebuilt
2026-09-22T17:01:08.249Z - [32minfo[39m: Website regeneration complete! Total build time: 0.36s
2026-09-22T17:01:48.220Z - [32minfo[39m: [01:01:48] Reload for file change: /Users/damithch/Repos/git-mastery/git-mastery.github.io/lessons/trail/text.md
2026-09-22T17:01:48.221Z - [32minfo[39m: Synchronizing opened pages list before reload
2026-09-22T17:01:48.222Z - [32minfo[39m: Current opened pages, from most-to-least recent:
2026-09-22T17:01:48.222Z - [32minfo[39m: 1. lessons/index
2026-09-22T17:01:49.231Z - [32minfo[39m: Rebuilding 1 pages
2026-09-22T17:01:49.534Z - [36mverbose[39m: Rendering page: /Users/damithch/Repos/git-mastery/git-mastery.github.io/lessons/index.md
2026-09-22T17:01:49.542Z - [32minfo[39m: Site data built
2026-09-22T17:01:49.542Z - [32minfo[39m: Pages rebuilt
2026-09-22T17:01:49.542Z - [32minfo[39m: Website regeneration complete! Total build time: 0.313s
2026-09-22T17:02:06.170Z - [32minfo[39m: [01:02:06] Reload for file change: /Users/damithch/Repos/git-mastery/git-mastery.github.io/lessons/trail/text.md
2026-09-22T17:02:06.171Z - [32minfo[39m: Synchronizing opened pages list before reload
2026-09-22T17:02:06.172Z - [32minfo[39m: Current opened pages, from most-to-least recent:
2026-09-22T17:02:06.172Z - [32minfo[39m: 1. lessons/index
2026-09-22T17:02:07.178Z - [32minfo[39m: Rebuilding 1 pages
2026-09-22T17:02:07.537Z - [36mverbose[39m: Rendering page: /Users/damithch/Repos/git-mastery/git-mastery.github.io/lessons/index.md
2026-09-22T17:02:07.546Z - [32minfo[39m: Site data built
2026-09-22T17:02:07.546Z - [32minfo[39m: Pages rebuilt
2026-09-22T17:02:07.546Z - [32minfo[39m: Website regeneration complete! Total build time: 0.37s
2026-09-22T17:02:24.064Z - [32minfo[39m: [01:02:24] Reload for file change: /Users/damithch/Repos/git-mastery/git-mastery.github.io/lessons/trail/text.md
2026-09-22T17:02:24.066Z - [32minfo[39m: Synchronizing opened pages list before reload
2026-09-22T17:02:24.067Z - [32minfo[39m: Current opened pages, from most-to-least recent:
2026-09-22T17:02:24.067Z - [32minfo[39m: 1. lessons/index
2026-09-22T17:02:25.072Z - [32minfo[39m: Rebuilding 1 pages
2026-09-22T17:02:25.351Z - [36mverbose[39m: Rendering page: /Users/damithch/Repos/git-mastery/git-mastery.github.io/lessons/index.md
2026-09-22T17:02:25.360Z - [32minfo[39m: Site data built
2026-09-22T17:02:25.360Z - [32minfo[39m: Pages rebuilt
2026-09-22T17:02:25.360Z - [32minfo[39m: Website regeneration complete! Total build time: 0.29s
2026-09-22T17:02:32.234Z - [32minfo[39m: [01:02:32] Reload for file change: /Users/damithch/Repos/git-mastery/git-mastery.github.io/lessons/trail/text.md
2026-09-22T17:02:32.235Z - [32minfo[39m: Synchronizing opened pages list before reload
2026-09-22T17:02:32.237Z - [32minfo[39m: Current opened pages, from most-to-least recent:
2026-09-22T17:02:32.237Z - [32minfo[39m: 1. lessons/index
2026-09-22T17:02:33.243Z - [32minfo[39m: Rebuilding 1 pages
2026-09-22T17:02:33.507Z - [36mverbose[39m: Rendering page: /Users/damithch/Repos/git-mastery/git-mastery.github.io/lessons/index.md
2026-09-22T17:02:33.519Z - [32minfo[39m: Site data built
2026-09-22T17:02:33.519Z - [32minfo[39m: Pages rebuilt
2026-09-22T17:02:33.519Z - [32minfo[39m: Website regeneration complete! Total build time: 0.278s
2026-09-22T17:02:58.837Z - [32minfo[39m: [01:02:58] Reload for file change: /Users/damithch/Repos/git-mastery/git-mastery.github.io/lessons/trail/text.md
2026-09-22T17:02:58.839Z - [32minfo[39m: Synchronizing opened pages list before reload
2026-09-22T17:02:58.840Z - [32minfo[39m: Current opened pages, from most-to-least recent:
2026-09-22T17:02:58.840Z - [32minfo[39m: 1. lessons/index
2026-09-22T17:02:59.846Z - [32minfo[39m: Rebuilding 1 pages
2026-09-22T17:03:00.238Z - [36mverbose[39m: Rendering page: /Users/damithch/Repos/git-mastery/git-mastery.github.io/lessons/index.md
2026-09-22T17:03:00.248Z - [32minfo[39m: Site data built
2026-09-22T17:03:00.248Z - [32minfo[39m: Pages rebuilt
2026-09-22T17:03:00.248Z - [32minfo[39m: Website regeneration complete! Total build time: 0.405s
2026-09-22T17:03:23.046Z - [32minfo[39m: [01:03:23] Reload for file change: /Users/damithch/Repos/git-mastery/git-mastery.github.io/lessons/trail/text.md
2026-09-22T17:03:23.050Z - [32minfo[39m: Synchronizing opened pages list before reload
2026-09-22T17:03:23.050Z - [32minfo[39m: Current opened pages, from most-to-least recent:
2026-09-22T17:03:23.050Z - [32minfo[39m: 1. lessons/index
2026-09-22T17:03:24.065Z - [32minfo[39m: Rebuilding 1 pages
2026-09-22T17:03:24.350Z - [36mverbose[39m: Rendering page: /Users/damithch/Repos/git-mastery/git-mastery.github.io/lessons/index.md
2026-09-22T17:03:24.357Z - [32minfo[39m: Site data built
2026-09-22T17:03:24.357Z - [32minfo[39m: Pages rebuilt
2026-09-22T17:03:24.357Z - [32minfo[39m: Website regeneration complete! Total build time: 0.296s
2026-09-22T17:04:26.778Z - [32minfo[39m: [01:04:26] Reload for file change: /Users/damithch/Repos/git-mastery/git-mastery.github.io/lessons/trail/text.md
2026-09-22T17:04:26.787Z - [32minfo[39m: Synchronizing opened pages list before reload
2026-09-22T17:04:26.788Z - [32minfo[39m: Current opened pages, from most-to-least recent:
2026-09-22T17:04:26.789Z - [32minfo[39m: 1. lessons/index
2026-09-22T17:04:27.812Z - [32minfo[39m: Rebuilding 1 pages
2026-09-22T17:04:28.154Z - [36mverbose[39m: Rendering page: /Users/damithch/Repos/git-mastery/git-mastery.github.io/lessons/index.md
2026-09-22T17:04:28.162Z - [32minfo[39m: Site data built
2026-09-22T17:04:28.162Z - [32minfo[39m: Pages rebuilt
2026-09-22T17:04:28.162Z - [32minfo[39m: Website regeneration complete! Total build time: 0.367s
2026-09-22T17:04:47.184Z - [32minfo[39m: [01:04:47] Reload for file change: /Users/damithch/Repos/git-mastery/git-mastery.github.io/lessons/trail/text.md
2026-09-22T17:04:47.187Z - [32minfo[39m: Synchronizing opened pages list before reload
2026-09-22T17:04:47.187Z - [32minfo[39m: Current opened pages, from most-to-least recent:
2026-09-22T17:04:47.188Z - [32minfo[39m: 1. lessons/index
2026-09-22T17:04:48.209Z - [32minfo[39m: Rebuilding 1 pages
2026-09-22T17:04:48.548Z - [36mverbose[39m: Rendering page: /Users/damithch/Repos/git-mastery/git-mastery.github.io/lessons/index.md
2026-09-22T17:04:48.556Z - [32minfo[39m: Site data built
2026-09-22T17:04:48.556Z - [32minfo[39m: Pages rebuilt
2026-09-22T17:04:48.556Z - [32minfo[39m: Website regeneration complete! Total build time: 0.366s
2026-09-22T17:05:14.988Z - [32minfo[39m: [01:05:14] Reload for file change: /Users/damithch/Repos/git-mastery/git-mastery.github.io/lessons/trail/text.md
2026-09-22T17:05:14.990Z - [32minfo[39m: Synchronizing opened pages list before reload
2026-09-22T17:05:14.990Z - [32minfo[39m: Current opened pages, from most-to-least recent:
2026-09-22T17:05:14.990Z - [32minfo[39m: 1. lessons/index
2026-09-22T17:05:15.993Z - [32minfo[39m: Rebuilding 1 pages
2026-09-22T17:05:16.351Z - [36mverbose[39m: Rendering page: /Users/damithch/Repos/git-mastery/git-mastery.github.io/lessons/index.md
2026-09-22T17:05:16.359Z - [32minfo[39m: Site data built
2026-09-22T17:05:16.359Z - [32minfo[39m: Pages rebuilt
2026-09-22T17:05:16.360Z - [32minfo[39m: Website regeneration complete! Total build time: 0.369s
2026-09-22T17:10:37.679Z - [32minfo[39m: [01:10:37] Reload for file change: /Users/damithch/Repos/git-mastery/git-mastery.github.io/lessons/trail/recordingFolderHistory/text.md
2026-09-22T17:10:37.684Z - [32minfo[39m: Synchronizing opened pages list before reload
2026-09-22T17:10:37.684Z - [32minfo[39m: Current opened pages, from most-to-least recent:
2026-09-22T17:10:37.684Z - [32minfo[39m: 1. lessons/trail/recordingFolderHistory/index
2026-09-22T17:10:37.685Z - [32minfo[39m: [01:10:37] Reload for file change: /Users/damithch/Repos/git-mastery/git-mastery.github.io/lessons/trail/recordingFolderHistory/all.md
2026-09-22T17:10:37.685Z - [32minfo[39m: Synchronizing opened pages list before reload
2026-09-22T17:10:37.685Z - [32minfo[39m: Current opened pages, from most-to-least recent:
2026-09-22T17:10:37.685Z - [32minfo[39m: 1. lessons/trail/recordingFolderHistory/index
2026-09-22T17:10:38.711Z - [32minfo[39m: Rebuilding 1 pages
2026-09-22T17:10:38.811Z - [32minfo[39m: Assets built
2026-09-22T17:10:38.814Z - [36mverbose[39m: Rendering page: /Users/damithch/Repos/git-mastery/git-mastery.github.io/lessons/trail/recordingFolderHistory/index.md
2026-09-22T17:10:38.823Z - [32minfo[39m: Site data built
2026-09-22T17:10:38.823Z - [32minfo[39m: Pages rebuilt
2026-09-22T17:10:38.823Z - [32minfo[39m: Website regeneration complete! Total build time: 0.136s
2026-09-22T17:22:36.914Z - [32minfo[39m: [01:22:36] Reload for file change: /Users/damithch/Repos/git-mastery/git-mastery.github.io/lessons/trail/recordingFolderHistory/index.md
2026-09-22T17:22:36.918Z - [32minfo[39m: Synchronizing opened pages list before reload
2026-09-22T17:22:36.919Z - [32minfo[39m: Current opened pages, from most-to-least recent:
2026-09-22T17:22:36.919Z - [32minfo[39m: 1. lessons/trail/recordingFolderHistory/index
2026-09-22T17:22:37.941Z - [32minfo[39m: Rebuilding 1 pages
2026-09-22T17:22:38.114Z - [36mverbose[39m: Rendering page: /Users/damithch/Repos/git-mastery/git-mastery.github.io/lessons/trail/recordingFolderHistory/index.md
2026-09-22T17:22:38.122Z - [32minfo[39m: Site data built
2026-09-22T17:22:38.122Z - [32minfo[39m: Pages rebuilt
2026-09-22T17:22:38.122Z - [32minfo[39m: Website regeneration complete! Total build time: 0.2s
2026-09-22T17:41:37.257Z - [32minfo[39m: [01:41:37] Reload for file change: /Users/damithch/Repos/git-mastery/git-mastery.github.io/lessons/trail/recordingFolderHistory/text.md
2026-09-22T17:41:37.263Z - [32minfo[39m: Synchronizing opened pages list before reload
2026-09-22T17:41:37.264Z - [32minfo[39m: No pages are currently opened
2026-09-22T17:41:38.300Z - [32minfo[39m: No pages needed to be rebuilt
2026-09-22T17:41:47.747Z - [32minfo[39m: Building /Users/damithch/Repos/git-mastery/git-mastery.github.io/lessons/trail/recordingFolderHistory/index as some of its dependencies were changed since the last visit
2026-09-22T17:41:47.913Z - [36mverbose[39m: Rendering page: /Users/damithch/Repos/git-mastery/git-mastery.github.io/lessons/trail/recordingFolderHistory/index.md
2026-09-22T17:41:47.920Z - [32minfo[39m: Site data built
2026-09-22T17:41:47.920Z - [32minfo[39m: Lazy website regeneration complete! Total build time: 0.173s
2026-09-22T17:42:14.457Z - [32minfo[39m: [01:42:14] Reload for file change: /Users/damithch/Repos/git-mastery/git-mastery.github.io/lessons/trail/recordingFolderHistory/all.md
2026-09-22T17:42:14.458Z - [32minfo[39m: Synchronizing opened pages list before reload
2026-09-22T17:42:14.458Z - [32minfo[39m: Current opened pages, from most-to-least recent:
2026-09-22T17:42:14.458Z - [32minfo[39m: 1. lessons/trail/recordingFolderHistory/index
2026-09-22T17:42:15.470Z - [32minfo[39m: Assets built
2026-09-22T17:53:06.801Z - [32minfo[39m: [01:53:06] Reload for file change: /Users/damithch/Repos/git-mastery/git-mastery.github.io/site.json
2026-09-22T17:53:06.804Z - [32minfo[39m: Synchronizing opened pages list before reload
2026-09-22T17:53:06.804Z - [32minfo[39m: No pages are currently opened
2026-09-22T17:53:10.388Z - [32minfo[39m: Website generation (lazy) started at 01:53:10
2026-09-22T17:53:10.633Z - [32minfo[39m: Building assets...
2026-09-22T17:53:10.747Z - [32minfo[39m: Assets built
2026-09-22T17:53:10.748Z - [32minfo[39m: Generating landing page...
2026-09-22T17:53:10.828Z - [36mverbose[39m: Rendering page: /Users/damithch/Repos/git-mastery/git-mastery.github.io/index.md
2026-09-22T17:53:10.840Z - [32minfo[39m: Landing page built, other pages will be built as you navigate to them!
2026-09-22T17:53:10.922Z - [32minfo[39m: Site data built
2026-09-22T17:53:10.922Z - [32minfo[39m: Website generation (lazy) complete! Total build time: 0.628s
2026-09-22T17:53:10.934Z - [32minfo[39m: Serving "/Users/damithch/Repos/git-mastery/git-mastery.github.io/_site" at http://127.0.0.1:8080
2026-09-22T17:53:10.935Z - [32minfo[39m: Press CTRL+C to stop ...
2026-09-22T17:53:15.161Z - [32minfo[39m: Building /Users/damithch/Repos/git-mastery/git-mastery.github.io/versions/cs2103/insertions as some of its dependencies were changed since the last visit
2026-09-22T17:53:15.221Z - [36mverbose[39m: Rendering page: /Users/damithch/Repos/git-mastery/git-mastery.github.io/versions/cs2103/insertions.md
2026-09-22T17:53:15.227Z - [32minfo[39m: Site data built
2026-09-22T17:53:15.227Z - [32minfo[39m: Lazy website regeneration complete! Total build time: 0.067s
2026-09-22T17:53:19.617Z - [32minfo[39m: Building /Users/damithch/Repos/git-mastery/git-mastery.github.io/lessons/index as some of its dependencies were changed since the last visit
2026-09-22T17:53:20.017Z - [36mverbose[39m: Rendering page: /Users/damithch/Repos/git-mastery/git-mastery.github.io/lessons/index.md
2026-09-22T17:53:20.027Z - [32minfo[39m: Site data built
2026-09-22T17:53:20.027Z - [32minfo[39m: Lazy website regeneration complete! Total build time: 0.41s
2026-09-22T17:54:31.966Z - [32minfo[39m: Building /Users/damithch/Repos/git-mastery/git-mastery.github.io/lessons/trail/recordingFolderHistory/index as some of its dependencies were changed since the last visit
2026-09-22T17:54:32.092Z - [36mverbose[39m: Rendering page: /Users/damithch/Repos/git-mastery/git-mastery.github.io/lessons/trail/recordingFolderHistory/index.md
2026-09-22T17:54:32.102Z - [32minfo[39m: Site data built
2026-09-22T17:54:32.102Z - [32minfo[39m: Lazy website regeneration complete! Total build time: 0.137s
2026-09-22T17:54:52.387Z - [32minfo[39m: Building /Users/damithch/Repos/git-mastery/git-mastery.github.io/lessons/trail/recordingFolderHistory/all as some of its dependencies were changed since the last visit
2026-09-22T17:54:52.929Z - [36mverbose[39m: Rendering page: /Users/damithch/Repos/git-mastery/git-mastery.github.io/lessons/trail/recordingFolderHistory/all.md
2026-09-22T17:54:52.990Z - [32minfo[39m: Site data built
2026-09-22T17:54:52.990Z - [32minfo[39m: Lazy website regeneration complete! Total build time: 0.604s
2026-09-22T17:55:37.948Z - [32minfo[39m: [01:55:37] Reload for file change: /Users/damithch/Repos/git-mastery/git-mastery.github.io/lessons/trail/recordingFolderHistory/text.md
2026-09-22T17:55:37.950Z - [32minfo[39m: Synchronizing opened pages list before reload
2026-09-22T17:55:37.952Z - [32minfo[39m: Current opened pages, from most-to-least recent:
2026-09-22T17:55:37.952Z - [32minfo[39m: 1. lessons/trail/recordingFolderHistory/all
2026-09-22T17:55:38.971Z - [32minfo[39m: Rebuilding 1 pages
2026-09-22T17:55:39.543Z - [36mverbose[39m: Rendering page: /Users/damithch/Repos/git-mastery/git-mastery.github.io/lessons/trail/recordingFolderHistory/all.md
2026-09-22T17:55:39.612Z - [32minfo[39m: Site data built
2026-09-22T17:55:39.612Z - [32minfo[39m: Pages rebuilt
2026-09-22T17:55:39.612Z - [32minfo[39m: Website regeneration complete! Total build time: 0.65s
2026-09-22T17:56:39.287Z - [32minfo[39m: Website generation (lazy) started at 01:56:39
2026-09-22T17:56:39.437Z - [32minfo[39m: Building assets...
2026-09-22T17:56:39.555Z - [32minfo[39m: Assets built
2026-09-22T17:56:39.556Z - [32minfo[39m: Generating landing page...
2026-09-22T17:56:39.634Z - [36mverbose[39m: Rendering page: /Users/damithch/Repos/git-mastery/git-mastery.github.io/index.md
2026-09-22T17:56:39.651Z - [32minfo[39m: Landing page built, other pages will be built as you navigate to them!
2026-09-22T17:56:39.730Z - [32minfo[39m: Site data built
2026-09-22T17:56:39.730Z - [32minfo[39m: Website generation (lazy) complete! Total build time: 0.53s
2026-09-22T17:56:39.742Z - [32minfo[39m: Serving "/Users/damithch/Repos/git-mastery/git-mastery.github.io/_site" at http://127.0.0.1:8080
2026-09-22T17:56:39.742Z - [32minfo[39m: Press CTRL+C to stop ...
2026-09-22T17:56:41.429Z - [32minfo[39m: Building /Users/damithch/Repos/git-mastery/git-mastery.github.io/versions/cs2103/insertions as some of its dependencies were changed since the last visit
2026-09-22T17:56:41.463Z - [36mverbose[39m: Rendering page: /Users/damithch/Repos/git-mastery/git-mastery.github.io/versions/cs2103/insertions.md
2026-09-22T17:56:41.467Z - [32minfo[39m: Site data built
2026-09-22T17:56:41.467Z - [32minfo[39m: Lazy website regeneration complete! Total build time: 0.038s
2026-09-22T17:56:43.412Z - [32minfo[39m: Building /Users/damithch/Repos/git-mastery/git-mastery.github.io/lessons/index as some of its dependencies were changed since the last visit
2026-09-22T17:56:43.790Z - [36mverbose[39m: Rendering page: /Users/damithch/Repos/git-mastery/git-mastery.github.io/lessons/index.md
2026-09-22T17:56:43.799Z - [32minfo[39m: Site data built
2026-09-22T17:56:43.799Z - [32minfo[39m: Lazy website regeneration complete! Total build time: 0.388s
2026-09-22T17:56:54.973Z - [32minfo[39m: Building /Users/damithch/Repos/git-mastery/git-mastery.github.io/lessons/trail/recordingFolderHistory/index as some of its dependencies were changed since the last visit
2026-09-22T17:56:55.077Z - [36mverbose[39m: Rendering page: /Users/damithch/Repos/git-mastery/git-mastery.github.io/lessons/trail/recordingFolderHistory/index.md
2026-09-22T17:56:55.083Z - [32minfo[39m: Site data built
2026-09-22T17:56:55.083Z - [32minfo[39m: Lazy website regeneration complete! Total build time: 0.113s
2026-09-22T17:57:32.889Z - [32minfo[39m: [01:57:32] Reload for file change: /Users/damithch/Repos/git-mastery/git-mastery.github.io/lessons/trail/text.md
2026-09-22T17:57:32.892Z - [32minfo[39m: Synchronizing opened pages list before reload
2026-09-22T17:57:32.896Z - [32minfo[39m: Current opened pages, from most-to-least recent:
2026-09-22T17:57:32.897Z - [32minfo[39m: 1. lessons/index
2026-09-22T17:57:33.902Z - [32minfo[39m: Rebuilding 1 pages
2026-09-22T17:57:34.296Z - [36mverbose[39m: Rendering page: /Users/damithch/Repos/git-mastery/git-mastery.github.io/lessons/index.md
2026-09-22T17:57:34.305Z - [32minfo[39m: Site data built
2026-09-22T17:57:34.305Z - [32minfo[39m: Pages rebuilt
2026-09-22T17:57:34.306Z - [32minfo[39m: Website regeneration complete! Total build time: 0.405s
2026-09-22T17:57:45.448Z - [32minfo[39m: Building /Users/damithch/Repos/git-mastery/git-mastery.github.io/lessons/trail/recordingFolderHistory/all as some of its dependencies were changed since the last visit
2026-09-22T17:57:45.995Z - [36mverbose[39m: Rendering page: /Users/damithch/Repos/git-mastery/git-mastery.github.io/lessons/trail/recordingFolderHistory/all.md
2026-09-22T17:57:46.054Z - [32minfo[39m: Site data built
2026-09-22T17:57:46.054Z - [32minfo[39m: Lazy website regeneration complete! Total build time: 0.607s
2026-09-22T17:59:02.165Z - [32minfo[39m: [01:59:02] Reload for file change: /Users/damithch/Repos/git-mastery/git-mastery.github.io/common/macros.njk
2026-09-22T17:59:02.166Z - [32minfo[39m: Synchronizing opened pages list before reload
2026-09-22T17:59:02.166Z - [32minfo[39m: Current opened pages, from most-to-least recent:
2026-09-22T17:59:02.167Z - [32minfo[39m: 1. lessons/trail/recordingFolderHistory/all
2026-09-22T17:59:02.168Z - [32minfo[39m: [01:59:02] Reload for file change: /Users/damithch/Repos/git-mastery/git-mastery.github.io/lessons/trail/recordingFolderHistory/all.md
2026-09-22T17:59:02.168Z - [32minfo[39m: Synchronizing opened pages list before reload
2026-09-22T17:59:02.168Z - [32minfo[39m: Current opened pages, from most-to-least recent:
2026-09-22T17:59:02.168Z - [32minfo[39m: 1. lessons/trail/recordingFolderHistory/all
2026-09-22T17:59:03.270Z - [32minfo[39m: Rebuilding 1 pages
2026-09-22T17:59:03.788Z - [36mverbose[39m: Rendering page: /Users/damithch/Repos/git-mastery/git-mastery.github.io/lessons/trail/recordingFolderHistory/all.md
2026-09-22T17:59:03.844Z - [32minfo[39m: Site data built
2026-09-22T17:59:03.844Z - [32minfo[39m: Pages rebuilt
2026-09-22T17:59:03.845Z - [32minfo[39m: Website regeneration complete! Total build time: 0.575s
2026-09-22T17:59:36.632Z - [32minfo[39m: [01:59:36] Reload for file change: /Users/damithch/Repos/git-mastery/git-mastery.github.io/common/macros.njk
2026-09-22T17:59:36.638Z - [32minfo[39m: Synchronizing opened pages list before reload
2026-09-22T17:59:36.640Z - [32minfo[39m: Current opened pages, from most-to-least recent:
2026-09-22T17:59:36.641Z - [32minfo[39m: 1. lessons/trail/recordingFolderHistory/all
2026-09-22T17:59:37.732Z - [32minfo[39m: Rebuilding 1 pages
2026-09-22T17:59:38.267Z - [36mverbose[39m: Rendering page: /Users/damithch/Repos/git-mastery/git-mastery.github.io/lessons/trail/recordingFolderHistory/all.md
2026-09-22T17:59:38.327Z - [32minfo[39m: Site data built
2026-09-22T17:59:38.327Z - [32minfo[39m: Pages rebuilt
2026-09-22T17:59:38.327Z - [32minfo[39m: Website regeneration complete! Total build time: 0.605s
2026-09-22T18:00:43.524Z - [32minfo[39m: [02:00:43] Reload for file change: /Users/damithch/Repos/git-mastery/git-mastery.github.io/lessons/log/text.md
2026-09-22T18:00:43.529Z - [32minfo[39m: Synchronizing opened pages list before reload
2026-09-22T18:00:43.530Z - [32minfo[39m: Current opened pages, from most-to-least recent:
2026-09-22T18:00:43.531Z - [32minfo[39m: 1. lessons/trail/recordingFolderHistory/all
2026-09-22T18:00:44.548Z - [32minfo[39m: Rebuilding 1 pages
2026-09-22T18:00:45.100Z - [36mverbose[39m: Rendering page: /Users/damithch/Repos/git-mastery/git-mastery.github.io/lessons/trail/recordingFolderHistory/all.md
2026-09-22T18:00:45.173Z - [32minfo[39m: Site data built
2026-09-22T18:00:45.173Z - [32minfo[39m: Pages rebuilt
2026-09-22T18:00:45.173Z - [32minfo[39m: Website regeneration complete! Total build time: 0.64s
2026-09-22T18:02:00.653Z - [32minfo[39m: [02:02:00] Reload for file change: /Users/damithch/Repos/git-mastery/git-mastery.github.io/lessons/log/text.md
2026-09-22T18:02:00.656Z - [32minfo[39m: Synchronizing opened pages list before reload
2026-09-22T18:02:00.658Z - [32minfo[39m: Current opened pages, from most-to-least recent:
2026-09-22T18:02:00.658Z - [32minfo[39m: 1. lessons/trail/recordingFolderHistory/all
2026-09-22T18:02:01.662Z - [32minfo[39m: Rebuilding 1 pages
2026-09-22T18:02:02.148Z - [36mverbose[39m: Rendering page: /Users/damithch/Repos/git-mastery/git-mastery.github.io/lessons/trail/recordingFolderHistory/all.md
2026-09-22T18:02:02.198Z - [32minfo[39m: Site data built
2026-09-22T18:02:02.198Z - [32minfo[39m: Pages rebuilt
2026-09-22T18:02:02.198Z - [32minfo[39m: Website regeneration complete! Total build time: 0.537s
2026-09-22T18:02:09.828Z - [32minfo[39m: Building /Users/damithch/Repos/git-mastery/git-mastery.github.io/lessons/log/index as some of its dependencies were changed since the last visit
2026-09-22T18:02:09.944Z - [36mverbose[39m: Rendering page: /Users/damithch/Repos/git-mastery/git-mastery.github.io/lessons/log/index.md
2026-09-22T18:02:09.965Z - [32minfo[39m: Site data built
2026-09-22T18:02:09.965Z - [32minfo[39m: Lazy website regeneration complete! Total build time: 0.138s
2026-09-22T18:04:27.565Z - [32minfo[39m: [02:04:27] Reload for file change: /Users/damithch/Repos/git-mastery/git-mastery.github.io/common/macros.njk
2026-09-22T18:04:27.570Z - [32minfo[39m: Synchronizing opened pages list before reload
2026-09-22T18:04:27.572Z - [32minfo[39m: Current opened pages, from most-to-least recent:
2026-09-22T18:04:27.572Z - [32minfo[39m: 1. lessons/log/index
2026-09-22T18:04:27.574Z - [32minfo[39m: [02:04:27] Reload for file change: /Users/damithch/Repos/git-mastery/git-mastery.github.io/_markbind/boilerplates/unit-inElsewhere-asFlat.md
2026-09-22T18:04:27.575Z - [32minfo[39m: Synchronizing opened pages list before reload
2026-09-22T18:04:27.575Z - [32minfo[39m: Current opened pages, from most-to-least recent:
2026-09-22T18:04:27.575Z - [32minfo[39m: 1. lessons/log/index
2026-09-22T18:04:28.668Z - [32minfo[39m: Rebuilding 1 pages
2026-09-22T18:04:28.762Z - [36mverbose[39m: Rendering page: /Users/damithch/Repos/git-mastery/git-mastery.github.io/lessons/log/index.md
2026-09-22T18:04:28.774Z - [32minfo[39m: Site data built
2026-09-22T18:04:28.774Z - [32minfo[39m: Pages rebuilt
2026-09-22T18:04:28.774Z - [32minfo[39m: Website regeneration complete! Total build time: 0.116s
2026-09-22T18:04:49.630Z - [32minfo[39m: [02:04:49] Reload for file change: /Users/damithch/Repos/git-mastery/git-mastery.github.io/_markbind/boilerplates/unit-inElsewhere-asFlat.md
2026-09-22T18:04:49.631Z - [32minfo[39m: Synchronizing opened pages list before reload
2026-09-22T18:04:49.633Z - [32minfo[39m: Current opened pages, from most-to-least recent:
2026-09-22T18:04:49.634Z - [32minfo[39m: 1. lessons/log/index
2026-09-22T18:04:50.639Z - [32minfo[39m: Rebuilding 1 pages
2026-09-22T18:04:50.781Z - [36mverbose[39m: Rendering page: /Users/damithch/Repos/git-mastery/git-mastery.github.io/lessons/log/index.md
2026-09-22T18:04:50.800Z - [32minfo[39m: Site data built
2026-09-22T18:04:50.800Z - [32minfo[39m: Pages rebuilt
2026-09-22T18:04:50.800Z - [32minfo[39m: Website regeneration complete! Total build time: 0.162s
2026-09-22T18:05:18.981Z - [32minfo[39m: [02:05:18] Reload for file change: /Users/damithch/Repos/git-mastery/git-mastery.github.io/_markbind/boilerplates/unit-inElsewhere-asFlat.md
2026-09-22T18:05:18.986Z - [32minfo[39m: Synchronizing opened pages list before reload
2026-09-22T18:05:18.986Z - [32minfo[39m: Current opened pages, from most-to-least recent:
2026-09-22T18:05:18.986Z - [32minfo[39m: 1. lessons/log/index
2026-09-22T18:05:18.989Z - [32minfo[39m: [02:05:18] Reload for file change: /Users/damithch/Repos/git-mastery/git-mastery.github.io/common/macros.njk
2026-09-22T18:05:18.989Z - [32minfo[39m: Synchronizing opened pages list before reload
2026-09-22T18:05:18.989Z - [32minfo[39m: Current opened pages, from most-to-least recent:
2026-09-22T18:05:18.989Z - [32minfo[39m: 1. lessons/log/index
2026-09-22T18:05:20.076Z - [32minfo[39m: Rebuilding 1 pages
2026-09-22T18:05:20.175Z - [36mverbose[39m: Rendering page: /Users/damithch/Repos/git-mastery/git-mastery.github.io/lessons/log/index.md
2026-09-22T18:05:20.189Z - [32minfo[39m: Site data built
2026-09-22T18:05:20.189Z - [32minfo[39m: Pages rebuilt
2026-09-22T18:05:20.189Z - [32minfo[39m: Website regeneration complete! Total build time: 0.122s
2026-09-22T18:07:24.077Z - [32minfo[39m: [02:07:24] Reload for file change: /Users/damithch/Repos/git-mastery/git-mastery.github.io/common/macros.njk
2026-09-22T18:07:24.083Z - [32minfo[39m: Synchronizing opened pages list before reload
2026-09-22T18:07:24.084Z - [32minfo[39m: Current opened pages, from most-to-least recent:
2026-09-22T18:07:24.084Z - [32minfo[39m: 1. lessons/log/index
2026-09-22T18:07:25.199Z - [32minfo[39m: Rebuilding 1 pages
2026-09-22T18:07:25.328Z - [36mverbose[39m: Rendering page: /Users/damithch/Repos/git-mastery/git-mastery.github.io/lessons/log/index.md
2026-09-22T18:07:25.347Z - [33mwarn[39m: You might have an invalid intra-link! Ignore this warning if it was intended.
'/all.html' found in file '/Users/damithch/Repos/git-mastery/git-mastery.github.io/lessons/log/text.md'
2026-09-22T18:07:25.348Z - [32minfo[39m: Site data built
2026-09-22T18:07:25.348Z - [32minfo[39m: Pages rebuilt
2026-09-22T18:07:25.348Z - [32minfo[39m: Website regeneration complete! Total build time: 0.16s
2026-09-22T18:07:52.007Z - [32minfo[39m: [02:07:51] Reload for file change: /Users/damithch/Repos/git-mastery/git-mastery.github.io/common/macros.njk
2026-09-22T18:07:52.017Z - [32minfo[39m: Synchronizing opened pages list before reload
2026-09-22T18:07:52.018Z - [32minfo[39m: No pages are currently opened
2026-09-22T18:07:53.089Z - [32minfo[39m: No pages needed to be rebuilt
2026-09-22T18:08:16.692Z - [32minfo[39m: Building /Users/damithch/Repos/git-mastery/git-mastery.github.io/lessons/log/index as some of its dependencies were changed since the last visit
2026-09-22T18:08:16.864Z - [36mverbose[39m: Rendering page: /Users/damithch/Repos/git-mastery/git-mastery.github.io/lessons/log/index.md
2026-09-22T18:08:16.878Z - [32minfo[39m: Site data built
2026-09-22T18:08:16.878Z - [32minfo[39m: Lazy website regeneration complete! Total build time: 0.188s
2026-09-22T18:08:24.605Z - [32minfo[39m: Building /Users/damithch/Repos/git-mastery/git-mastery.github.io/lessons/trail/recordingFolderHistory/all as some of its dependencies were changed since the last visit
2026-09-22T18:08:25.099Z - [36mverbose[39m: Rendering page: /Users/damithch/Repos/git-mastery/git-mastery.github.io/lessons/trail/recordingFolderHistory/all.md
2026-09-22T18:08:25.151Z - [32minfo[39m: Site data built
2026-09-22T18:08:25.151Z - [32minfo[39m: Lazy website regeneration complete! Total build time: 0.546s
2026-09-22T18:11:49.239Z - [32minfo[39m: [02:11:49] Reload for file change: /Users/damithch/Repos/git-mastery/git-mastery.github.io/lessons/trail/recordingFolderHistory/all.md
2026-09-22T18:11:49.242Z - [32minfo[39m: Synchronizing opened pages list before reload
2026-09-22T18:11:49.242Z - [32minfo[39m: Current opened pages, from most-to-least recent:
2026-09-22T18:11:49.242Z - [32minfo[39m: 1. lessons/log/index
2026-09-22T18:11:50.260Z - [32minfo[39m: No pages needed to be rebuilt
2026-09-22T18:12:10.753Z - [32minfo[39m: Building /Users/damithch/Repos/git-mastery/git-mastery.github.io/lessons/trail/recordingFolderHistory/index as some of its dependencies were changed since the last visit
2026-09-22T18:12:10.878Z - [36mverbose[39m: Rendering page: /Users/damithch/Repos/git-mastery/git-mastery.github.io/lessons/trail/recordingFolderHistory/index.md
2026-09-22T18:12:10.887Z - [32minfo[39m: Site data built
2026-09-22T18:12:10.887Z - [32minfo[39m: Lazy website regeneration complete! Total build time: 0.135s
2026-09-22T18:12:26.191Z - [32minfo[39m: Building /Users/damithch/Repos/git-mastery/git-mastery.github.io/lessons/trail/recordingFolderHistory/all as some of its dependencies were changed since the last visit
2026-09-22T18:12:26.761Z - [36mverbose[39m: Rendering page: /Users/damithch/Repos/git-mastery/git-mastery.github.io/lessons/trail/recordingFolderHistory/all.md
2026-09-22T18:12:26.817Z - [32minfo[39m: Site data built
2026-09-22T18:12:26.817Z - [32minfo[39m: Lazy website regeneration complete! Total build time: 0.628s
2026-09-22T18:12:43.470Z - [32minfo[39m: [02:12:43] Reload for file change: /Users/damithch/Repos/git-mastery/git-mastery.github.io/lessons/trail/recordingFolderHistory/all.md
2026-09-22T18:12:43.471Z - [32minfo[39m: Synchronizing opened pages list before reload
2026-09-22T18:12:43.472Z - [32minfo[39m: Current opened pages, from most-to-least recent:
2026-09-22T18:12:43.472Z - [32minfo[39m: 1. lessons/trail/recordingFolderHistory/all
2026-09-22T18:12:44.475Z - [32minfo[39m: Rebuilding 1 pages
2026-09-22T18:12:45.054Z - [36mverbose[39m: Rendering page: /Users/damithch/Repos/git-mastery/git-mastery.github.io/lessons/trail/recordingFolderHistory/all.md
2026-09-22T18:12:45.110Z - [32minfo[39m: Site data built
2026-09-22T18:12:45.110Z - [32minfo[39m: Pages rebuilt
2026-09-22T18:12:45.111Z - [32minfo[39m: Website regeneration complete! Total build time: 0.637s
2026-09-22T18:12:52.844Z - [32minfo[39m: [02:12:52] Reload for file change: /Users/damithch/Repos/git-mastery/git-mastery.github.io/lessons/trail/recordingFolderHistory/all.md
2026-09-22T18:12:52.845Z - [32minfo[39m: Synchronizing opened pages list before reload
2026-09-22T18:12:52.845Z - [32minfo[39m: Current opened pages, from most-to-least recent:
2026-09-22T18:12:52.845Z - [32minfo[39m: 1. lessons/trail/recordingFolderHistory/all
2026-09-22T18:12:53.847Z - [32minfo[39m: Rebuilding 1 pages
2026-09-22T18:12:54.386Z - [36mverbose[39m: Rendering page: /Users/damithch/Repos/git-mastery/git-mastery.github.io/lessons/trail/recordingFolderHistory/all.md
2026-09-22T18:12:54.430Z - [32minfo[39m: Site data built
2026-09-22T18:12:54.430Z - [32minfo[39m: Pages rebuilt
2026-09-22T18:12:54.431Z - [32minfo[39m: Website regeneration complete! Total build time: 0.584s
2026-09-22T18:15:57.786Z - [32minfo[39m: [02:15:57] Reload for file change: /Users/damithch/Repos/git-mastery/git-mastery.github.io/lessons/trail/recordingFolderHistory/all.md
2026-09-22T18:15:57.789Z - [32minfo[39m: Synchronizing opened pages list before reload
2026-09-22T18:15:57.789Z - [32minfo[39m: Current opened pages, from most-to-least recent:
2026-09-22T18:15:57.790Z - [32minfo[39m: 1. lessons/trail/recordingFolderHistory/index
2026-09-22T18:15:58.807Z - [32minfo[39m: No pages needed to be rebuilt
2026-09-22T18:21:45.250Z - [32minfo[39m: [02:21:45] Reload for file change: /Users/damithch/Repos/git-mastery/git-mastery.github.io/lessons/trail/recordingFolderHistory/all.md
2026-09-22T18:21:45.255Z - [32minfo[39m: Synchronizing opened pages list before reload
2026-09-22T18:21:45.260Z - [32minfo[39m: Current opened pages, from most-to-least recent:
2026-09-22T18:21:45.260Z - [32minfo[39m: 1. lessons/trail/recordingFolderHistory/index
2026-09-22T18:21:45.268Z - [32minfo[39m: [02:21:45] Reload for file add: /Users/damithch/Repos/git-mastery/git-mastery.github.io/lessons/trail/recordingFolderHistory/wrapup.md
2026-09-22T18:21:45.268Z - [32minfo[39m: Synchronizing opened pages list before reload
2026-09-22T18:21:45.268Z - [32minfo[39m: Current opened pages, from most-to-least recent:
2026-09-22T18:21:45.269Z - [32minfo[39m: 1. lessons/trail/recordingFolderHistory/index
2026-09-22T18:21:46.280Z - [32minfo[39m: No pages needed to be rebuilt
2026-09-22T18:21:46.353Z - [32minfo[39m: Assets built
2026-09-22T18:23:18.080Z - [32minfo[39m: [02:23:18] Reload for file deletion: /Users/damithch/Repos/git-mastery/git-mastery.github.io/lessons/trail/recordingFolderHistory/wrapup.md
2026-09-22T18:23:18.082Z - [32minfo[39m: Synchronizing opened pages list before reload
2026-09-22T18:23:18.082Z - [32minfo[39m: Current opened pages, from most-to-least recent:
2026-09-22T18:23:18.082Z - [32minfo[39m: 1. lessons/trail/recordingFolderHistory/index
2026-09-22T18:23:18.169Z - [32minfo[39m: [02:23:18] Reload for file add: /Users/damithch/Repos/git-mastery/git-mastery.github.io/lessons/trail/recordingFolderHistory/end.md
2026-09-22T18:23:18.169Z - [32minfo[39m: Synchronizing opened pages list before reload
2026-09-22T18:23:18.169Z - [32minfo[39m: Current opened pages, from most-to-least recent:
2026-09-22T18:23:18.169Z - [32minfo[39m: 1. lessons/trail/recordingFolderHistory/index
2026-09-22T18:23:19.167Z - [34mdebug[39m: Assets removed
2026-09-22T18:23:19.235Z - [32minfo[39m: Assets built
2026-09-22T18:24:14.340Z - [32minfo[39m: [02:24:14] Reload for file change: /Users/damithch/Repos/git-mastery/git-mastery.github.io/site.json
2026-09-22T18:24:14.341Z - [32minfo[39m: Synchronizing opened pages list before reload
2026-09-22T18:24:14.343Z - [32minfo[39m: Current opened pages, from most-to-least recent:
2026-09-22T18:24:14.344Z - [32minfo[39m: 1. lessons/trail/recordingFolderHistory/index
2026-09-22T18:24:14.520Z - [32minfo[39m: [02:24:14] Reload for file change: /Users/damithch/Repos/git-mastery/git-mastery.github.io/lessons/trail/recordingFolderHistory/index.md
2026-09-22T18:24:14.521Z - [32minfo[39m: Synchronizing opened pages list before reload
2026-09-22T18:24:14.521Z - [32minfo[39m: Current opened pages, from most-to-least recent:
2026-09-22T18:24:14.521Z - [32minfo[39m: 1. lessons/trail/recordingFolderHistory/index
2026-09-22T18:24:14.521Z - [32minfo[39m: [02:24:14] Reload for file change: /Users/damithch/Repos/git-mastery/git-mastery.github.io/lessons/trail/recordingFolderHistory/end.md
2026-09-22T18:24:14.521Z - [32minfo[39m: Synchronizing opened pages list before reload
2026-09-22T18:24:14.521Z - [32minfo[39m: Current opened pages, from most-to-least recent:
2026-09-22T18:24:14.521Z - [32minfo[39m: 1. lessons/trail/recordingFolderHistory/index
2026-09-22T18:24:14.521Z - [32minfo[39m: [02:24:14] Reload for file change: /Users/damithch/Repos/git-mastery/git-mastery.github.io/lessons/trail/recordingFolderHistory/text.md
2026-09-22T18:24:14.522Z - [32minfo[39m: Synchronizing opened pages list before reload
2026-09-22T18:24:14.522Z - [32minfo[39m: Current opened pages, from most-to-least recent:
2026-09-22T18:24:14.522Z - [32minfo[39m: 1. lessons/trail/recordingFolderHistory/index
2026-09-22T18:24:15.536Z - [32minfo[39m: Rebuilding 1 pages
2026-09-22T18:24:15.562Z - [31merror[39m: Template render error: (/Users/damithch/Repos/git-mastery/git-mastery.github.io/lessons/trail/recordingFolderHistory/text.md) [Line 29, Column 12]
  expected block end in if statement
    at Object._prettifyError (/opt/homebrew/lib/node_modules/markbind-cli/node_modules/nunjucks/src/lib.js:32:11)
    at Template.render (file:///opt/homebrew/lib/node_modules/markbind-cli/node_modules/@markbind/core/src/patches/nunjucks/context-overrides-frame.js:313:23)
    at file:///opt/homebrew/lib/node_modules/markbind-cli/node_modules/@markbind/core/src/patches/nunjucks/context-overrides-frame.js:55:31
    at createTemplate (file:///opt/homebrew/lib/node_modules/markbind-cli/node_modules/@markbind/core/src/patches/nunjucks/load-event.js:110:13)
    at handle (file:///opt/homebrew/lib/node_modules/markbind-cli/node_modules/@markbind/core/src/patches/nunjucks/load-event.js:123:17)
    at file:///opt/homebrew/lib/node_modules/markbind-cli/node_modules/@markbind/core/src/patches/nunjucks/load-event.js:134:13
    at next (/opt/homebrew/lib/node_modules/markbind-cli/node_modules/nunjucks/src/lib.js:258:7)
    at Object.asyncIter (/opt/homebrew/lib/node_modules/markbind-cli/node_modules/nunjucks/src/lib.js:263:3)
    at Environment.getTemplate (file:///opt/homebrew/lib/node_modules/markbind-cli/node_modules/@markbind/core/src/patches/nunjucks/load-event.js:116:9)
    at Environment.render (file:///opt/homebrew/lib/node_modules/markbind-cli/node_modules/@markbind/core/src/patches/nunjucks/context-overrides-frame.js:47:10)
2026-09-22T18:24:15.563Z - [31merror[39m: Template render error: (/Users/damithch/Repos/git-mastery/git-mastery.github.io/lessons/trail/recordingFolderHistory/text.md) [Line 29, Column 12]
  expected block end in if statement
    at Object._prettifyError (/opt/homebrew/lib/node_modules/markbind-cli/node_modules/nunjucks/src/lib.js:32:11)
    at Template.render (file:///opt/homebrew/lib/node_modules/markbind-cli/node_modules/@markbind/core/src/patches/nunjucks/context-overrides-frame.js:313:23)
    at file:///opt/homebrew/lib/node_modules/markbind-cli/node_modules/@markbind/core/src/patches/nunjucks/context-overrides-frame.js:55:31
    at Environment.getTemplate (file:///opt/homebrew/lib/node_modules/markbind-cli/node_modules/@markbind/core/src/patches/nunjucks/load-event.js:78:13)
    at Environment.render (file:///opt/homebrew/lib/node_modules/markbind-cli/node_modules/@markbind/core/src/patches/nunjucks/context-overrides-frame.js:47:10)
    at VariableRenderer.renderFile (file:///opt/homebrew/lib/node_modules/markbind-cli/node_modules/@markbind/core/src/variables/VariableRenderer.js:44:24)
    at VariableProcessor.renderWithSiteVariables (file:///opt/homebrew/lib/node_modules/markbind-cli/node_modules/@markbind/core/src/variables/VariableProcessor.js:125:57)
    at VariableProcessor.renderIncludeFile (file:///opt/homebrew/lib/node_modules/markbind-cli/node_modules/@markbind/core/src/variables/VariableProcessor.js:202:38)
    at processInclude (file:///opt/homebrew/lib/node_modules/markbind-cli/node_modules/@markbind/core/src/html/includePanelProcessor.js:166:68)
    at NodeProcessor.processNode (file:///opt/homebrew/lib/node_modules/markbind-cli/node_modules/@markbind/core/src/html/NodeProcessor.js:138:28)
2026-09-22T18:24:15.577Z - [32minfo[39m: Assets built
2026-09-22T18:24:15.580Z - [36mverbose[39m: Rendering page: /Users/damithch/Repos/git-mastery/git-mastery.github.io/lessons/trail/recordingFolderHistory/index.md
2026-09-22T18:24:15.591Z - [32minfo[39m: Site data built
2026-09-22T18:24:15.591Z - [32minfo[39m: Pages rebuilt
2026-09-22T18:24:15.591Z - [32minfo[39m: Website regeneration complete! Total build time: 0.063s
2026-09-22T18:24:16.528Z - [32minfo[39m: Pages or site config modified, updating pages...
2026-09-22T18:24:17.584Z - [32minfo[39m: Building /Users/damithch/Repos/git-mastery/git-mastery.github.io/lessons/trail/recordingFolderHistory/index as some of its dependencies were changed since the last visit
2026-09-22T18:24:17.608Z - [31merror[39m: Template render error: (/Users/damithch/Repos/git-mastery/git-mastery.github.io/lessons/trail/recordingFolderHistory/text.md) [Line 29, Column 12]
  expected block end in if statement
    at Object._prettifyError (/opt/homebrew/lib/node_modules/markbind-cli/node_modules/nunjucks/src/lib.js:32:11)
    at Template.render (file:///opt/homebrew/lib/node_modules/markbind-cli/node_modules/@markbind/core/src/patches/nunjucks/context-overrides-frame.js:313:23)
    at file:///opt/homebrew/lib/node_modules/markbind-cli/node_modules/@markbind/core/src/patches/nunjucks/context-overrides-frame.js:55:31
    at createTemplate (file:///opt/homebrew/lib/node_modules/markbind-cli/node_modules/@markbind/core/src/patches/nunjucks/load-event.js:110:13)
    at handle (file:///opt/homebrew/lib/node_modules/markbind-cli/node_modules/@markbind/core/src/patches/nunjucks/load-event.js:123:17)
    at file:///opt/homebrew/lib/node_modules/markbind-cli/node_modules/@markbind/core/src/patches/nunjucks/load-event.js:134:13
    at next (/opt/homebrew/lib/node_modules/markbind-cli/node_modules/nunjucks/src/lib.js:258:7)
    at Object.asyncIter (/opt/homebrew/lib/node_modules/markbind-cli/node_modules/nunjucks/src/lib.js:263:3)
    at Environment.getTemplate (file:///opt/homebrew/lib/node_modules/markbind-cli/node_modules/@markbind/core/src/patches/nunjucks/load-event.js:116:9)
    at Environment.render (file:///opt/homebrew/lib/node_modules/markbind-cli/node_modules/@markbind/core/src/patches/nunjucks/context-overrides-frame.js:47:10)
2026-09-22T18:24:17.608Z - [31merror[39m: Template render error: (/Users/damithch/Repos/git-mastery/git-mastery.github.io/lessons/trail/recordingFolderHistory/text.md) [Line 29, Column 12]
  expected block end in if statement
    at Object._prettifyError (/opt/homebrew/lib/node_modules/markbind-cli/node_modules/nunjucks/src/lib.js:32:11)
    at Template.render (file:///opt/homebrew/lib/node_modules/markbind-cli/node_modules/@markbind/core/src/patches/nunjucks/context-overrides-frame.js:313:23)
    at file:///opt/homebrew/lib/node_modules/markbind-cli/node_modules/@markbind/core/src/patches/nunjucks/context-overrides-frame.js:55:31
    at Environment.getTemplate (file:///opt/homebrew/lib/node_modules/markbind-cli/node_modules/@markbind/core/src/patches/nunjucks/load-event.js:78:13)
    at Environment.render (file:///opt/homebrew/lib/node_modules/markbind-cli/node_modules/@markbind/core/src/patches/nunjucks/context-overrides-frame.js:47:10)
    at VariableRenderer.renderFile (file:///opt/homebrew/lib/node_modules/markbind-cli/node_modules/@markbind/core/src/variables/VariableRenderer.js:44:24)
    at VariableProcessor.renderWithSiteVariables (file:///opt/homebrew/lib/node_modules/markbind-cli/node_modules/@markbind/core/src/variables/VariableProcessor.js:125:57)
    at VariableProcessor.renderIncludeFile (file:///opt/homebrew/lib/node_modules/markbind-cli/node_modules/@markbind/core/src/variables/VariableProcessor.js:202:38)
    at processInclude (file:///opt/homebrew/lib/node_modules/markbind-cli/node_modules/@markbind/core/src/html/includePanelProcessor.js:166:68)
    at NodeProcessor.processNode (file:///opt/homebrew/lib/node_modules/markbind-cli/node_modules/@markbind/core/src/html/NodeProcessor.js:138:28)
2026-09-22T18:24:17.641Z - [36mverbose[39m: Rendering page: /Users/damithch/Repos/git-mastery/git-mastery.github.io/lessons/trail/recordingFolderHistory/index.md
2026-09-22T18:24:17.645Z - [32minfo[39m: Site data built
2026-09-22T18:24:17.646Z - [32minfo[39m: Lazy website regeneration complete! Total build time: 0.063s
2026-09-22T18:24:17.646Z - [32minfo[39m: Site data built
2026-09-22T18:25:13.045Z - [32minfo[39m: [02:25:13] Reload for file change: /Users/damithch/Repos/git-mastery/git-mastery.github.io/lessons/trail/recordingFolderHistory/text.md
2026-09-22T18:25:13.046Z - [32minfo[39m: Synchronizing opened pages list before reload
2026-09-22T18:25:13.047Z - [32minfo[39m: Current opened pages, from most-to-least recent:
2026-09-22T18:25:13.047Z - [32minfo[39m: 1. lessons/trail/recordingFolderHistory/index
2026-09-22T18:25:14.062Z - [32minfo[39m: Rebuilding 1 pages
2026-09-22T18:25:14.086Z - [31merror[39m: Template render error: (/Users/damithch/Repos/git-mastery/git-mastery.github.io/lessons/trail/recordingFolderHistory/text.md) [Line 29, Column 12]
  expected block end in if statement
    at Object._prettifyError (/opt/homebrew/lib/node_modules/markbind-cli/node_modules/nunjucks/src/lib.js:32:11)
    at Template.render (file:///opt/homebrew/lib/node_modules/markbind-cli/node_modules/@markbind/core/src/patches/nunjucks/context-overrides-frame.js:313:23)
    at file:///opt/homebrew/lib/node_modules/markbind-cli/node_modules/@markbind/core/src/patches/nunjucks/context-overrides-frame.js:55:31
    at createTemplate (file:///opt/homebrew/lib/node_modules/markbind-cli/node_modules/@markbind/core/src/patches/nunjucks/load-event.js:110:13)
    at handle (file:///opt/homebrew/lib/node_modules/markbind-cli/node_modules/@markbind/core/src/patches/nunjucks/load-event.js:123:17)
    at file:///opt/homebrew/lib/node_modules/markbind-cli/node_modules/@markbind/core/src/patches/nunjucks/load-event.js:134:13
    at next (/opt/homebrew/lib/node_modules/markbind-cli/node_modules/nunjucks/src/lib.js:258:7)
    at Object.asyncIter (/opt/homebrew/lib/node_modules/markbind-cli/node_modules/nunjucks/src/lib.js:263:3)
    at Environment.getTemplate (file:///opt/homebrew/lib/node_modules/markbind-cli/node_modules/@markbind/core/src/patches/nunjucks/load-event.js:116:9)
    at Environment.render (file:///opt/homebrew/lib/node_modules/markbind-cli/node_modules/@markbind/core/src/patches/nunjucks/context-overrides-frame.js:47:10)
2026-09-22T18:25:14.087Z - [31merror[39m: Template render error: (/Users/damithch/Repos/git-mastery/git-mastery.github.io/lessons/trail/recordingFolderHistory/text.md) [Line 29, Column 12]
  expected block end in if statement
    at Object._prettifyError (/opt/homebrew/lib/node_modules/markbind-cli/node_modules/nunjucks/src/lib.js:32:11)
    at Template.render (file:///opt/homebrew/lib/node_modules/markbind-cli/node_modules/@markbind/core/src/patches/nunjucks/context-overrides-frame.js:313:23)
    at file:///opt/homebrew/lib/node_modules/markbind-cli/node_modules/@markbind/core/src/patches/nunjucks/context-overrides-frame.js:55:31
    at Environment.getTemplate (file:///opt/homebrew/lib/node_modules/markbind-cli/node_modules/@markbind/core/src/patches/nunjucks/load-event.js:78:13)
    at Environment.render (file:///opt/homebrew/lib/node_modules/markbind-cli/node_modules/@markbind/core/src/patches/nunjucks/context-overrides-frame.js:47:10)
    at VariableRenderer.renderFile (file:///opt/homebrew/lib/node_modules/markbind-cli/node_modules/@markbind/core/src/variables/VariableRenderer.js:44:24)
    at VariableProcessor.renderWithSiteVariables (file:///opt/homebrew/lib/node_modules/markbind-cli/node_modules/@markbind/core/src/variables/VariableProcessor.js:125:57)
    at VariableProcessor.renderIncludeFile (file:///opt/homebrew/lib/node_modules/markbind-cli/node_modules/@markbind/core/src/variables/VariableProcessor.js:202:38)
    at processInclude (file:///opt/homebrew/lib/node_modules/markbind-cli/node_modules/@markbind/core/src/html/includePanelProcessor.js:166:68)
    at NodeProcessor.processNode (file:///opt/homebrew/lib/node_modules/markbind-cli/node_modules/@markbind/core/src/html/NodeProcessor.js:138:28)
2026-09-22T18:25:14.096Z - [36mverbose[39m: Rendering page: /Users/damithch/Repos/git-mastery/git-mastery.github.io/lessons/trail/recordingFolderHistory/index.md
2026-09-22T18:25:14.102Z - [32minfo[39m: Site data built
2026-09-22T18:25:14.102Z - [32minfo[39m: Pages rebuilt
2026-09-22T18:25:14.102Z - [32minfo[39m: Website regeneration complete! Total build time: 0.052s
2026-09-22T18:26:51.879Z - [32minfo[39m: [02:26:51] Reload for file change: /Users/damithch/Repos/git-mastery/git-mastery.github.io/common/macros.njk
2026-09-22T18:26:51.883Z - [32minfo[39m: Synchronizing opened pages list before reload
2026-09-22T18:26:51.884Z - [32minfo[39m: Current opened pages, from most-to-least recent:
2026-09-22T18:26:51.884Z - [32minfo[39m: 1. lessons/trail/recordingFolderHistory/index
2026-09-22T18:26:51.885Z - [32minfo[39m: [02:26:51] Reload for file change: /Users/damithch/Repos/git-mastery/git-mastery.github.io/lessons/trail/recordingFolderHistory/text.md
2026-09-22T18:26:51.885Z - [32minfo[39m: Synchronizing opened pages list before reload
2026-09-22T18:26:51.887Z - [32minfo[39m: Current opened pages, from most-to-least recent:
2026-09-22T18:26:51.887Z - [32minfo[39m: 1. lessons/trail/recordingFolderHistory/index
2026-09-22T18:26:52.921Z - [33mwarn[39m: Template render error: (/Users/damithch/Repos/git-mastery/git-mastery.github.io/_markbind/layouts/lessons.md)
  Template render error: (/Users/damithch/Repos/git-mastery/git-mastery.github.io/_markbind/layouts/lessons.md)
  Template render error: (/Users/damithch/Repos/git-mastery/git-mastery.github.io/_markbind/layouts/navbar.md)
  Template render error: (/Users/damithch/Repos/git-mastery/git-mastery.github.io/_markbind/layouts/lessons.md) [Line 834, Column 12]
  expected block end in if statement
    at Object._prettifyError (/opt/homebrew/lib/node_modules/markbind-cli/node_modules/nunjucks/src/lib.js:32:11)
    at file:///opt/homebrew/lib/node_modules/markbind-cli/node_modules/@markbind/core/src/patches/nunjucks/context-overrides-frame.js:336:23
    at Template.root [as rootRenderFunc] (eval at _compile (/opt/homebrew/lib/node_modules/markbind-cli/node_modules/nunjucks/src/environment.js:527:18), <anonymous>:277:3)
    at Template.render (file:///opt/homebrew/lib/node_modules/markbind-cli/node_modules/@markbind/core/src/patches/nunjucks/context-overrides-frame.js:326:10)
    at file:///opt/homebrew/lib/node_modules/markbind-cli/node_modules/@markbind/core/src/patches/nunjucks/context-overrides-frame.js:55:31
    at createTemplate (file:///opt/homebrew/lib/node_modules/markbind-cli/node_modules/@markbind/core/src/patches/nunjucks/load-event.js:110:13)
    at handle (file:///opt/homebrew/lib/node_modules/markbind-cli/node_modules/@markbind/core/src/patches/nunjucks/load-event.js:123:17)
    at file:///opt/homebrew/lib/node_modules/markbind-cli/node_modules/@markbind/core/src/patches/nunjucks/load-event.js:134:13
    at next (/opt/homebrew/lib/node_modules/markbind-cli/node_modules/nunjucks/src/lib.js:258:7)
    at Object.asyncIter (/opt/homebrew/lib/node_modules/markbind-cli/node_modules/nunjucks/src/lib.js:263:3)
2026-09-22T18:28:29.487Z - [32minfo[39m: [02:28:29] Reload for file change: /Users/damithch/Repos/git-mastery/git-mastery.github.io/common/macros.njk
2026-09-22T18:28:29.491Z - [32minfo[39m: Synchronizing opened pages list before reload
2026-09-22T18:28:29.492Z - [32minfo[39m: No pages are currently opened
2026-09-22T18:28:30.512Z - [32minfo[39m: No pages needed to be rebuilt
2026-09-22T18:28:36.608Z - [32minfo[39m: Website generation (lazy) started at 02:28:36
2026-09-22T18:28:36.944Z - [32minfo[39m: Building assets...
2026-09-22T18:28:37.093Z - [32minfo[39m: Assets built
2026-09-22T18:28:37.093Z - [32minfo[39m: Generating landing page...
2026-09-22T18:28:37.178Z - [36mverbose[39m: Rendering page: /Users/damithch/Repos/git-mastery/git-mastery.github.io/index.md
2026-09-22T18:28:37.192Z - [32minfo[39m: Landing page built, other pages will be built as you navigate to them!
2026-09-22T18:28:37.311Z - [32minfo[39m: Site data built
2026-09-22T18:28:37.311Z - [32minfo[39m: Website generation (lazy) complete! Total build time: 0.732s
2026-09-22T18:28:37.331Z - [32minfo[39m: Serving "/Users/damithch/Repos/git-mastery/git-mastery.github.io/_site" at http://127.0.0.1:8080
2026-09-22T18:28:37.332Z - [32minfo[39m: Press CTRL+C to stop ...
2026-09-22T18:28:39.319Z - [32minfo[39m: Building /Users/damithch/Repos/git-mastery/git-mastery.github.io/versions/cs2103/insertions as some of its dependencies were changed since the last visit
2026-09-22T18:28:39.360Z - [36mverbose[39m: Rendering page: /Users/damithch/Repos/git-mastery/git-mastery.github.io/versions/cs2103/insertions.md
2026-09-22T18:28:39.364Z - [32minfo[39m: Site data built
2026-09-22T18:28:39.364Z - [32minfo[39m: Lazy website regeneration complete! Total build time: 0.048s
2026-09-22T18:29:00.110Z - [32minfo[39m: Building /Users/damithch/Repos/git-mastery/git-mastery.github.io/lessons/index as some of its dependencies were changed since the last visit
2026-09-22T18:29:00.554Z - [36mverbose[39m: Rendering page: /Users/damithch/Repos/git-mastery/git-mastery.github.io/lessons/index.md
2026-09-22T18:29:00.495Z - [33mwarn[39m: You might have an invalid intra-link! Ignore this warning if it was intended.
'/lessons/trail/backingUpOnCloud/all.html' found in file '/Users/damithch/Repos/git-mastery/git-mastery.github.io/lessons/trail/text.md'
2026-09-22T18:29:00.495Z - [33mwarn[39m: You might have an invalid intra-link! Ignore this warning if it was intended.
'/lessons/trail/workingWithRemotes/all.html' found in file '/Users/damithch/Repos/git-mastery/git-mastery.github.io/lessons/trail/text.md'
2026-09-22T18:29:00.496Z - [33mwarn[39m: You might have an invalid intra-link! Ignore this warning if it was intended.
'/lessons/trail/usingRevisionHistory/all.html' found in file '/Users/damithch/Repos/git-mastery/git-mastery.github.io/lessons/trail/text.md'
2026-09-22T18:29:00.496Z - [33mwarn[39m: You might have an invalid intra-link! Ignore this warning if it was intended.
'/lessons/trail/fineTuningHistory/all.html' found in file '/Users/damithch/Repos/git-mastery/git-mastery.github.io/lessons/trail/text.md'
2026-09-22T18:29:00.496Z - [33mwarn[39m: You might have an invalid intra-link! Ignore this warning if it was intended.
'/lessons/trail/branchingLocally/all.html' found in file '/Users/damithch/Repos/git-mastery/git-mastery.github.io/lessons/trail/text.md'
2026-09-22T18:29:00.496Z - [33mwarn[39m: You might have an invalid intra-link! Ignore this warning if it was intended.
'/lessons/trail/syncingBranches/all.html' found in file '/Users/damithch/Repos/git-mastery/git-mastery.github.io/lessons/trail/text.md'
2026-09-22T18:29:00.496Z - [33mwarn[39m: You might have an invalid intra-link! Ignore this warning if it was intended.
'/lessons/trail/remoteBranches/all.html' found in file '/Users/damithch/Repos/git-mastery/git-mastery.github.io/lessons/trail/text.md'
2026-09-22T18:29:00.497Z - [33mwarn[39m: You might have an invalid intra-link! Ignore this warning if it was intended.
'/lessons/trail/workingWithPrs/all.html' found in file '/Users/damithch/Repos/git-mastery/git-mastery.github.io/lessons/trail/text.md'
2026-09-22T18:29:00.497Z - [33mwarn[39m: You might have an invalid intra-link! Ignore this warning if it was intended.
'/lessons/trail/managingProjects/all.html' found in file '/Users/damithch/Repos/git-mastery/git-mastery.github.io/lessons/trail/text.md'
2026-09-22T18:29:00.498Z - [32minfo[39m: Site data built
2026-09-22T18:29:00.498Z - [32minfo[39m: Lazy website regeneration complete! Total build time: 0.388s
2026-09-22T18:30:44.169Z - [32minfo[39m: Building /Users/damithch/Repos/git-mastery/git-mastery.github.io/lessons/trail/recordingFolderHistory/index as some of its dependencies were changed since the last visit
2026-09-22T18:30:44.240Z - [31merror[39m: No such file: /Users/damithch/Repos/git-mastery/git-mastery.github.io/lessons/trail/undefined/text.md
Missing reference in /Users/damithch/Repos/git-mastery/git-mastery.github.io/lessons/trail/recordingFolderHistory/text.md
2026-09-22T18:30:44.241Z - [31merror[39m: No such file: /Users/damithch/Repos/git-mastery/git-mastery.github.io/lessons/trail/undefined/text.md
Missing reference in /Users/damithch/Repos/git-mastery/git-mastery.github.io/lessons/trail/recordingFolderHistory/text.md
2026-09-22T18:30:44.265Z - [36mverbose[39m: Rendering page: /Users/damithch/Repos/git-mastery/git-mastery.github.io/lessons/trail/recordingFolderHistory/index.md
2026-09-22T18:30:44.276Z - [32minfo[39m: Site data built
2026-09-22T18:30:44.276Z - [32minfo[39m: Lazy website regeneration complete! Total build time: 0.108s
2026-09-22T18:31:36.111Z - [32minfo[39m: [02:31:36] Reload for file change: /Users/damithch/Repos/git-mastery/git-mastery.github.io/lessons/trail/recordingFolderHistory/text.md
2026-09-22T18:31:36.115Z - [32minfo[39m: Synchronizing opened pages list before reload
2026-09-22T18:31:36.116Z - [32minfo[39m: Current opened pages, from most-to-least recent:
2026-09-22T18:31:36.116Z - [32minfo[39m: 1. lessons/trail/recordingFolderHistory/index
2026-09-22T18:31:37.126Z - [32minfo[39m: Rebuilding 1 pages
2026-09-22T18:31:37.162Z - [31merror[39m: No such file: /Users/damithch/Repos/git-mastery/git-mastery.github.io/lessons/trail/undefined/text.md
Missing reference in /Users/damithch/Repos/git-mastery/git-mastery.github.io/lessons/trail/recordingFolderHistory/text.md
2026-09-22T18:31:37.163Z - [31merror[39m: No such file: /Users/damithch/Repos/git-mastery/git-mastery.github.io/lessons/trail/undefined/text.md
Missing reference in /Users/damithch/Repos/git-mastery/git-mastery.github.io/lessons/trail/recordingFolderHistory/text.md
2026-09-22T18:31:37.181Z - [36mverbose[39m: Rendering page: /Users/damithch/Repos/git-mastery/git-mastery.github.io/lessons/trail/recordingFolderHistory/index.md
2026-09-22T18:31:37.191Z - [32minfo[39m: Site data built
2026-09-22T18:31:37.191Z - [32minfo[39m: Pages rebuilt
2026-09-22T18:31:37.191Z - [32minfo[39m: Website regeneration complete! Total build time: 0.068s
2026-09-22T18:31:53.346Z - [32minfo[39m: [02:31:53] Reload for file change: /Users/damithch/Repos/git-mastery/git-mastery.github.io/lessons/trail/recordingFolderHistory/text.md
2026-09-22T18:31:53.352Z - [32minfo[39m: Synchronizing opened pages list before reload
2026-09-22T18:31:53.354Z - [32minfo[39m: Current opened pages, from most-to-least recent:
2026-09-22T18:31:53.354Z - [32minfo[39m: 1. lessons/trail/recordingFolderHistory/index
2026-09-22T18:31:54.359Z - [32minfo[39m: Rebuilding 1 pages
2026-09-22T18:31:54.404Z - [31merror[39m: No such file: /Users/damithch/Repos/git-mastery/git-mastery.github.io/lessons/trail/undefined/text.md
Missing reference in /Users/damithch/Repos/git-mastery/git-mastery.github.io/lessons/trail/recordingFolderHistory/text.md
2026-09-22T18:31:54.404Z - [31merror[39m: No such file: /Users/damithch/Repos/git-mastery/git-mastery.github.io/lessons/trail/undefined/text.md
Missing reference in /Users/damithch/Repos/git-mastery/git-mastery.github.io/lessons/trail/recordingFolderHistory/text.md
2026-09-22T18:31:54.423Z - [36mverbose[39m: Rendering page: /Users/damithch/Repos/git-mastery/git-mastery.github.io/lessons/trail/recordingFolderHistory/index.md
2026-09-22T18:31:54.430Z - [32minfo[39m: Site data built
2026-09-22T18:31:54.431Z - [32minfo[39m: Pages rebuilt
2026-09-22T18:31:54.431Z - [32minfo[39m: Website regeneration complete! Total build time: 0.074s
2026-09-22T18:32:36.017Z - [32minfo[39m: [02:32:36] Reload for file change: /Users/damithch/Repos/git-mastery/git-mastery.github.io/lessons/trail/recordingFolderHistory/text.md
2026-09-22T18:32:36.018Z - [32minfo[39m: Synchronizing opened pages list before reload
2026-09-22T18:32:36.019Z - [32minfo[39m: Current opened pages, from most-to-least recent:
2026-09-22T18:32:36.019Z - [32minfo[39m: 1. lessons/trail/recordingFolderHistory/index
2026-09-22T18:32:37.026Z - [32minfo[39m: Rebuilding 1 pages
2026-09-22T18:32:37.120Z - [36mverbose[39m: Rendering page: /Users/damithch/Repos/git-mastery/git-mastery.github.io/lessons/trail/recordingFolderHistory/index.md
2026-09-22T18:32:37.127Z - [32minfo[39m: Site data built
2026-09-22T18:32:37.127Z - [32minfo[39m: Pages rebuilt
2026-09-22T18:32:37.127Z - [32minfo[39m: Website regeneration complete! Total build time: 0.106s
2026-09-22T18:32:46.708Z - [32minfo[39m: Building /Users/damithch/Repos/git-mastery/git-mastery.github.io/lessons/intro/index as some of its dependencies were changed since the last visit
2026-09-22T18:32:46.766Z - [36mverbose[39m: Rendering page: /Users/damithch/Repos/git-mastery/git-mastery.github.io/lessons/intro/index.md
2026-09-22T18:32:46.772Z - [32minfo[39m: Site data built
2026-09-22T18:32:46.772Z - [32minfo[39m: Lazy website regeneration complete! Total build time: 0.066s
2026-09-22T18:33:27.444Z - [32minfo[39m: Building /Users/damithch/Repos/git-mastery/git-mastery.github.io/lessons/trail/recordingFolderHistory/end as some of its dependencies were changed since the last visit
2026-09-22T18:33:27.493Z - [36mverbose[39m: Rendering page: /Users/damithch/Repos/git-mastery/git-mastery.github.io/lessons/trail/recordingFolderHistory/end.md
2026-09-22T18:33:27.499Z - [32minfo[39m: Site data built
2026-09-22T18:33:27.499Z - [32minfo[39m: Lazy website regeneration complete! Total build time: 0.056s
2026-09-22T18:33:37.558Z - [32minfo[39m: Building /Users/damithch/Repos/git-mastery/git-mastery.github.io/lessons/trail/recordingFolderHistory/all as some of its dependencies were changed since the last visit
2026-09-22T18:33:38.076Z - [36mverbose[39m: Rendering page: /Users/damithch/Repos/git-mastery/git-mastery.github.io/lessons/trail/recordingFolderHistory/all.md
2026-09-22T18:33:38.134Z - [32minfo[39m: Site data built
2026-09-22T18:33:38.134Z - [32minfo[39m: Lazy website regeneration complete! Total build time: 0.576s
2026-09-22T18:34:30.358Z - [32minfo[39m: [02:34:30] Reload for file change: /Users/damithch/Repos/git-mastery/git-mastery.github.io/common/macros.njk
2026-09-22T18:34:30.362Z - [32minfo[39m: Synchronizing opened pages list before reload
2026-09-22T18:34:30.363Z - [32minfo[39m: Current opened pages, from most-to-least recent:
2026-09-22T18:34:30.363Z - [32minfo[39m: 1. lessons/trail/recordingFolderHistory/all
2026-09-22T18:34:31.464Z - [32minfo[39m: Rebuilding 1 pages
2026-09-22T18:34:31.968Z - [36mverbose[39m: Rendering page: /Users/damithch/Repos/git-mastery/git-mastery.github.io/lessons/trail/recordingFolderHistory/all.md
2026-09-22T18:34:32.038Z - [32minfo[39m: Site data built
2026-09-22T18:34:32.038Z - [32minfo[39m: Pages rebuilt
2026-09-22T18:34:32.038Z - [32minfo[39m: Website regeneration complete! Total build time: 0.583s
2026-09-22T18:35:14.725Z - [32minfo[39m: [02:35:14] Reload for file change: /Users/damithch/Repos/git-mastery/git-mastery.github.io/common/macros.njk
2026-09-22T18:35:14.726Z - [32minfo[39m: Synchronizing opened pages list before reload
2026-09-22T18:35:14.727Z - [32minfo[39m: Current opened pages, from most-to-least recent:
2026-09-22T18:35:14.727Z - [32minfo[39m: 1. lessons/trail/recordingFolderHistory/all
2026-09-22T18:35:15.807Z - [32minfo[39m: Rebuilding 1 pages
2026-09-22T18:35:16.296Z - [36mverbose[39m: Rendering page: /Users/damithch/Repos/git-mastery/git-mastery.github.io/lessons/trail/recordingFolderHistory/all.md
2026-09-22T18:35:16.354Z - [32minfo[39m: Site data built
2026-09-22T18:35:16.354Z - [32minfo[39m: Pages rebuilt
2026-09-22T18:35:16.354Z - [32minfo[39m: Website regeneration complete! Total build time: 0.548s
2026-09-22T18:36:44.429Z - [32minfo[39m: Building /Users/damithch/Repos/git-mastery/git-mastery.github.io/lessons/trail/recordingFolderHistory/index as some of its dependencies were changed since the last visit
2026-09-22T18:36:44.568Z - [36mverbose[39m: Rendering page: /Users/damithch/Repos/git-mastery/git-mastery.github.io/lessons/trail/recordingFolderHistory/index.md
2026-09-22T18:36:44.576Z - [32minfo[39m: Site data built
2026-09-22T18:36:44.577Z - [32minfo[39m: Lazy website regeneration complete! Total build time: 0.151s
2026-09-22T18:44:50.885Z - [32minfo[39m: [02:44:50] Reload for file change: /Users/damithch/Repos/git-mastery/git-mastery.github.io/_markbind/layouts/lessons.md
2026-09-22T18:44:50.891Z - [32minfo[39m: Synchronizing opened pages list before reload
2026-09-22T18:44:50.893Z - [32minfo[39m: Current opened pages, from most-to-least recent:
2026-09-22T18:44:50.893Z - [32minfo[39m: 1. lessons/trail/recordingFolderHistory/index
2026-09-22T18:44:51.987Z - [32minfo[39m: Rebuilding 1 pages
2026-09-22T18:44:52.046Z - [36mverbose[39m: Rendering page: /Users/damithch/Repos/git-mastery/git-mastery.github.io/lessons/trail/recordingFolderHistory/index.md
2026-09-22T18:44:52.054Z - [33mwarn[39m: You might have an invalid intra-link! Ignore this warning if it was intended.
'/lessons/trail/backingUpOnCloud/end.html' found in file '/Users/damithch/Repos/git-mastery/git-mastery.github.io/_markbind/layouts/lessons.md'
2026-09-22T18:44:52.054Z - [33mwarn[39m: You might have an invalid intra-link! Ignore this warning if it was intended.
'/lessons/trail/workingWithRemotes/end.html' found in file '/Users/damithch/Repos/git-mastery/git-mastery.github.io/_markbind/layouts/lessons.md'
2026-09-22T18:44:52.054Z - [33mwarn[39m: You might have an invalid intra-link! Ignore this warning if it was intended.
'/lessons/trail/usingRevisionHistory/end.html' found in file '/Users/damithch/Repos/git-mastery/git-mastery.github.io/_markbind/layouts/lessons.md'
2026-09-22T18:44:52.054Z - [33mwarn[39m: You might have an invalid intra-link! Ignore this warning if it was intended.
'/lessons/trail/fineTuningHistory/end.html' found in file '/Users/damithch/Repos/git-mastery/git-mastery.github.io/_markbind/layouts/lessons.md'
2026-09-22T18:44:52.054Z - [33mwarn[39m: You might have an invalid intra-link! Ignore this warning if it was intended.
'/lessons/trail/branchingLocally/end.html' found in file '/Users/damithch/Repos/git-mastery/git-mastery.github.io/_markbind/layouts/lessons.md'
2026-09-22T18:44:52.054Z - [33mwarn[39m: You might have an invalid intra-link! Ignore this warning if it was intended.
'/lessons/trail/syncingBranches/end.html' found in file '/Users/damithch/Repos/git-mastery/git-mastery.github.io/_markbind/layouts/lessons.md'
2026-09-22T18:44:52.054Z - [33mwarn[39m: You might have an invalid intra-link! Ignore this warning if it was intended.
'/lessons/trail/remoteBranches/end.html' found in file '/Users/damithch/Repos/git-mastery/git-mastery.github.io/_markbind/layouts/lessons.md'
2026-09-22T18:44:52.055Z - [33mwarn[39m: You might have an invalid intra-link! Ignore this warning if it was intended.
'/lessons/trail/workingWithPrs/end.html' found in file '/Users/damithch/Repos/git-mastery/git-mastery.github.io/_markbind/layouts/lessons.md'
2026-09-22T18:44:52.055Z - [33mwarn[39m: You might have an invalid intra-link! Ignore this warning if it was intended.
'/lessons/trail/managingProjects/end.html' found in file '/Users/damithch/Repos/git-mastery/git-mastery.github.io/_markbind/layouts/lessons.md'
2026-09-22T18:44:52.059Z - [32minfo[39m: Site data built
2026-09-22T18:44:52.059Z - [32minfo[39m: Pages rebuilt
2026-09-22T18:44:52.059Z - [32minfo[39m: Website regeneration complete! Total build time: 0.081s
2026-09-22T18:45:05.514Z - [32minfo[39m: Building /Users/damithch/Repos/git-mastery/git-mastery.github.io/lessons/trail/recordingFolderHistory/end as some of its dependencies were changed since the last visit
2026-09-22T18:45:05.583Z - [36mverbose[39m: Rendering page: /Users/damithch/Repos/git-mastery/git-mastery.github.io/lessons/trail/recordingFolderHistory/end.md
2026-09-22T18:45:05.592Z - [32minfo[39m: Site data built
2026-09-22T18:45:05.592Z - [32minfo[39m: Lazy website regeneration complete! Total build time: 0.08s
2026-09-22T18:46:49.182Z - [32minfo[39m: [02:46:49] Reload for file change: /Users/damithch/Repos/git-mastery/git-mastery.github.io/common/macros.njk
2026-09-22T18:46:49.184Z - [32minfo[39m: Synchronizing opened pages list before reload
2026-09-22T18:46:49.185Z - [32minfo[39m: Current opened pages, from most-to-least recent:
2026-09-22T18:46:49.185Z - [32minfo[39m: 1. lessons/trail/recordingFolderHistory/end
2026-09-22T18:46:50.263Z - [32minfo[39m: Rebuilding 1 pages
2026-09-22T18:46:50.290Z - [36mverbose[39m: Rendering page: /Users/damithch/Repos/git-mastery/git-mastery.github.io/lessons/trail/recordingFolderHistory/end.md
2026-09-22T18:46:50.295Z - [33mwarn[39m: You might have an invalid intra-link! Ignore this warning if it was intended.
'/lessons/trail/backingUpOnCloud/end.html' found in file '/Users/damithch/Repos/git-mastery/git-mastery.github.io/_markbind/layouts/lessons.md'
2026-09-22T18:46:50.295Z - [33mwarn[39m: You might have an invalid intra-link! Ignore this warning if it was intended.
'/lessons/trail/workingWithRemotes/end.html' found in file '/Users/damithch/Repos/git-mastery/git-mastery.github.io/_markbind/layouts/lessons.md'
2026-09-22T18:46:50.295Z - [33mwarn[39m: You might have an invalid intra-link! Ignore this warning if it was intended.
'/lessons/trail/usingRevisionHistory/end.html' found in file '/Users/damithch/Repos/git-mastery/git-mastery.github.io/_markbind/layouts/lessons.md'
2026-09-22T18:46:50.295Z - [33mwarn[39m: You might have an invalid intra-link! Ignore this warning if it was intended.
'/lessons/trail/fineTuningHistory/end.html' found in file '/Users/damithch/Repos/git-mastery/git-mastery.github.io/_markbind/layouts/lessons.md'
2026-09-22T18:46:50.295Z - [33mwarn[39m: You might have an invalid intra-link! Ignore this warning if it was intended.
'/lessons/trail/branchingLocally/end.html' found in file '/Users/damithch/Repos/git-mastery/git-mastery.github.io/_markbind/layouts/lessons.md'
2026-09-22T18:46:50.295Z - [33mwarn[39m: You might have an invalid intra-link! Ignore this warning if it was intended.
'/lessons/trail/syncingBranches/end.html' found in file '/Users/damithch/Repos/git-mastery/git-mastery.github.io/_markbind/layouts/lessons.md'
2026-09-22T18:46:50.295Z - [33mwarn[39m: You might have an invalid intra-link! Ignore this warning if it was intended.
'/lessons/trail/remoteBranches/end.html' found in file '/Users/damithch/Repos/git-mastery/git-mastery.github.io/_markbind/layouts/lessons.md'
2026-09-22T18:46:50.296Z - [33mwarn[39m: You might have an invalid intra-link! Ignore this warning if it was intended.
'/lessons/trail/workingWithPrs/end.html' found in file '/Users/damithch/Repos/git-mastery/git-mastery.github.io/_markbind/layouts/lessons.md'
2026-09-22T18:46:50.296Z - [33mwarn[39m: You might have an invalid intra-link! Ignore this warning if it was intended.
'/lessons/trail/managingProjects/end.html' found in file '/Users/damithch/Repos/git-mastery/git-mastery.github.io/_markbind/layouts/lessons.md'
2026-09-22T18:46:50.301Z - [32minfo[39m: Site data built
2026-09-22T18:46:50.301Z - [32minfo[39m: Pages rebuilt
2026-09-22T18:46:50.301Z - [32minfo[39m: Website regeneration complete! Total build time: 0.052s
2026-09-22T18:47:19.399Z - [32minfo[39m: Building /Users/damithch/Repos/git-mastery/git-mastery.github.io/lessons/trail/recordingFolderHistory/index as some of its dependencies were changed since the last visit
2026-09-22T18:47:19.524Z - [36mverbose[39m: Rendering page: /Users/damithch/Repos/git-mastery/git-mastery.github.io/lessons/trail/recordingFolderHistory/index.md
2026-09-22T18:47:19.534Z - [32minfo[39m: Site data built
2026-09-22T18:47:19.535Z - [32minfo[39m: Lazy website regeneration complete! Total build time: 0.135s
2026-09-22T18:47:55.885Z - [32minfo[39m: [02:47:55] Reload for file change: /Users/damithch/Repos/git-mastery/git-mastery.github.io/common/macros.njk
2026-09-22T18:47:55.890Z - [32minfo[39m: Synchronizing opened pages list before reload
2026-09-22T18:47:55.891Z - [32minfo[39m: Current opened pages, from most-to-least recent:
2026-09-22T18:47:55.891Z - [32minfo[39m: 1. lessons/trail/recordingFolderHistory/end
2026-09-22T18:47:56.981Z - [32minfo[39m: Rebuilding 1 pages
2026-09-22T18:47:56.999Z - [36mverbose[39m: Rendering page: /Users/damithch/Repos/git-mastery/git-mastery.github.io/lessons/trail/recordingFolderHistory/end.md
2026-09-22T18:47:57.005Z - [33mwarn[39m: You might have an invalid intra-link! Ignore this warning if it was intended.
'/lessons/trail/backingUpOnCloud/end.html' found in file '/Users/damithch/Repos/git-mastery/git-mastery.github.io/_markbind/layouts/lessons.md'
2026-09-22T18:47:57.005Z - [33mwarn[39m: You might have an invalid intra-link! Ignore this warning if it was intended.
'/lessons/trail/workingWithRemotes/end.html' found in file '/Users/damithch/Repos/git-mastery/git-mastery.github.io/_markbind/layouts/lessons.md'
2026-09-22T18:47:57.005Z - [33mwarn[39m: You might have an invalid intra-link! Ignore this warning if it was intended.
'/lessons/trail/usingRevisionHistory/end.html' found in file '/Users/damithch/Repos/git-mastery/git-mastery.github.io/_markbind/layouts/lessons.md'
2026-09-22T18:47:57.005Z - [33mwarn[39m: You might have an invalid intra-link! Ignore this warning if it was intended.
'/lessons/trail/fineTuningHistory/end.html' found in file '/Users/damithch/Repos/git-mastery/git-mastery.github.io/_markbind/layouts/lessons.md'
2026-09-22T18:47:57.005Z - [33mwarn[39m: You might have an invalid intra-link! Ignore this warning if it was intended.
'/lessons/trail/branchingLocally/end.html' found in file '/Users/damithch/Repos/git-mastery/git-mastery.github.io/_markbind/layouts/lessons.md'
2026-09-22T18:47:57.006Z - [33mwarn[39m: You might have an invalid intra-link! Ignore this warning if it was intended.
'/lessons/trail/syncingBranches/end.html' found in file '/Users/damithch/Repos/git-mastery/git-mastery.github.io/_markbind/layouts/lessons.md'
2026-09-22T18:47:57.006Z - [33mwarn[39m: You might have an invalid intra-link! Ignore this warning if it was intended.
'/lessons/trail/remoteBranches/end.html' found in file '/Users/damithch/Repos/git-mastery/git-mastery.github.io/_markbind/layouts/lessons.md'
2026-09-22T18:47:57.006Z - [33mwarn[39m: You might have an invalid intra-link! Ignore this warning if it was intended.
'/lessons/trail/workingWithPrs/end.html' found in file '/Users/damithch/Repos/git-mastery/git-mastery.github.io/_markbind/layouts/lessons.md'
2026-09-22T18:47:57.006Z - [33mwarn[39m: You might have an invalid intra-link! Ignore this warning if it was intended.
'/lessons/trail/managingProjects/end.html' found in file '/Users/damithch/Repos/git-mastery/git-mastery.github.io/_markbind/layouts/lessons.md'
2026-09-22T18:47:57.007Z - [32minfo[39m: Site data built
2026-09-22T18:47:57.007Z - [32minfo[39m: Pages rebuilt
2026-09-22T18:47:57.007Z - [32minfo[39m: Website regeneration complete! Total build time: 0.039s
2026-09-22T18:48:08.419Z - [32minfo[39m: [02:48:08] Reload for file change: /Users/damithch/Repos/git-mastery/git-mastery.github.io/common/macros.njk
2026-09-22T18:48:08.421Z - [32minfo[39m: Synchronizing opened pages list before reload
2026-09-22T18:48:08.423Z - [32minfo[39m: Current opened pages, from most-to-least recent:
2026-09-22T18:48:08.423Z - [32minfo[39m: 1. lessons/trail/recordingFolderHistory/end
2026-09-22T18:48:09.489Z - [32minfo[39m: Rebuilding 1 pages
2026-09-22T18:48:09.510Z - [36mverbose[39m: Rendering page: /Users/damithch/Repos/git-mastery/git-mastery.github.io/lessons/trail/recordingFolderHistory/end.md
2026-09-22T18:48:09.521Z - [33mwarn[39m: You might have an invalid intra-link! Ignore this warning if it was intended.
'/lessons/trail/backingUpOnCloud/end.html' found in file '/Users/damithch/Repos/git-mastery/git-mastery.github.io/_markbind/layouts/lessons.md'
2026-09-22T18:48:09.521Z - [33mwarn[39m: You might have an invalid intra-link! Ignore this warning if it was intended.
'/lessons/trail/workingWithRemotes/end.html' found in file '/Users/damithch/Repos/git-mastery/git-mastery.github.io/_markbind/layouts/lessons.md'
2026-09-22T18:48:09.521Z - [33mwarn[39m: You might have an invalid intra-link! Ignore this warning if it was intended.
'/lessons/trail/usingRevisionHistory/end.html' found in file '/Users/damithch/Repos/git-mastery/git-mastery.github.io/_markbind/layouts/lessons.md'
2026-09-22T18:48:09.521Z - [33mwarn[39m: You might have an invalid intra-link! Ignore this warning if it was intended.
'/lessons/trail/fineTuningHistory/end.html' found in file '/Users/damithch/Repos/git-mastery/git-mastery.github.io/_markbind/layouts/lessons.md'
2026-09-22T18:48:09.521Z - [33mwarn[39m: You might have an invalid intra-link! Ignore this warning if it was intended.
'/lessons/trail/branchingLocally/end.html' found in file '/Users/damithch/Repos/git-mastery/git-mastery.github.io/_markbind/layouts/lessons.md'
2026-09-22T18:48:09.521Z - [33mwarn[39m: You might have an invalid intra-link! Ignore this warning if it was intended.
'/lessons/trail/syncingBranches/end.html' found in file '/Users/damithch/Repos/git-mastery/git-mastery.github.io/_markbind/layouts/lessons.md'
2026-09-22T18:48:09.521Z - [33mwarn[39m: You might have an invalid intra-link! Ignore this warning if it was intended.
'/lessons/trail/remoteBranches/end.html' found in file '/Users/damithch/Repos/git-mastery/git-mastery.github.io/_markbind/layouts/lessons.md'
2026-09-22T18:48:09.521Z - [33mwarn[39m: You might have an invalid intra-link! Ignore this warning if it was intended.
'/lessons/trail/workingWithPrs/end.html' found in file '/Users/damithch/Repos/git-mastery/git-mastery.github.io/_markbind/layouts/lessons.md'
2026-09-22T18:48:09.521Z - [33mwarn[39m: You might have an invalid intra-link! Ignore this warning if it was intended.
'/lessons/trail/managingProjects/end.html' found in file '/Users/damithch/Repos/git-mastery/git-mastery.github.io/_markbind/layouts/lessons.md'
2026-09-22T18:48:09.522Z - [32minfo[39m: Site data built
2026-09-22T18:48:09.522Z - [32minfo[39m: Pages rebuilt
2026-09-22T18:48:09.522Z - [32minfo[39m: Website regeneration complete! Total build time: 0.034s
2026-09-22T18:48:18.806Z - [32minfo[39m: [02:48:18] Reload for file change: /Users/damithch/Repos/git-mastery/git-mastery.github.io/common/macros.njk
2026-09-22T18:48:18.807Z - [32minfo[39m: Synchronizing opened pages list before reload
2026-09-22T18:48:18.807Z - [32minfo[39m: Current opened pages, from most-to-least recent:
2026-09-22T18:48:18.807Z - [32minfo[39m: 1. lessons/trail/recordingFolderHistory/end
2026-09-22T18:48:19.890Z - [32minfo[39m: Rebuilding 1 pages
2026-09-22T18:48:19.911Z - [36mverbose[39m: Rendering page: /Users/damithch/Repos/git-mastery/git-mastery.github.io/lessons/trail/recordingFolderHistory/end.md
2026-09-22T18:48:19.921Z - [33mwarn[39m: You might have an invalid intra-link! Ignore this warning if it was intended.
'/lessons/trail/backingUpOnCloud/end.html' found in file '/Users/damithch/Repos/git-mastery/git-mastery.github.io/_markbind/layouts/lessons.md'
2026-09-22T18:48:19.921Z - [33mwarn[39m: You might have an invalid intra-link! Ignore this warning if it was intended.
'/lessons/trail/workingWithRemotes/end.html' found in file '/Users/damithch/Repos/git-mastery/git-mastery.github.io/_markbind/layouts/lessons.md'
2026-09-22T18:48:19.921Z - [33mwarn[39m: You might have an invalid intra-link! Ignore this warning if it was intended.
'/lessons/trail/usingRevisionHistory/end.html' found in file '/Users/damithch/Repos/git-mastery/git-mastery.github.io/_markbind/layouts/lessons.md'
2026-09-22T18:48:19.921Z - [33mwarn[39m: You might have an invalid intra-link! Ignore this warning if it was intended.
'/lessons/trail/fineTuningHistory/end.html' found in file '/Users/damithch/Repos/git-mastery/git-mastery.github.io/_markbind/layouts/lessons.md'
2026-09-22T18:48:19.921Z - [33mwarn[39m: You might have an invalid intra-link! Ignore this warning if it was intended.
'/lessons/trail/branchingLocally/end.html' found in file '/Users/damithch/Repos/git-mastery/git-mastery.github.io/_markbind/layouts/lessons.md'
2026-09-22T18:48:19.921Z - [33mwarn[39m: You might have an invalid intra-link! Ignore this warning if it was intended.
'/lessons/trail/syncingBranches/end.html' found in file '/Users/damithch/Repos/git-mastery/git-mastery.github.io/_markbind/layouts/lessons.md'
2026-09-22T18:48:19.921Z - [33mwarn[39m: You might have an invalid intra-link! Ignore this warning if it was intended.
'/lessons/trail/remoteBranches/end.html' found in file '/Users/damithch/Repos/git-mastery/git-mastery.github.io/_markbind/layouts/lessons.md'
2026-09-22T18:48:19.921Z - [33mwarn[39m: You might have an invalid intra-link! Ignore this warning if it was intended.
'/lessons/trail/workingWithPrs/end.html' found in file '/Users/damithch/Repos/git-mastery/git-mastery.github.io/_markbind/layouts/lessons.md'
2026-09-22T18:48:19.921Z - [33mwarn[39m: You might have an invalid intra-link! Ignore this warning if it was intended.
'/lessons/trail/managingProjects/end.html' found in file '/Users/damithch/Repos/git-mastery/git-mastery.github.io/_markbind/layouts/lessons.md'
2026-09-22T18:48:19.922Z - [32minfo[39m: Site data built
2026-09-22T18:48:19.922Z - [32minfo[39m: Pages rebuilt
2026-09-22T18:48:19.922Z - [32minfo[39m: Website regeneration complete! Total build time: 0.033s
2026-09-22T18:49:01.702Z - [32minfo[39m: Building /Users/damithch/Repos/git-mastery/git-mastery.github.io/lessons/intro/index as some of its dependencies were changed since the last visit
2026-09-22T18:49:01.782Z - [36mverbose[39m: Rendering page: /Users/damithch/Repos/git-mastery/git-mastery.github.io/lessons/intro/index.md
2026-09-22T18:49:01.790Z - [32minfo[39m: Site data built
2026-09-22T18:49:01.790Z - [32minfo[39m: Lazy website regeneration complete! Total build time: 0.089s
2026-09-22T19:00:33.636Z - [32minfo[39m: [03:00:33] Reload for file change: /Users/damithch/Repos/git-mastery/git-mastery.github.io/common/macros.njk
2026-09-22T19:00:33.639Z - [32minfo[39m: Synchronizing opened pages list before reload
2026-09-22T19:00:33.640Z - [32minfo[39m: Current opened pages, from most-to-least recent:
2026-09-22T19:00:33.640Z - [32minfo[39m: 1. lessons/intro/index
2026-09-22T19:00:33.701Z - [32minfo[39m: [03:00:33] Reload for file change: /Users/damithch/Repos/git-mastery/git-mastery.github.io/lessons/log/text.md
2026-09-22T19:00:33.701Z - [32minfo[39m: Synchronizing opened pages list before reload
2026-09-22T19:00:33.701Z - [32minfo[39m: Current opened pages, from most-to-least recent:
2026-09-22T19:00:33.701Z - [32minfo[39m: 1. lessons/intro/index
2026-09-22T19:00:34.714Z - [32minfo[39m: Rebuilding 1 pages
2026-09-22T19:00:34.741Z - [36mverbose[39m: Rendering page: /Users/damithch/Repos/git-mastery/git-mastery.github.io/lessons/intro/index.md
2026-09-22T19:00:34.751Z - [33mwarn[39m: You might have an invalid intra-link! Ignore this warning if it was intended.
'/lessons/trail/backingUpOnCloud/end.html' found in file '/Users/damithch/Repos/git-mastery/git-mastery.github.io/_markbind/layouts/lessons.md'
2026-09-22T19:00:34.751Z - [33mwarn[39m: You might have an invalid intra-link! Ignore this warning if it was intended.
'/lessons/trail/workingWithRemotes/end.html' found in file '/Users/damithch/Repos/git-mastery/git-mastery.github.io/_markbind/layouts/lessons.md'
2026-09-22T19:00:34.751Z - [33mwarn[39m: You might have an invalid intra-link! Ignore this warning if it was intended.
'/lessons/trail/usingRevisionHistory/end.html' found in file '/Users/damithch/Repos/git-mastery/git-mastery.github.io/_markbind/layouts/lessons.md'
2026-09-22T19:00:34.751Z - [33mwarn[39m: You might have an invalid intra-link! Ignore this warning if it was intended.
'/lessons/trail/fineTuningHistory/end.html' found in file '/Users/damithch/Repos/git-mastery/git-mastery.github.io/_markbind/layouts/lessons.md'
2026-09-22T19:00:34.751Z - [33mwarn[39m: You might have an invalid intra-link! Ignore this warning if it was intended.
'/lessons/trail/branchingLocally/end.html' found in file '/Users/damithch/Repos/git-mastery/git-mastery.github.io/_markbind/layouts/lessons.md'
2026-09-22T19:00:34.752Z - [33mwarn[39m: You might have an invalid intra-link! Ignore this warning if it was intended.
'/lessons/trail/syncingBranches/end.html' found in file '/Users/damithch/Repos/git-mastery/git-mastery.github.io/_markbind/layouts/lessons.md'
2026-09-22T19:00:34.752Z - [33mwarn[39m: You might have an invalid intra-link! Ignore this warning if it was intended.
'/lessons/trail/remoteBranches/end.html' found in file '/Users/damithch/Repos/git-mastery/git-mastery.github.io/_markbind/layouts/lessons.md'
2026-09-22T19:00:34.752Z - [33mwarn[39m: You might have an invalid intra-link! Ignore this warning if it was intended.
'/lessons/trail/workingWithPrs/end.html' found in file '/Users/damithch/Repos/git-mastery/git-mastery.github.io/_markbind/layouts/lessons.md'
2026-09-22T19:00:34.753Z - [33mwarn[39m: You might have an invalid intra-link! Ignore this warning if it was intended.
'/lessons/trail/managingProjects/end.html' found in file '/Users/damithch/Repos/git-mastery/git-mastery.github.io/_markbind/layouts/lessons.md'
2026-09-22T19:00:34.755Z - [32minfo[39m: Site data built
2026-09-22T19:00:34.755Z - [32minfo[39m: Pages rebuilt
2026-09-22T19:00:34.755Z - [32minfo[39m: Website regeneration complete! Total build time: 0.048s
2026-09-22T19:00:41.417Z - [32minfo[39m: Building /Users/damithch/Repos/git-mastery/git-mastery.github.io/lessons/log/index as some of its dependencies were changed since the last visit
2026-09-22T19:00:41.582Z - [36mverbose[39m: Rendering page: /Users/damithch/Repos/git-mastery/git-mastery.github.io/lessons/log/index.md
2026-09-22T19:00:41.608Z - [32minfo[39m: Site data built
2026-09-22T19:00:41.608Z - [32minfo[39m: Lazy website regeneration complete! Total build time: 0.192s
2026-09-22T19:00:47.335Z - [32minfo[39m: Building /Users/damithch/Repos/git-mastery/git-mastery.github.io/lessons/trail/recordingFolderHistory/end as some of its dependencies were changed since the last visit
2026-09-22T19:00:47.378Z - [36mverbose[39m: Rendering page: /Users/damithch/Repos/git-mastery/git-mastery.github.io/lessons/trail/recordingFolderHistory/end.md
2026-09-22T19:00:47.382Z - [32minfo[39m: Site data built
2026-09-22T19:00:47.382Z - [32minfo[39m: Lazy website regeneration complete! Total build time: 0.047s
2026-09-22T19:03:14.418Z - [32minfo[39m: [03:03:14] Reload for file change: /Users/damithch/Repos/git-mastery/git-mastery.github.io/common/macros.njk
2026-09-22T19:03:14.423Z - [32minfo[39m: Synchronizing opened pages list before reload
2026-09-22T19:03:14.423Z - [32minfo[39m: Current opened pages, from most-to-least recent:
2026-09-22T19:03:14.423Z - [32minfo[39m: 1. lessons/trail/recordingFolderHistory/end
2026-09-22T19:03:14.424Z - [32minfo[39m: [03:03:14] Reload for file change: /Users/damithch/Repos/git-mastery/git-mastery.github.io/lessons/log/text.md
2026-09-22T19:03:14.424Z - [32minfo[39m: Synchronizing opened pages list before reload
2026-09-22T19:03:14.424Z - [32minfo[39m: Current opened pages, from most-to-least recent:
2026-09-22T19:03:14.424Z - [32minfo[39m: 1. lessons/trail/recordingFolderHistory/end
2026-09-22T19:03:15.530Z - [32minfo[39m: Rebuilding 1 pages
2026-09-22T19:03:15.554Z - [36mverbose[39m: Rendering page: /Users/damithch/Repos/git-mastery/git-mastery.github.io/lessons/trail/recordingFolderHistory/end.md
2026-09-22T19:03:15.567Z - [33mwarn[39m: You might have an invalid intra-link! Ignore this warning if it was intended.
'/lessons/trail/backingUpOnCloud/end.html' found in file '/Users/damithch/Repos/git-mastery/git-mastery.github.io/_markbind/layouts/lessons.md'
2026-09-22T19:03:15.567Z - [33mwarn[39m: You might have an invalid intra-link! Ignore this warning if it was intended.
'/lessons/trail/workingWithRemotes/end.html' found in file '/Users/damithch/Repos/git-mastery/git-mastery.github.io/_markbind/layouts/lessons.md'
2026-09-22T19:03:15.567Z - [33mwarn[39m: You might have an invalid intra-link! Ignore this warning if it was intended.
'/lessons/trail/usingRevisionHistory/end.html' found in file '/Users/damithch/Repos/git-mastery/git-mastery.github.io/_markbind/layouts/lessons.md'
2026-09-22T19:03:15.567Z - [33mwarn[39m: You might have an invalid intra-link! Ignore this warning if it was intended.
'/lessons/trail/fineTuningHistory/end.html' found in file '/Users/damithch/Repos/git-mastery/git-mastery.github.io/_markbind/layouts/lessons.md'
2026-09-22T19:03:15.567Z - [33mwarn[39m: You might have an invalid intra-link! Ignore this warning if it was intended.
'/lessons/trail/branchingLocally/end.html' found in file '/Users/damithch/Repos/git-mastery/git-mastery.github.io/_markbind/layouts/lessons.md'
2026-09-22T19:03:15.567Z - [33mwarn[39m: You might have an invalid intra-link! Ignore this warning if it was intended.
'/lessons/trail/syncingBranches/end.html' found in file '/Users/damithch/Repos/git-mastery/git-mastery.github.io/_markbind/layouts/lessons.md'
2026-09-22T19:03:15.567Z - [33mwarn[39m: You might have an invalid intra-link! Ignore this warning if it was intended.
'/lessons/trail/remoteBranches/end.html' found in file '/Users/damithch/Repos/git-mastery/git-mastery.github.io/_markbind/layouts/lessons.md'
2026-09-22T19:03:15.567Z - [33mwarn[39m: You might have an invalid intra-link! Ignore this warning if it was intended.
'/lessons/trail/workingWithPrs/end.html' found in file '/Users/damithch/Repos/git-mastery/git-mastery.github.io/_markbind/layouts/lessons.md'
2026-09-22T19:03:15.567Z - [33mwarn[39m: You might have an invalid intra-link! Ignore this warning if it was intended.
'/lessons/trail/managingProjects/end.html' found in file '/Users/damithch/Repos/git-mastery/git-mastery.github.io/_markbind/layouts/lessons.md'
2026-09-22T19:03:15.569Z - [32minfo[39m: Site data built
2026-09-22T19:03:15.569Z - [32minfo[39m: Pages rebuilt
2026-09-22T19:03:15.569Z - [32minfo[39m: Website regeneration complete! Total build time: 0.045s
2026-09-22T19:03:18.486Z - [32minfo[39m: Building /Users/damithch/Repos/git-mastery/git-mastery.github.io/lessons/log/index as some of its dependencies were changed since the last visit
2026-09-22T19:03:18.523Z - [31merror[39m: Template render error: (/Users/damithch/Repos/git-mastery/git-mastery.github.io/lessons/log/text.md) [Line 1, Column 516]
  parseFrom: expected context after with/without
    at Object._prettifyError (/opt/homebrew/lib/node_modules/markbind-cli/node_modules/nunjucks/src/lib.js:32:11)
    at Template.render (file:///opt/homebrew/lib/node_modules/markbind-cli/node_modules/@markbind/core/src/patches/nunjucks/context-overrides-frame.js:313:23)
    at file:///opt/homebrew/lib/node_modules/markbind-cli/node_modules/@markbind/core/src/patches/nunjucks/context-overrides-frame.js:55:31
    at createTemplate (file:///opt/homebrew/lib/node_modules/markbind-cli/node_modules/@markbind/core/src/patches/nunjucks/load-event.js:110:13)
    at handle (file:///opt/homebrew/lib/node_modules/markbind-cli/node_modules/@markbind/core/src/patches/nunjucks/load-event.js:123:17)
    at file:///opt/homebrew/lib/node_modules/markbind-cli/node_modules/@markbind/core/src/patches/nunjucks/load-event.js:134:13
    at next (/opt/homebrew/lib/node_modules/markbind-cli/node_modules/nunjucks/src/lib.js:258:7)
    at Object.asyncIter (/opt/homebrew/lib/node_modules/markbind-cli/node_modules/nunjucks/src/lib.js:263:3)
    at Environment.getTemplate (file:///opt/homebrew/lib/node_modules/markbind-cli/node_modules/@markbind/core/src/patches/nunjucks/load-event.js:116:9)
    at Environment.render (file:///opt/homebrew/lib/node_modules/markbind-cli/node_modules/@markbind/core/src/patches/nunjucks/context-overrides-frame.js:47:10)
2026-09-22T19:03:18.524Z - [31merror[39m: Template render error: (/Users/damithch/Repos/git-mastery/git-mastery.github.io/lessons/log/text.md) [Line 1, Column 516]
  parseFrom: expected context after with/without
    at Object._prettifyError (/opt/homebrew/lib/node_modules/markbind-cli/node_modules/nunjucks/src/lib.js:32:11)
    at Template.render (file:///opt/homebrew/lib/node_modules/markbind-cli/node_modules/@markbind/core/src/patches/nunjucks/context-overrides-frame.js:313:23)
    at file:///opt/homebrew/lib/node_modules/markbind-cli/node_modules/@markbind/core/src/patches/nunjucks/context-overrides-frame.js:55:31
    at Environment.getTemplate (file:///opt/homebrew/lib/node_modules/markbind-cli/node_modules/@markbind/core/src/patches/nunjucks/load-event.js:78:13)
    at Environment.render (file:///opt/homebrew/lib/node_modules/markbind-cli/node_modules/@markbind/core/src/patches/nunjucks/context-overrides-frame.js:47:10)
    at VariableRenderer.renderFile (file:///opt/homebrew/lib/node_modules/markbind-cli/node_modules/@markbind/core/src/variables/VariableRenderer.js:44:24)
    at VariableProcessor.renderWithSiteVariables (file:///opt/homebrew/lib/node_modules/markbind-cli/node_modules/@markbind/core/src/variables/VariableProcessor.js:125:57)
    at VariableProcessor.renderIncludeFile (file:///opt/homebrew/lib/node_modules/markbind-cli/node_modules/@markbind/core/src/variables/VariableProcessor.js:202:38)
    at processInclude (file:///opt/homebrew/lib/node_modules/markbind-cli/node_modules/@markbind/core/src/html/includePanelProcessor.js:166:68)
    at NodeProcessor.processNode (file:///opt/homebrew/lib/node_modules/markbind-cli/node_modules/@markbind/core/src/html/NodeProcessor.js:138:28)
2026-09-22T19:03:18.524Z - [31merror[39m: Template render error: (/Users/damithch/Repos/git-mastery/git-mastery.github.io/lessons/log/text.md) [Line 1, Column 516]
  parseFrom: expected context after with/without
    at Object._prettifyError (/opt/homebrew/lib/node_modules/markbind-cli/node_modules/nunjucks/src/lib.js:32:11)
    at Template.render (file:///opt/homebrew/lib/node_modules/markbind-cli/node_modules/@markbind/core/src/patches/nunjucks/context-overrides-frame.js:313:23)
    at file:///opt/homebrew/lib/node_modules/markbind-cli/node_modules/@markbind/core/src/patches/nunjucks/context-overrides-frame.js:55:31
    at Environment.getTemplate (file:///opt/homebrew/lib/node_modules/markbind-cli/node_modules/@markbind/core/src/patches/nunjucks/load-event.js:78:13)
    at Environment.render (file:///opt/homebrew/lib/node_modules/markbind-cli/node_modules/@markbind/core/src/patches/nunjucks/context-overrides-frame.js:47:10)
    at VariableRenderer.renderFile (file:///opt/homebrew/lib/node_modules/markbind-cli/node_modules/@markbind/core/src/variables/VariableRenderer.js:44:24)
    at VariableProcessor.renderWithSiteVariables (file:///opt/homebrew/lib/node_modules/markbind-cli/node_modules/@markbind/core/src/variables/VariableProcessor.js:125:57)
    at VariableProcessor.renderIncludeFile (file:///opt/homebrew/lib/node_modules/markbind-cli/node_modules/@markbind/core/src/variables/VariableProcessor.js:202:38)
    at processInclude (file:///opt/homebrew/lib/node_modules/markbind-cli/node_modules/@markbind/core/src/html/includePanelProcessor.js:166:68)
    at NodeProcessor.processNode (file:///opt/homebrew/lib/node_modules/markbind-cli/node_modules/@markbind/core/src/html/NodeProcessor.js:138:28)
2026-09-22T19:03:18.525Z - [31merror[39m: Template render error: (/Users/damithch/Repos/git-mastery/git-mastery.github.io/lessons/log/text.md) [Line 1, Column 516]
  parseFrom: expected context after with/without
    at Object._prettifyError (/opt/homebrew/lib/node_modules/markbind-cli/node_modules/nunjucks/src/lib.js:32:11)
    at Template.render (file:///opt/homebrew/lib/node_modules/markbind-cli/node_modules/@markbind/core/src/patches/nunjucks/context-overrides-frame.js:313:23)
    at file:///opt/homebrew/lib/node_modules/markbind-cli/node_modules/@markbind/core/src/patches/nunjucks/context-overrides-frame.js:55:31
    at Environment.getTemplate (file:///opt/homebrew/lib/node_modules/markbind-cli/node_modules/@markbind/core/src/patches/nunjucks/load-event.js:78:13)
    at Environment.render (file:///opt/homebrew/lib/node_modules/markbind-cli/node_modules/@markbind/core/src/patches/nunjucks/context-overrides-frame.js:47:10)
    at VariableRenderer.renderFile (file:///opt/homebrew/lib/node_modules/markbind-cli/node_modules/@markbind/core/src/variables/VariableRenderer.js:44:24)
    at VariableProcessor.renderWithSiteVariables (file:///opt/homebrew/lib/node_modules/markbind-cli/node_modules/@markbind/core/src/variables/VariableProcessor.js:125:57)
    at VariableProcessor.renderIncludeFile (file:///opt/homebrew/lib/node_modules/markbind-cli/node_modules/@markbind/core/src/variables/VariableProcessor.js:202:38)
    at processInclude (file:///opt/homebrew/lib/node_modules/markbind-cli/node_modules/@markbind/core/src/html/includePanelProcessor.js:166:68)
    at NodeProcessor.processNode (file:///opt/homebrew/lib/node_modules/markbind-cli/node_modules/@markbind/core/src/html/NodeProcessor.js:138:28)
2026-09-22T19:03:18.535Z - [36mverbose[39m: Rendering page: /Users/damithch/Repos/git-mastery/git-mastery.github.io/lessons/log/index.md
2026-09-22T19:03:18.542Z - [32minfo[39m: Site data built
2026-09-22T19:03:18.542Z - [32minfo[39m: Lazy website regeneration complete! Total build time: 0.056s
2026-09-22T19:04:02.522Z - [32minfo[39m: [03:04:02] Reload for file change: /Users/damithch/Repos/git-mastery/git-mastery.github.io/lessons/log/text.md
2026-09-22T19:04:02.523Z - [32minfo[39m: Synchronizing opened pages list before reload
2026-09-22T19:04:02.523Z - [32minfo[39m: Current opened pages, from most-to-least recent:
2026-09-22T19:04:02.523Z - [32minfo[39m: 1. lessons/log/index
2026-09-22T19:04:03.546Z - [32minfo[39m: Rebuilding 1 pages
2026-09-22T19:04:03.709Z - [36mverbose[39m: Rendering page: /Users/damithch/Repos/git-mastery/git-mastery.github.io/lessons/log/index.md
2026-09-22T19:04:03.730Z - [32minfo[39m: Site data built
2026-09-22T19:04:03.730Z - [32minfo[39m: Pages rebuilt
2026-09-22T19:04:03.730Z - [32minfo[39m: Website regeneration complete! Total build time: 0.204s
2026-09-22T19:06:23.224Z - [32minfo[39m: [03:06:23] Reload for file change: /Users/damithch/Repos/git-mastery/git-mastery.github.io/_markbind/boilerplates/unit-inElsewhere-asPanelBody.md
2026-09-22T19:06:23.228Z - [32minfo[39m: Synchronizing opened pages list before reload
2026-09-22T19:06:23.228Z - [32minfo[39m: Current opened pages, from most-to-least recent:
2026-09-22T19:06:23.228Z - [32minfo[39m: 1. lessons/log/index
2026-09-22T19:06:23.235Z - [32minfo[39m: [03:06:23] Reload for file change: /Users/damithch/Repos/git-mastery/git-mastery.github.io/lessons/log/text.md
2026-09-22T19:06:23.235Z - [32minfo[39m: Synchronizing opened pages list before reload
2026-09-22T19:06:23.235Z - [32minfo[39m: Current opened pages, from most-to-least recent:
2026-09-22T19:06:23.235Z - [32minfo[39m: 1. lessons/log/index
2026-09-22T19:06:24.252Z - [32minfo[39m: Rebuilding 1 pages
2026-09-22T19:06:24.437Z - [36mverbose[39m: Rendering page: /Users/damithch/Repos/git-mastery/git-mastery.github.io/lessons/log/index.md
2026-09-22T19:06:24.466Z - [32minfo[39m: Site data built
2026-09-22T19:06:24.466Z - [32minfo[39m: Pages rebuilt
2026-09-22T19:06:24.466Z - [32minfo[39m: Website regeneration complete! Total build time: 0.228s
2026-09-22T19:07:01.889Z - [32minfo[39m: [03:07:01] Reload for file change: /Users/damithch/Repos/git-mastery/git-mastery.github.io/_markbind/boilerplates/unit-inElsewhere-asPanelBody.md
2026-09-22T19:07:01.892Z - [32minfo[39m: Synchronizing opened pages list before reload
2026-09-22T19:07:01.894Z - [32minfo[39m: Current opened pages, from most-to-least recent:
2026-09-22T19:07:01.896Z - [32minfo[39m: 1. lessons/log/index
2026-09-22T19:07:02.918Z - [32minfo[39m: No pages needed to be rebuilt
2026-09-22T19:07:27.510Z - [32minfo[39m: [03:07:27] Reload for file change: /Users/damithch/Repos/git-mastery/git-mastery.github.io/_markbind/boilerplates/unit-inElsewhere-asPanelBody.md
2026-09-22T19:07:27.513Z - [32minfo[39m: Synchronizing opened pages list before reload
2026-09-22T19:07:27.514Z - [32minfo[39m: Current opened pages, from most-to-least recent:
2026-09-22T19:07:27.514Z - [32minfo[39m: 1. lessons/log/index
2026-09-22T19:07:28.526Z - [32minfo[39m: No pages needed to be rebuilt
2026-09-22T19:07:36.870Z - [32minfo[39m: [03:07:36] Reload for file change: /Users/damithch/Repos/git-mastery/git-mastery.github.io/_markbind/boilerplates/unit-inElsewhere-asPanelBody.md
2026-09-22T19:07:36.871Z - [32minfo[39m: Synchronizing opened pages list before reload
2026-09-22T19:07:36.871Z - [32minfo[39m: Current opened pages, from most-to-least recent:
2026-09-22T19:07:36.871Z - [32minfo[39m: 1. lessons/log/index
2026-09-22T19:07:37.874Z - [32minfo[39m: No pages needed to be rebuilt
2026-09-22T19:08:32.693Z - [32minfo[39m: [03:08:32] Reload for file change: /Users/damithch/Repos/git-mastery/git-mastery.github.io/_markbind/boilerplates/unit-inElsewhere-asFlat.md
2026-09-22T19:08:32.696Z - [32minfo[39m: Synchronizing opened pages list before reload
2026-09-22T19:08:32.697Z - [32minfo[39m: Current opened pages, from most-to-least recent:
2026-09-22T19:08:32.697Z - [32minfo[39m: 1. lessons/log/index
2026-09-22T19:08:33.722Z - [32minfo[39m: Rebuilding 1 pages
2026-09-22T19:08:33.914Z - [36mverbose[39m: Rendering page: /Users/damithch/Repos/git-mastery/git-mastery.github.io/lessons/log/index.md
2026-09-22T19:08:33.931Z - [33mwarn[39m: You might have an invalid intra-link! Ignore this warning if it was intended.
'/lessons/log/def' found in file '/Users/damithch/Repos/git-mastery/git-mastery.github.io/lessons/log/text.md'
2026-09-22T19:08:33.932Z - [32minfo[39m: Site data built
2026-09-22T19:08:33.932Z - [32minfo[39m: Pages rebuilt
2026-09-22T19:08:33.932Z - [32minfo[39m: Website regeneration complete! Total build time: 0.229s
2026-09-22T19:08:50.989Z - [32minfo[39m: [03:08:50] Reload for file change: /Users/damithch/Repos/git-mastery/git-mastery.github.io/_markbind/boilerplates/unit-inElsewhere-asFlat.md
2026-09-22T19:08:50.991Z - [32minfo[39m: Synchronizing opened pages list before reload
2026-09-22T19:08:50.992Z - [32minfo[39m: Current opened pages, from most-to-least recent:
2026-09-22T19:08:50.992Z - [32minfo[39m: 1. lessons/log/index
2026-09-22T19:08:51.998Z - [32minfo[39m: Rebuilding 1 pages
2026-09-22T19:08:52.165Z - [36mverbose[39m: Rendering page: /Users/damithch/Repos/git-mastery/git-mastery.github.io/lessons/log/index.md
2026-09-22T19:08:52.191Z - [33mwarn[39m: You might have an invalid intra-link! Ignore this warning if it was intended.
'/lessons/log/def' found in file '/Users/damithch/Repos/git-mastery/git-mastery.github.io/lessons/log/text.md'
2026-09-22T19:08:52.192Z - [32minfo[39m: Site data built
2026-09-22T19:08:52.192Z - [32minfo[39m: Pages rebuilt
2026-09-22T19:08:52.192Z - [32minfo[39m: Website regeneration complete! Total build time: 0.197s
2026-09-22T19:09:16.869Z - [32minfo[39m: [03:09:16] Reload for file change: /Users/damithch/Repos/git-mastery/git-mastery.github.io/_markbind/boilerplates/unit-inElsewhere-asFlat.md
2026-09-22T19:09:16.871Z - [32minfo[39m: Synchronizing opened pages list before reload
2026-09-22T19:09:16.872Z - [32minfo[39m: Current opened pages, from most-to-least recent:
2026-09-22T19:09:16.872Z - [32minfo[39m: 1. lessons/log/index
2026-09-22T19:09:17.877Z - [32minfo[39m: Rebuilding 1 pages
2026-09-22T19:09:18.065Z - [36mverbose[39m: Rendering page: /Users/damithch/Repos/git-mastery/git-mastery.github.io/lessons/log/index.md
2026-09-22T19:09:18.082Z - [33mwarn[39m: You might have an invalid intra-link! Ignore this warning if it was intended.
'/lessons/log/def' found in file '/Users/damithch/Repos/git-mastery/git-mastery.github.io/lessons/log/text.md'
2026-09-22T19:09:18.083Z - [32minfo[39m: Site data built
2026-09-22T19:09:18.083Z - [32minfo[39m: Pages rebuilt
2026-09-22T19:09:18.083Z - [32minfo[39m: Website regeneration complete! Total build time: 0.208s
2026-09-22T19:09:31.314Z - [32minfo[39m: [03:09:31] Reload for file change: /Users/damithch/Repos/git-mastery/git-mastery.github.io/_markbind/boilerplates/unit-inElsewhere-asFlat.md
2026-09-22T19:09:31.315Z - [32minfo[39m: Synchronizing opened pages list before reload
2026-09-22T19:09:31.315Z - [32minfo[39m: Current opened pages, from most-to-least recent:
2026-09-22T19:09:31.315Z - [32minfo[39m: 1. lessons/log/index
2026-09-22T19:09:32.324Z - [32minfo[39m: Rebuilding 1 pages
2026-09-22T19:09:32.507Z - [36mverbose[39m: Rendering page: /Users/damithch/Repos/git-mastery/git-mastery.github.io/lessons/log/index.md
2026-09-22T19:09:32.523Z - [33mwarn[39m: You might have an invalid intra-link! Ignore this warning if it was intended.
'/lessons/log/def' found in file '/Users/damithch/Repos/git-mastery/git-mastery.github.io/lessons/log/text.md'
2026-09-22T19:09:32.523Z - [32minfo[39m: Site data built
2026-09-22T19:09:32.523Z - [32minfo[39m: Pages rebuilt
2026-09-22T19:09:32.523Z - [32minfo[39m: Website regeneration complete! Total build time: 0.204s
2026-09-22T19:11:24.301Z - [32minfo[39m: [03:11:24] Reload for file change: /Users/damithch/Repos/git-mastery/git-mastery.github.io/_markbind/boilerplates/unit-inElsewhere-asFlat.md
2026-09-22T19:11:24.306Z - [32minfo[39m: Synchronizing opened pages list before reload
2026-09-22T19:11:24.306Z - [32minfo[39m: Current opened pages, from most-to-least recent:
2026-09-22T19:11:24.307Z - [32minfo[39m: 1. lessons/log/index
2026-09-22T19:11:25.322Z - [32minfo[39m: Rebuilding 1 pages
2026-09-22T19:11:25.544Z - [36mverbose[39m: Rendering page: /Users/damithch/Repos/git-mastery/git-mastery.github.io/lessons/log/index.md
2026-09-22T19:11:25.571Z - [33mwarn[39m: You might have an invalid intra-link! Ignore this warning if it was intended.
'/lessons/log/def' found in file '/Users/damithch/Repos/git-mastery/git-mastery.github.io/lessons/log/text.md'
2026-09-22T19:11:25.572Z - [32minfo[39m: Site data built
2026-09-22T19:11:25.572Z - [32minfo[39m: Pages rebuilt
2026-09-22T19:11:25.572Z - [32minfo[39m: Website regeneration complete! Total build time: 0.264s
2026-09-22T19:12:08.738Z - [32minfo[39m: [03:12:08] Reload for file change: /Users/damithch/Repos/git-mastery/git-mastery.github.io/common/macros.njk
2026-09-22T19:12:08.740Z - [32minfo[39m: Synchronizing opened pages list before reload
2026-09-22T19:12:08.741Z - [32minfo[39m: Current opened pages, from most-to-least recent:
2026-09-22T19:12:08.741Z - [32minfo[39m: 1. lessons/log/index
2026-09-22T19:12:09.823Z - [32minfo[39m: Rebuilding 1 pages
2026-09-22T19:12:09.950Z - [36mverbose[39m: Rendering page: /Users/damithch/Repos/git-mastery/git-mastery.github.io/lessons/log/index.md
2026-09-22T19:12:09.968Z - [33mwarn[39m: You might have an invalid intra-link! Ignore this warning if it was intended.
'/lessons/trail/backingUpOnCloud/end.html' found in file '/Users/damithch/Repos/git-mastery/git-mastery.github.io/_markbind/layouts/lessons.md'
2026-09-22T19:12:09.968Z - [33mwarn[39m: You might have an invalid intra-link! Ignore this warning if it was intended.
'/lessons/trail/workingWithRemotes/end.html' found in file '/Users/damithch/Repos/git-mastery/git-mastery.github.io/_markbind/layouts/lessons.md'
2026-09-22T19:12:09.968Z - [33mwarn[39m: You might have an invalid intra-link! Ignore this warning if it was intended.
'/lessons/trail/usingRevisionHistory/end.html' found in file '/Users/damithch/Repos/git-mastery/git-mastery.github.io/_markbind/layouts/lessons.md'
2026-09-22T19:12:09.968Z - [33mwarn[39m: You might have an invalid intra-link! Ignore this warning if it was intended.
'/lessons/trail/fineTuningHistory/end.html' found in file '/Users/damithch/Repos/git-mastery/git-mastery.github.io/_markbind/layouts/lessons.md'
2026-09-22T19:12:09.968Z - [33mwarn[39m: You might have an invalid intra-link! Ignore this warning if it was intended.
'/lessons/trail/branchingLocally/end.html' found in file '/Users/damithch/Repos/git-mastery/git-mastery.github.io/_markbind/layouts/lessons.md'
2026-09-22T19:12:09.968Z - [33mwarn[39m: You might have an invalid intra-link! Ignore this warning if it was intended.
'/lessons/trail/syncingBranches/end.html' found in file '/Users/damithch/Repos/git-mastery/git-mastery.github.io/_markbind/layouts/lessons.md'
2026-09-22T19:12:09.968Z - [33mwarn[39m: You might have an invalid intra-link! Ignore this warning if it was intended.
'/lessons/trail/remoteBranches/end.html' found in file '/Users/damithch/Repos/git-mastery/git-mastery.github.io/_markbind/layouts/lessons.md'
2026-09-22T19:12:09.968Z - [33mwarn[39m: You might have an invalid intra-link! Ignore this warning if it was intended.
'/lessons/trail/workingWithPrs/end.html' found in file '/Users/damithch/Repos/git-mastery/git-mastery.github.io/_markbind/layouts/lessons.md'
2026-09-22T19:12:09.968Z - [33mwarn[39m: You might have an invalid intra-link! Ignore this warning if it was intended.
'/lessons/trail/managingProjects/end.html' found in file '/Users/damithch/Repos/git-mastery/git-mastery.github.io/_markbind/layouts/lessons.md'
2026-09-22T19:12:09.968Z - [33mwarn[39m: You might have an invalid intra-link! Ignore this warning if it was intended.
'/lessons/log/def' found in file '/Users/damithch/Repos/git-mastery/git-mastery.github.io/lessons/log/text.md'
2026-09-22T19:12:09.970Z - [32minfo[39m: Site data built
2026-09-22T19:12:09.970Z - [32minfo[39m: Pages rebuilt
2026-09-22T19:12:09.970Z - [32minfo[39m: Website regeneration complete! Total build time: 0.148s
2026-09-22T19:12:24.617Z - [32minfo[39m: Building /Users/damithch/Repos/git-mastery/git-mastery.github.io/lessons/trail/recordingFolderHistory/end as some of its dependencies were changed since the last visit
2026-09-22T19:12:24.674Z - [36mverbose[39m: Rendering page: /Users/damithch/Repos/git-mastery/git-mastery.github.io/lessons/trail/recordingFolderHistory/end.md
2026-09-22T19:12:24.678Z - [32minfo[39m: Site data built
2026-09-22T19:12:24.678Z - [32minfo[39m: Lazy website regeneration complete! Total build time: 0.063s
2026-09-22T19:12:28.568Z - [32minfo[39m: Building /Users/damithch/Repos/git-mastery/git-mastery.github.io/lessons/trail/recordingFolderHistory/all as some of its dependencies were changed since the last visit
2026-09-22T19:12:29.089Z - [36mverbose[39m: Rendering page: /Users/damithch/Repos/git-mastery/git-mastery.github.io/lessons/trail/recordingFolderHistory/all.md
2026-09-22T19:12:29.163Z - [32minfo[39m: Site data built
2026-09-22T19:12:29.164Z - [32minfo[39m: Lazy website regeneration complete! Total build time: 0.597s
2026-09-22T19:13:40.822Z - [32minfo[39m: [03:13:40] Reload for file change: /Users/damithch/Repos/git-mastery/git-mastery.github.io/common/macros.njk
2026-09-22T19:13:40.826Z - [32minfo[39m: Synchronizing opened pages list before reload
2026-09-22T19:13:40.827Z - [32minfo[39m: Current opened pages, from most-to-least recent:
2026-09-22T19:13:40.827Z - [32minfo[39m: 1. lessons/trail/recordingFolderHistory/all
2026-09-22T19:13:40.880Z - [32minfo[39m: [03:13:40] Reload for file change: /Users/damithch/Repos/git-mastery/git-mastery.github.io/_markbind/boilerplates/unit-inPage-asFlat.md
2026-09-22T19:13:40.880Z - [32minfo[39m: Synchronizing opened pages list before reload
2026-09-22T19:13:40.880Z - [32minfo[39m: Current opened pages, from most-to-least recent:
2026-09-22T19:13:40.880Z - [32minfo[39m: 1. lessons/trail/recordingFolderHistory/all
2026-09-22T19:13:40.880Z - [32minfo[39m: [03:13:40] Reload for file change: /Users/damithch/Repos/git-mastery/git-mastery.github.io/common/macros.njk
2026-09-22T19:13:40.880Z - [32minfo[39m: Synchronizing opened pages list before reload
2026-09-22T19:13:40.880Z - [32minfo[39m: Current opened pages, from most-to-least recent:
2026-09-22T19:13:40.880Z - [32minfo[39m: 1. lessons/trail/recordingFolderHistory/all
2026-09-22T19:13:41.936Z - [32minfo[39m: Rebuilding 1 pages
2026-09-22T19:13:42.444Z - [36mverbose[39m: Rendering page: /Users/damithch/Repos/git-mastery/git-mastery.github.io/lessons/trail/recordingFolderHistory/all.md
2026-09-22T19:13:42.498Z - [33mwarn[39m: You might have an invalid intra-link! Ignore this warning if it was intended.
'/lessons/trail/backingUpOnCloud/end.html' found in file '/Users/damithch/Repos/git-mastery/git-mastery.github.io/_markbind/layouts/lessons.md'
2026-09-22T19:13:42.498Z - [33mwarn[39m: You might have an invalid intra-link! Ignore this warning if it was intended.
'/lessons/trail/workingWithRemotes/end.html' found in file '/Users/damithch/Repos/git-mastery/git-mastery.github.io/_markbind/layouts/lessons.md'
2026-09-22T19:13:42.498Z - [33mwarn[39m: You might have an invalid intra-link! Ignore this warning if it was intended.
'/lessons/trail/usingRevisionHistory/end.html' found in file '/Users/damithch/Repos/git-mastery/git-mastery.github.io/_markbind/layouts/lessons.md'
2026-09-22T19:13:42.498Z - [33mwarn[39m: You might have an invalid intra-link! Ignore this warning if it was intended.
'/lessons/trail/fineTuningHistory/end.html' found in file '/Users/damithch/Repos/git-mastery/git-mastery.github.io/_markbind/layouts/lessons.md'
2026-09-22T19:13:42.498Z - [33mwarn[39m: You might have an invalid intra-link! Ignore this warning if it was intended.
'/lessons/trail/branchingLocally/end.html' found in file '/Users/damithch/Repos/git-mastery/git-mastery.github.io/_markbind/layouts/lessons.md'
2026-09-22T19:13:42.498Z - [33mwarn[39m: You might have an invalid intra-link! Ignore this warning if it was intended.
'/lessons/trail/syncingBranches/end.html' found in file '/Users/damithch/Repos/git-mastery/git-mastery.github.io/_markbind/layouts/lessons.md'
2026-09-22T19:13:42.498Z - [33mwarn[39m: You might have an invalid intra-link! Ignore this warning if it was intended.
'/lessons/trail/remoteBranches/end.html' found in file '/Users/damithch/Repos/git-mastery/git-mastery.github.io/_markbind/layouts/lessons.md'
2026-09-22T19:13:42.498Z - [33mwarn[39m: You might have an invalid intra-link! Ignore this warning if it was intended.
'/lessons/trail/workingWithPrs/end.html' found in file '/Users/damithch/Repos/git-mastery/git-mastery.github.io/_markbind/layouts/lessons.md'
2026-09-22T19:13:42.498Z - [33mwarn[39m: You might have an invalid intra-link! Ignore this warning if it was intended.
'/lessons/trail/managingProjects/end.html' found in file '/Users/damithch/Repos/git-mastery/git-mastery.github.io/_markbind/layouts/lessons.md'
2026-09-22T19:13:42.500Z - [32minfo[39m: Site data built
2026-09-22T19:13:42.500Z - [32minfo[39m: Pages rebuilt
2026-09-22T19:13:42.500Z - [32minfo[39m: Website regeneration complete! Total build time: 0.576s
2026-09-22T19:13:55.444Z - [32minfo[39m: Building /Users/damithch/Repos/git-mastery/git-mastery.github.io/lessons/log/index as some of its dependencies were changed since the last visit
2026-09-22T19:13:55.634Z - [36mverbose[39m: Rendering page: /Users/damithch/Repos/git-mastery/git-mastery.github.io/lessons/log/index.md
2026-09-22T19:13:55.655Z - [33mwarn[39m: You might have an invalid intra-link! Ignore this warning if it was intended.
'/lessons/log/def' found in file '/Users/damithch/Repos/git-mastery/git-mastery.github.io/lessons/log/text.md'
2026-09-22T19:13:55.655Z - [32minfo[39m: Site data built
2026-09-22T19:13:55.655Z - [32minfo[39m: Lazy website regeneration complete! Total build time: 0.212s
2026-09-22T19:14:01.903Z - [32minfo[39m: [03:14:01] Reload for file change: /Users/damithch/Repos/git-mastery/git-mastery.github.io/_markbind/boilerplates/unit-inPage-asFlat.md
2026-09-22T19:14:01.907Z - [32minfo[39m: Synchronizing opened pages list before reload
2026-09-22T19:14:01.908Z - [32minfo[39m: Current opened pages, from most-to-least recent:
2026-09-22T19:14:01.909Z - [32minfo[39m: 1. lessons/log/index
2026-09-22T19:14:02.913Z - [32minfo[39m: Rebuilding 1 pages
2026-09-22T19:14:03.027Z - [36mverbose[39m: Rendering page: /Users/damithch/Repos/git-mastery/git-mastery.github.io/lessons/log/index.md
2026-09-22T19:14:03.044Z - [33mwarn[39m: You might have an invalid intra-link! Ignore this warning if it was intended.
'/lessons/log/def' found in file '/Users/damithch/Repos/git-mastery/git-mastery.github.io/lessons/log/text.md'
2026-09-22T19:14:03.045Z - [32minfo[39m: Site data built
2026-09-22T19:14:03.045Z - [32minfo[39m: Pages rebuilt
2026-09-22T19:14:03.045Z - [32minfo[39m: Website regeneration complete! Total build time: 0.135s
2026-09-22T19:14:11.900Z - [32minfo[39m: [03:14:11] Reload for file change: /Users/damithch/Repos/git-mastery/git-mastery.github.io/_markbind/boilerplates/unit-inPage-asFlat.md
2026-09-22T19:14:11.902Z - [32minfo[39m: Synchronizing opened pages list before reload
2026-09-22T19:14:11.902Z - [32minfo[39m: Current opened pages, from most-to-least recent:
2026-09-22T19:14:11.902Z - [32minfo[39m: 1. lessons/log/index
2026-09-22T19:14:12.905Z - [32minfo[39m: Rebuilding 1 pages
2026-09-22T19:14:13.074Z - [36mverbose[39m: Rendering page: /Users/damithch/Repos/git-mastery/git-mastery.github.io/lessons/log/index.md
2026-09-22T19:14:13.091Z - [33mwarn[39m: You might have an invalid intra-link! Ignore this warning if it was intended.
'/lessons/log/def' found in file '/Users/damithch/Repos/git-mastery/git-mastery.github.io/lessons/log/text.md'
2026-09-22T19:14:13.091Z - [32minfo[39m: Site data built
2026-09-22T19:14:13.091Z - [32minfo[39m: Pages rebuilt
2026-09-22T19:14:13.091Z - [32minfo[39m: Website regeneration complete! Total build time: 0.188s
2026-09-22T19:14:45.593Z - [32minfo[39m: [03:14:45] Reload for file change: /Users/damithch/Repos/git-mastery/git-mastery.github.io/_markbind/boilerplates/unit-inPage-asFlat.md
2026-09-22T19:14:45.595Z - [32minfo[39m: Synchronizing opened pages list before reload
2026-09-22T19:14:45.596Z - [32minfo[39m: Current opened pages, from most-to-least recent:
2026-09-22T19:14:45.597Z - [32minfo[39m: 1. lessons/log/index
2026-09-22T19:14:46.602Z - [32minfo[39m: Rebuilding 1 pages
2026-09-22T19:14:46.732Z - [36mverbose[39m: Rendering page: /Users/damithch/Repos/git-mastery/git-mastery.github.io/lessons/log/index.md
2026-09-22T19:14:46.751Z - [33mwarn[39m: You might have an invalid intra-link! Ignore this warning if it was intended.
'/lessons/log/def' found in file '/Users/damithch/Repos/git-mastery/git-mastery.github.io/lessons/log/text.md'
2026-09-22T19:14:46.752Z - [32minfo[39m: Site data built
2026-09-22T19:14:46.752Z - [32minfo[39m: Pages rebuilt
2026-09-22T19:14:46.752Z - [32minfo[39m: Website regeneration complete! Total build time: 0.152s
2026-09-22T19:14:58.145Z - [32minfo[39m: [03:14:58] Reload for file change: /Users/damithch/Repos/git-mastery/git-mastery.github.io/_markbind/boilerplates/unit-inPage-asFlat.md
2026-09-22T19:14:58.146Z - [32minfo[39m: Synchronizing opened pages list before reload
2026-09-22T19:14:58.146Z - [32minfo[39m: Current opened pages, from most-to-least recent:
2026-09-22T19:14:58.146Z - [32minfo[39m: 1. lessons/log/index
2026-09-22T19:14:59.155Z - [32minfo[39m: Rebuilding 1 pages
2026-09-22T19:14:59.333Z - [36mverbose[39m: Rendering page: /Users/damithch/Repos/git-mastery/git-mastery.github.io/lessons/log/index.md
2026-09-22T19:14:59.349Z - [33mwarn[39m: You might have an invalid intra-link! Ignore this warning if it was intended.
'/lessons/log/def' found in file '/Users/damithch/Repos/git-mastery/git-mastery.github.io/lessons/log/text.md'
2026-09-22T19:14:59.350Z - [32minfo[39m: Site data built
2026-09-22T19:14:59.350Z - [32minfo[39m: Pages rebuilt
2026-09-22T19:14:59.350Z - [32minfo[39m: Website regeneration complete! Total build time: 0.201s
2026-09-22T19:15:19.823Z - [32minfo[39m: [03:15:19] Reload for file change: /Users/damithch/Repos/git-mastery/git-mastery.github.io/_markbind/boilerplates/unit-inPage-asFlat.md
2026-09-22T19:15:19.825Z - [32minfo[39m: Synchronizing opened pages list before reload
2026-09-22T19:15:19.826Z - [32minfo[39m: Current opened pages, from most-to-least recent:
2026-09-22T19:15:19.826Z - [32minfo[39m: 1. lessons/log/index
2026-09-22T19:15:20.828Z - [32minfo[39m: Rebuilding 1 pages
2026-09-22T19:15:21.005Z - [36mverbose[39m: Rendering page: /Users/damithch/Repos/git-mastery/git-mastery.github.io/lessons/log/index.md
2026-09-22T19:15:21.020Z - [33mwarn[39m: You might have an invalid intra-link! Ignore this warning if it was intended.
'/lessons/log/def' found in file '/Users/damithch/Repos/git-mastery/git-mastery.github.io/lessons/log/text.md'
2026-09-22T19:15:21.024Z - [32minfo[39m: Site data built
2026-09-22T19:15:21.024Z - [32minfo[39m: Pages rebuilt
2026-09-22T19:15:21.024Z - [32minfo[39m: Website regeneration complete! Total build time: 0.197s
2026-09-22T19:17:13.186Z - [32minfo[39m: [03:17:13] Reload for file change: /Users/damithch/Repos/git-mastery/git-mastery.github.io/_markbind/boilerplates/unit-inPage-asFlat.md
2026-09-22T19:17:13.188Z - [32minfo[39m: Synchronizing opened pages list before reload
2026-09-22T19:17:13.189Z - [32minfo[39m: Current opened pages, from most-to-least recent:
2026-09-22T19:17:13.189Z - [32minfo[39m: 1. lessons/log/index
2026-09-22T19:17:14.193Z - [32minfo[39m: Rebuilding 1 pages
2026-09-22T19:17:14.380Z - [36mverbose[39m: Rendering page: /Users/damithch/Repos/git-mastery/git-mastery.github.io/lessons/log/index.md
2026-09-22T19:17:14.400Z - [33mwarn[39m: You might have an invalid intra-link! Ignore this warning if it was intended.
'/lessons/log/def' found in file '/Users/damithch/Repos/git-mastery/git-mastery.github.io/lessons/log/text.md'
2026-09-22T19:17:14.401Z - [32minfo[39m: Site data built
2026-09-22T19:17:14.401Z - [32minfo[39m: Pages rebuilt
2026-09-22T19:17:14.401Z - [32minfo[39m: Website regeneration complete! Total build time: 0.21s
2026-09-22T19:17:33.915Z - [32minfo[39m: [03:17:33] Reload for file change: /Users/damithch/Repos/git-mastery/git-mastery.github.io/_markbind/boilerplates/unit-inPage-asFlat.md
2026-09-22T19:17:33.920Z - [32minfo[39m: Synchronizing opened pages list before reload
2026-09-22T19:17:33.920Z - [32minfo[39m: Current opened pages, from most-to-least recent:
2026-09-22T19:17:33.921Z - [32minfo[39m: 1. lessons/log/index
2026-09-22T19:17:34.928Z - [32minfo[39m: Rebuilding 1 pages
2026-09-22T19:17:35.085Z - [36mverbose[39m: Rendering page: /Users/damithch/Repos/git-mastery/git-mastery.github.io/lessons/log/index.md
2026-09-22T19:17:35.105Z - [33mwarn[39m: You might have an invalid intra-link! Ignore this warning if it was intended.
'/lessons/log/def' found in file '/Users/damithch/Repos/git-mastery/git-mastery.github.io/lessons/log/text.md'
2026-09-22T19:17:35.105Z - [32minfo[39m: Site data built
2026-09-22T19:17:35.105Z - [32minfo[39m: Pages rebuilt
2026-09-22T19:17:35.105Z - [32minfo[39m: Website regeneration complete! Total build time: 0.182s
2026-09-22T19:17:48.106Z - [32minfo[39m: [03:17:48] Reload for file change: /Users/damithch/Repos/git-mastery/git-mastery.github.io/_markbind/boilerplates/unit-inPage-asFlat.md
2026-09-22T19:17:48.107Z - [32minfo[39m: Synchronizing opened pages list before reload
2026-09-22T19:17:48.108Z - [32minfo[39m: Current opened pages, from most-to-least recent:
2026-09-22T19:17:48.108Z - [32minfo[39m: 1. lessons/log/index
2026-09-22T19:17:49.110Z - [32minfo[39m: Rebuilding 1 pages
2026-09-22T19:17:49.282Z - [36mverbose[39m: Rendering page: /Users/damithch/Repos/git-mastery/git-mastery.github.io/lessons/log/index.md
2026-09-22T19:17:49.300Z - [33mwarn[39m: You might have an invalid intra-link! Ignore this warning if it was intended.
'/lessons/log/def' found in file '/Users/damithch/Repos/git-mastery/git-mastery.github.io/lessons/log/text.md'
2026-09-22T19:17:49.301Z - [32minfo[39m: Site data built
2026-09-22T19:17:49.301Z - [32minfo[39m: Pages rebuilt
2026-09-22T19:17:49.301Z - [32minfo[39m: Website regeneration complete! Total build time: 0.193s
2026-09-22T19:18:23.602Z - [32minfo[39m: [03:18:23] Reload for file change: /Users/damithch/Repos/git-mastery/git-mastery.github.io/_markbind/boilerplates/unit-inPage-asFlat.md
2026-09-22T19:18:23.603Z - [32minfo[39m: Synchronizing opened pages list before reload
2026-09-22T19:18:23.604Z - [32minfo[39m: Current opened pages, from most-to-least recent:
2026-09-22T19:18:23.604Z - [32minfo[39m: 1. lessons/log/index
2026-09-22T19:18:24.611Z - [32minfo[39m: Rebuilding 1 pages
2026-09-22T19:18:24.772Z - [36mverbose[39m: Rendering page: /Users/damithch/Repos/git-mastery/git-mastery.github.io/lessons/log/index.md
2026-09-22T19:18:24.794Z - [33mwarn[39m: You might have an invalid intra-link! Ignore this warning if it was intended.
'/lessons/log/def' found in file '/Users/damithch/Repos/git-mastery/git-mastery.github.io/lessons/log/text.md'
2026-09-22T19:18:24.795Z - [32minfo[39m: Site data built
2026-09-22T19:18:24.795Z - [32minfo[39m: Pages rebuilt
2026-09-22T19:18:24.795Z - [32minfo[39m: Website regeneration complete! Total build time: 0.189s
2026-09-22T19:18:41.610Z - [32minfo[39m: [03:18:41] Reload for file change: /Users/damithch/Repos/git-mastery/git-mastery.github.io/_markbind/boilerplates/unit-inPage-asFlat.md
2026-09-22T19:18:41.610Z - [32minfo[39m: Synchronizing opened pages list before reload
2026-09-22T19:18:41.610Z - [32minfo[39m: Current opened pages, from most-to-least recent:
2026-09-22T19:18:41.610Z - [32minfo[39m: 1. lessons/log/index
2026-09-22T19:18:42.612Z - [32minfo[39m: Rebuilding 1 pages
2026-09-22T19:18:42.786Z - [36mverbose[39m: Rendering page: /Users/damithch/Repos/git-mastery/git-mastery.github.io/lessons/log/index.md
2026-09-22T19:18:42.804Z - [33mwarn[39m: You might have an invalid intra-link! Ignore this warning if it was intended.
'/lessons/log/def' found in file '/Users/damithch/Repos/git-mastery/git-mastery.github.io/lessons/log/text.md'
2026-09-22T19:18:42.804Z - [32minfo[39m: Site data built
2026-09-22T19:18:42.804Z - [32minfo[39m: Pages rebuilt
2026-09-22T19:18:42.805Z - [32minfo[39m: Website regeneration complete! Total build time: 0.194s
2026-09-22T19:19:26.079Z - [32minfo[39m: [03:19:26] Reload for file change: /Users/damithch/Repos/git-mastery/git-mastery.github.io/_markbind/boilerplates/unit-inElsewhere-asFlat.md
2026-09-22T19:19:26.082Z - [32minfo[39m: Synchronizing opened pages list before reload
2026-09-22T19:19:26.084Z - [32minfo[39m: Current opened pages, from most-to-least recent:
2026-09-22T19:19:26.085Z - [32minfo[39m: 1. lessons/log/index
2026-09-22T19:19:27.089Z - [32minfo[39m: Rebuilding 1 pages
2026-09-22T19:19:27.238Z - [36mverbose[39m: Rendering page: /Users/damithch/Repos/git-mastery/git-mastery.github.io/lessons/log/index.md
2026-09-22T19:19:27.257Z - [33mwarn[39m: You might have an invalid intra-link! Ignore this warning if it was intended.
'/lessons/log/def' found in file '/Users/damithch/Repos/git-mastery/git-mastery.github.io/lessons/log/text.md'
2026-09-22T19:19:27.258Z - [32minfo[39m: Site data built
2026-09-22T19:19:27.258Z - [32minfo[39m: Pages rebuilt
2026-09-22T19:19:27.258Z - [32minfo[39m: Website regeneration complete! Total build time: 0.171s
2026-09-22T19:20:07.498Z - [32minfo[39m: [03:20:07] Reload for file change: /Users/damithch/Repos/git-mastery/git-mastery.github.io/lessons/log/text.md
2026-09-22T19:20:07.502Z - [32minfo[39m: Synchronizing opened pages list before reload
2026-09-22T19:20:07.506Z - [32minfo[39m: Current opened pages, from most-to-least recent:
2026-09-22T19:20:07.506Z - [32minfo[39m: 1. lessons/log/index
2026-09-22T19:20:08.516Z - [32minfo[39m: Rebuilding 1 pages
2026-09-22T19:20:08.572Z - [31merror[39m: Template render error: (/Users/damithch/Repos/git-mastery/git-mastery.github.io/lessons/log/text.md) [Line 107, Column 16]
  Template render error: (/Users/damithch/Repos/git-mastery/git-mastery.github.io/lessons/log/text.md) [Line 684, Column 17]
  Error: Unable to call `show_previous`, which is undefined or falsey
    at Object._prettifyError (/opt/homebrew/lib/node_modules/markbind-cli/node_modules/nunjucks/src/lib.js:32:11)
    at file:///opt/homebrew/lib/node_modules/markbind-cli/node_modules/@markbind/core/src/patches/nunjucks/context-overrides-frame.js:336:23
    at Template.root [as rootRenderFunc] (eval at _compile (/opt/homebrew/lib/node_modules/markbind-cli/node_modules/nunjucks/src/environment.js:527:18), <anonymous>:352:3)
    at Template.render (file:///opt/homebrew/lib/node_modules/markbind-cli/node_modules/@markbind/core/src/patches/nunjucks/context-overrides-frame.js:326:10)
    at file:///opt/homebrew/lib/node_modules/markbind-cli/node_modules/@markbind/core/src/patches/nunjucks/context-overrides-frame.js:55:31
    at createTemplate (file:///opt/homebrew/lib/node_modules/markbind-cli/node_modules/@markbind/core/src/patches/nunjucks/load-event.js:110:13)
    at handle (file:///opt/homebrew/lib/node_modules/markbind-cli/node_modules/@markbind/core/src/patches/nunjucks/load-event.js:123:17)
    at file:///opt/homebrew/lib/node_modules/markbind-cli/node_modules/@markbind/core/src/patches/nunjucks/load-event.js:134:13
    at next (/opt/homebrew/lib/node_modules/markbind-cli/node_modules/nunjucks/src/lib.js:258:7)
    at Object.asyncIter (/opt/homebrew/lib/node_modules/markbind-cli/node_modules/nunjucks/src/lib.js:263:3)
2026-09-22T19:20:08.574Z - [31merror[39m: Template render error: (/Users/damithch/Repos/git-mastery/git-mastery.github.io/lessons/log/text.md) [Line 107, Column 16]
  Template render error: (/Users/damithch/Repos/git-mastery/git-mastery.github.io/lessons/log/text.md) [Line 684, Column 17]
  Error: Unable to call `show_previous`, which is undefined or falsey
    at Object._prettifyError (/opt/homebrew/lib/node_modules/markbind-cli/node_modules/nunjucks/src/lib.js:32:11)
    at file:///opt/homebrew/lib/node_modules/markbind-cli/node_modules/@markbind/core/src/patches/nunjucks/context-overrides-frame.js:336:23
    at Template.root [as rootRenderFunc] (eval at _compile (/opt/homebrew/lib/node_modules/markbind-cli/node_modules/nunjucks/src/environment.js:527:18), <anonymous>:352:3)
    at Template.render (file:///opt/homebrew/lib/node_modules/markbind-cli/node_modules/@markbind/core/src/patches/nunjucks/context-overrides-frame.js:326:10)
    at file:///opt/homebrew/lib/node_modules/markbind-cli/node_modules/@markbind/core/src/patches/nunjucks/context-overrides-frame.js:55:31
    at Environment.getTemplate (file:///opt/homebrew/lib/node_modules/markbind-cli/node_modules/@markbind/core/src/patches/nunjucks/load-event.js:78:13)
    at Environment.render (file:///opt/homebrew/lib/node_modules/markbind-cli/node_modules/@markbind/core/src/patches/nunjucks/context-overrides-frame.js:47:10)
    at VariableRenderer.renderFile (file:///opt/homebrew/lib/node_modules/markbind-cli/node_modules/@markbind/core/src/variables/VariableRenderer.js:44:24)
    at VariableProcessor.renderWithSiteVariables (file:///opt/homebrew/lib/node_modules/markbind-cli/node_modules/@markbind/core/src/variables/VariableProcessor.js:125:57)
    at VariableProcessor.renderIncludeFile (file:///opt/homebrew/lib/node_modules/markbind-cli/node_modules/@markbind/core/src/variables/VariableProcessor.js:202:38)
2026-09-22T19:20:08.575Z - [31merror[39m: Template render error: (/Users/damithch/Repos/git-mastery/git-mastery.github.io/lessons/log/text.md) [Line 107, Column 16]
  Template render error: (/Users/damithch/Repos/git-mastery/git-mastery.github.io/lessons/log/text.md) [Line 684, Column 17]
  Error: Unable to call `show_previous`, which is undefined or falsey
    at Object._prettifyError (/opt/homebrew/lib/node_modules/markbind-cli/node_modules/nunjucks/src/lib.js:32:11)
    at file:///opt/homebrew/lib/node_modules/markbind-cli/node_modules/@markbind/core/src/patches/nunjucks/context-overrides-frame.js:336:23
    at Template.root [as rootRenderFunc] (eval at _compile (/opt/homebrew/lib/node_modules/markbind-cli/node_modules/nunjucks/src/environment.js:527:18), <anonymous>:352:3)
    at Template.render (file:///opt/homebrew/lib/node_modules/markbind-cli/node_modules/@markbind/core/src/patches/nunjucks/context-overrides-frame.js:326:10)
    at file:///opt/homebrew/lib/node_modules/markbind-cli/node_modules/@markbind/core/src/patches/nunjucks/context-overrides-frame.js:55:31
    at Environment.getTemplate (file:///opt/homebrew/lib/node_modules/markbind-cli/node_modules/@markbind/core/src/patches/nunjucks/load-event.js:78:13)
    at Environment.render (file:///opt/homebrew/lib/node_modules/markbind-cli/node_modules/@markbind/core/src/patches/nunjucks/context-overrides-frame.js:47:10)
    at VariableRenderer.renderFile (file:///opt/homebrew/lib/node_modules/markbind-cli/node_modules/@markbind/core/src/variables/VariableRenderer.js:44:24)
    at VariableProcessor.renderWithSiteVariables (file:///opt/homebrew/lib/node_modules/markbind-cli/node_modules/@markbind/core/src/variables/VariableProcessor.js:125:57)
    at VariableProcessor.renderIncludeFile (file:///opt/homebrew/lib/node_modules/markbind-cli/node_modules/@markbind/core/src/variables/VariableProcessor.js:202:38)
2026-09-22T19:20:08.576Z - [31merror[39m: Template render error: (/Users/damithch/Repos/git-mastery/git-mastery.github.io/lessons/log/text.md) [Line 107, Column 16]
  Template render error: (/Users/damithch/Repos/git-mastery/git-mastery.github.io/lessons/log/text.md) [Line 684, Column 17]
  Error: Unable to call `show_previous`, which is undefined or falsey
    at Object._prettifyError (/opt/homebrew/lib/node_modules/markbind-cli/node_modules/nunjucks/src/lib.js:32:11)
    at file:///opt/homebrew/lib/node_modules/markbind-cli/node_modules/@markbind/core/src/patches/nunjucks/context-overrides-frame.js:336:23
    at Template.root [as rootRenderFunc] (eval at _compile (/opt/homebrew/lib/node_modules/markbind-cli/node_modules/nunjucks/src/environment.js:527:18), <anonymous>:352:3)
    at Template.render (file:///opt/homebrew/lib/node_modules/markbind-cli/node_modules/@markbind/core/src/patches/nunjucks/context-overrides-frame.js:326:10)
    at file:///opt/homebrew/lib/node_modules/markbind-cli/node_modules/@markbind/core/src/patches/nunjucks/context-overrides-frame.js:55:31
    at Environment.getTemplate (file:///opt/homebrew/lib/node_modules/markbind-cli/node_modules/@markbind/core/src/patches/nunjucks/load-event.js:78:13)
    at Environment.render (file:///opt/homebrew/lib/node_modules/markbind-cli/node_modules/@markbind/core/src/patches/nunjucks/context-overrides-frame.js:47:10)
    at VariableRenderer.renderFile (file:///opt/homebrew/lib/node_modules/markbind-cli/node_modules/@markbind/core/src/variables/VariableRenderer.js:44:24)
    at VariableProcessor.renderWithSiteVariables (file:///opt/homebrew/lib/node_modules/markbind-cli/node_modules/@markbind/core/src/variables/VariableProcessor.js:125:57)
    at VariableProcessor.renderIncludeFile (file:///opt/homebrew/lib/node_modules/markbind-cli/node_modules/@markbind/core/src/variables/VariableProcessor.js:202:38)
2026-09-22T19:20:08.577Z - [31merror[39m: Template render error: (/Users/damithch/Repos/git-mastery/git-mastery.github.io/lessons/log/text.md) [Line 107, Column 16]
  Template render error: (/Users/damithch/Repos/git-mastery/git-mastery.github.io/lessons/log/text.md) [Line 684, Column 17]
  Error: Unable to call `show_previous`, which is undefined or falsey
    at Object._prettifyError (/opt/homebrew/lib/node_modules/markbind-cli/node_modules/nunjucks/src/lib.js:32:11)
    at file:///opt/homebrew/lib/node_modules/markbind-cli/node_modules/@markbind/core/src/patches/nunjucks/context-overrides-frame.js:336:23
    at Template.root [as rootRenderFunc] (eval at _compile (/opt/homebrew/lib/node_modules/markbind-cli/node_modules/nunjucks/src/environment.js:527:18), <anonymous>:352:3)
    at Template.render (file:///opt/homebrew/lib/node_modules/markbind-cli/node_modules/@markbind/core/src/patches/nunjucks/context-overrides-frame.js:326:10)
    at file:///opt/homebrew/lib/node_modules/markbind-cli/node_modules/@markbind/core/src/patches/nunjucks/context-overrides-frame.js:55:31
    at Environment.getTemplate (file:///opt/homebrew/lib/node_modules/markbind-cli/node_modules/@markbind/core/src/patches/nunjucks/load-event.js:78:13)
    at Environment.render (file:///opt/homebrew/lib/node_modules/markbind-cli/node_modules/@markbind/core/src/patches/nunjucks/context-overrides-frame.js:47:10)
    at VariableRenderer.renderFile (file:///opt/homebrew/lib/node_modules/markbind-cli/node_modules/@markbind/core/src/variables/VariableRenderer.js:44:24)
    at VariableProcessor.renderWithSiteVariables (file:///opt/homebrew/lib/node_modules/markbind-cli/node_modules/@markbind/core/src/variables/VariableProcessor.js:125:57)
    at VariableProcessor.renderIncludeFile (file:///opt/homebrew/lib/node_modules/markbind-cli/node_modules/@markbind/core/src/variables/VariableProcessor.js:202:38)
2026-09-22T19:20:08.578Z - [31merror[39m: Template render error: (/Users/damithch/Repos/git-mastery/git-mastery.github.io/lessons/log/text.md) [Line 107, Column 16]
  Template render error: (/Users/damithch/Repos/git-mastery/git-mastery.github.io/lessons/log/text.md) [Line 684, Column 17]
  Error: Unable to call `show_previous`, which is undefined or falsey
    at Object._prettifyError (/opt/homebrew/lib/node_modules/markbind-cli/node_modules/nunjucks/src/lib.js:32:11)
    at file:///opt/homebrew/lib/node_modules/markbind-cli/node_modules/@markbind/core/src/patches/nunjucks/context-overrides-frame.js:336:23
    at Template.root [as rootRenderFunc] (eval at _compile (/opt/homebrew/lib/node_modules/markbind-cli/node_modules/nunjucks/src/environment.js:527:18), <anonymous>:352:3)
    at Template.render (file:///opt/homebrew/lib/node_modules/markbind-cli/node_modules/@markbind/core/src/patches/nunjucks/context-overrides-frame.js:326:10)
    at file:///opt/homebrew/lib/node_modules/markbind-cli/node_modules/@markbind/core/src/patches/nunjucks/context-overrides-frame.js:55:31
    at Environment.getTemplate (file:///opt/homebrew/lib/node_modules/markbind-cli/node_modules/@markbind/core/src/patches/nunjucks/load-event.js:78:13)
    at Environment.render (file:///opt/homebrew/lib/node_modules/markbind-cli/node_modules/@markbind/core/src/patches/nunjucks/context-overrides-frame.js:47:10)
    at VariableRenderer.renderFile (file:///opt/homebrew/lib/node_modules/markbind-cli/node_modules/@markbind/core/src/variables/VariableRenderer.js:44:24)
    at VariableProcessor.renderWithSiteVariables (file:///opt/homebrew/lib/node_modules/markbind-cli/node_modules/@markbind/core/src/variables/VariableProcessor.js:125:57)
    at VariableProcessor.renderIncludeFile (file:///opt/homebrew/lib/node_modules/markbind-cli/node_modules/@markbind/core/src/variables/VariableProcessor.js:202:38)
2026-09-22T19:20:08.599Z - [36mverbose[39m: Rendering page: /Users/damithch/Repos/git-mastery/git-mastery.github.io/lessons/log/index.md
2026-09-22T19:20:08.610Z - [32minfo[39m: Site data built
2026-09-22T19:20:08.610Z - [32minfo[39m: Pages rebuilt
2026-09-22T19:20:08.610Z - [32minfo[39m: Website regeneration complete! Total build time: 0.101s
2026-09-22T19:20:26.550Z - [32minfo[39m: [03:20:26] Reload for file change: /Users/damithch/Repos/git-mastery/git-mastery.github.io/lessons/log/text.md
2026-09-22T19:20:26.552Z - [32minfo[39m: Synchronizing opened pages list before reload
2026-09-22T19:20:26.552Z - [32minfo[39m: Current opened pages, from most-to-least recent:
2026-09-22T19:20:26.552Z - [32minfo[39m: 1. lessons/log/index
2026-09-22T19:20:27.566Z - [32minfo[39m: Rebuilding 1 pages
2026-09-22T19:20:27.716Z - [36mverbose[39m: Rendering page: /Users/damithch/Repos/git-mastery/git-mastery.github.io/lessons/log/index.md
2026-09-22T19:20:27.728Z - [33mwarn[39m: You might have an invalid intra-link! Ignore this warning if it was intended.
'/lessons/log/def' found in file '/Users/damithch/Repos/git-mastery/git-mastery.github.io/lessons/log/text.md'
2026-09-22T19:20:27.728Z - [32minfo[39m: Site data built
2026-09-22T19:20:27.728Z - [32minfo[39m: Pages rebuilt
2026-09-22T19:20:27.728Z - [32minfo[39m: Website regeneration complete! Total build time: 0.169s
2026-09-22T19:21:48.283Z - [32minfo[39m: [03:21:48] Reload for file change: /Users/damithch/Repos/git-mastery/git-mastery.github.io/lessons/log/text.md
2026-09-22T19:21:48.287Z - [32minfo[39m: Synchronizing opened pages list before reload
2026-09-22T19:21:48.288Z - [32minfo[39m: Current opened pages, from most-to-least recent:
2026-09-22T19:21:48.288Z - [32minfo[39m: 1. lessons/log/index
2026-09-22T19:21:49.313Z - [32minfo[39m: Rebuilding 1 pages
2026-09-22T19:21:49.353Z - [31merror[39m: Template render error: (/Users/damithch/Repos/git-mastery/git-mastery.github.io/lessons/log/text.md) [Line 108, Column 47]
  unexpected token: ,
    at Object._prettifyError (/opt/homebrew/lib/node_modules/markbind-cli/node_modules/nunjucks/src/lib.js:32:11)
    at Template.render (file:///opt/homebrew/lib/node_modules/markbind-cli/node_modules/@markbind/core/src/patches/nunjucks/context-overrides-frame.js:313:23)
    at file:///opt/homebrew/lib/node_modules/markbind-cli/node_modules/@markbind/core/src/patches/nunjucks/context-overrides-frame.js:55:31
    at createTemplate (file:///opt/homebrew/lib/node_modules/markbind-cli/node_modules/@markbind/core/src/patches/nunjucks/load-event.js:110:13)
    at handle (file:///opt/homebrew/lib/node_modules/markbind-cli/node_modules/@markbind/core/src/patches/nunjucks/load-event.js:123:17)
    at file:///opt/homebrew/lib/node_modules/markbind-cli/node_modules/@markbind/core/src/patches/nunjucks/load-event.js:134:13
    at next (/opt/homebrew/lib/node_modules/markbind-cli/node_modules/nunjucks/src/lib.js:258:7)
    at Object.asyncIter (/opt/homebrew/lib/node_modules/markbind-cli/node_modules/nunjucks/src/lib.js:263:3)
    at Environment.getTemplate (file:///opt/homebrew/lib/node_modules/markbind-cli/node_modules/@markbind/core/src/patches/nunjucks/load-event.js:116:9)
    at Environment.render (file:///opt/homebrew/lib/node_modules/markbind-cli/node_modules/@markbind/core/src/patches/nunjucks/context-overrides-frame.js:47:10)
2026-09-22T19:21:49.355Z - [31merror[39m: Template render error: (/Users/damithch/Repos/git-mastery/git-mastery.github.io/lessons/log/text.md) [Line 108, Column 47]
  unexpected token: ,
    at Object._prettifyError (/opt/homebrew/lib/node_modules/markbind-cli/node_modules/nunjucks/src/lib.js:32:11)
    at Template.render (file:///opt/homebrew/lib/node_modules/markbind-cli/node_modules/@markbind/core/src/patches/nunjucks/context-overrides-frame.js:313:23)
    at file:///opt/homebrew/lib/node_modules/markbind-cli/node_modules/@markbind/core/src/patches/nunjucks/context-overrides-frame.js:55:31
    at Environment.getTemplate (file:///opt/homebrew/lib/node_modules/markbind-cli/node_modules/@markbind/core/src/patches/nunjucks/load-event.js:78:13)
    at Environment.render (file:///opt/homebrew/lib/node_modules/markbind-cli/node_modules/@markbind/core/src/patches/nunjucks/context-overrides-frame.js:47:10)
    at VariableRenderer.renderFile (file:///opt/homebrew/lib/node_modules/markbind-cli/node_modules/@markbind/core/src/variables/VariableRenderer.js:44:24)
    at VariableProcessor.renderWithSiteVariables (file:///opt/homebrew/lib/node_modules/markbind-cli/node_modules/@markbind/core/src/variables/VariableProcessor.js:125:57)
    at VariableProcessor.renderIncludeFile (file:///opt/homebrew/lib/node_modules/markbind-cli/node_modules/@markbind/core/src/variables/VariableProcessor.js:202:38)
    at processInclude (file:///opt/homebrew/lib/node_modules/markbind-cli/node_modules/@markbind/core/src/html/includePanelProcessor.js:166:68)
    at NodeProcessor.processNode (file:///opt/homebrew/lib/node_modules/markbind-cli/node_modules/@markbind/core/src/html/NodeProcessor.js:138:28)
2026-09-22T19:21:49.356Z - [31merror[39m: Template render error: (/Users/damithch/Repos/git-mastery/git-mastery.github.io/lessons/log/text.md) [Line 108, Column 47]
  unexpected token: ,
    at Object._prettifyError (/opt/homebrew/lib/node_modules/markbind-cli/node_modules/nunjucks/src/lib.js:32:11)
    at Template.render (file:///opt/homebrew/lib/node_modules/markbind-cli/node_modules/@markbind/core/src/patches/nunjucks/context-overrides-frame.js:313:23)
    at file:///opt/homebrew/lib/node_modules/markbind-cli/node_modules/@markbind/core/src/patches/nunjucks/context-overrides-frame.js:55:31
    at Environment.getTemplate (file:///opt/homebrew/lib/node_modules/markbind-cli/node_modules/@markbind/core/src/patches/nunjucks/load-event.js:78:13)
    at Environment.render (file:///opt/homebrew/lib/node_modules/markbind-cli/node_modules/@markbind/core/src/patches/nunjucks/context-overrides-frame.js:47:10)
    at VariableRenderer.renderFile (file:///opt/homebrew/lib/node_modules/markbind-cli/node_modules/@markbind/core/src/variables/VariableRenderer.js:44:24)
    at VariableProcessor.renderWithSiteVariables (file:///opt/homebrew/lib/node_modules/markbind-cli/node_modules/@markbind/core/src/variables/VariableProcessor.js:125:57)
    at VariableProcessor.renderIncludeFile (file:///opt/homebrew/lib/node_modules/markbind-cli/node_modules/@markbind/core/src/variables/VariableProcessor.js:202:38)
    at processInclude (file:///opt/homebrew/lib/node_modules/markbind-cli/node_modules/@markbind/core/src/html/includePanelProcessor.js:166:68)
    at NodeProcessor.processNode (file:///opt/homebrew/lib/node_modules/markbind-cli/node_modules/@markbind/core/src/html/NodeProcessor.js:138:28)
2026-09-22T19:21:49.357Z - [31merror[39m: Template render error: (/Users/damithch/Repos/git-mastery/git-mastery.github.io/lessons/log/text.md) [Line 108, Column 47]
  unexpected token: ,
    at Object._prettifyError (/opt/homebrew/lib/node_modules/markbind-cli/node_modules/nunjucks/src/lib.js:32:11)
    at Template.render (file:///opt/homebrew/lib/node_modules/markbind-cli/node_modules/@markbind/core/src/patches/nunjucks/context-overrides-frame.js:313:23)
    at file:///opt/homebrew/lib/node_modules/markbind-cli/node_modules/@markbind/core/src/patches/nunjucks/context-overrides-frame.js:55:31
    at Environment.getTemplate (file:///opt/homebrew/lib/node_modules/markbind-cli/node_modules/@markbind/core/src/patches/nunjucks/load-event.js:78:13)
    at Environment.render (file:///opt/homebrew/lib/node_modules/markbind-cli/node_modules/@markbind/core/src/patches/nunjucks/context-overrides-frame.js:47:10)
    at VariableRenderer.renderFile (file:///opt/homebrew/lib/node_modules/markbind-cli/node_modules/@markbind/core/src/variables/VariableRenderer.js:44:24)
    at VariableProcessor.renderWithSiteVariables (file:///opt/homebrew/lib/node_modules/markbind-cli/node_modules/@markbind/core/src/variables/VariableProcessor.js:125:57)
    at VariableProcessor.renderIncludeFile (file:///opt/homebrew/lib/node_modules/markbind-cli/node_modules/@markbind/core/src/variables/VariableProcessor.js:202:38)
    at processInclude (file:///opt/homebrew/lib/node_modules/markbind-cli/node_modules/@markbind/core/src/html/includePanelProcessor.js:166:68)
    at NodeProcessor.processNode (file:///opt/homebrew/lib/node_modules/markbind-cli/node_modules/@markbind/core/src/html/NodeProcessor.js:138:28)
2026-09-22T19:21:49.357Z - [31merror[39m: Template render error: (/Users/damithch/Repos/git-mastery/git-mastery.github.io/lessons/log/text.md) [Line 108, Column 47]
  unexpected token: ,
    at Object._prettifyError (/opt/homebrew/lib/node_modules/markbind-cli/node_modules/nunjucks/src/lib.js:32:11)
    at Template.render (file:///opt/homebrew/lib/node_modules/markbind-cli/node_modules/@markbind/core/src/patches/nunjucks/context-overrides-frame.js:313:23)
    at file:///opt/homebrew/lib/node_modules/markbind-cli/node_modules/@markbind/core/src/patches/nunjucks/context-overrides-frame.js:55:31
    at Environment.getTemplate (file:///opt/homebrew/lib/node_modules/markbind-cli/node_modules/@markbind/core/src/patches/nunjucks/load-event.js:78:13)
    at Environment.render (file:///opt/homebrew/lib/node_modules/markbind-cli/node_modules/@markbind/core/src/patches/nunjucks/context-overrides-frame.js:47:10)
    at VariableRenderer.renderFile (file:///opt/homebrew/lib/node_modules/markbind-cli/node_modules/@markbind/core/src/variables/VariableRenderer.js:44:24)
    at VariableProcessor.renderWithSiteVariables (file:///opt/homebrew/lib/node_modules/markbind-cli/node_modules/@markbind/core/src/variables/VariableProcessor.js:125:57)
    at VariableProcessor.renderIncludeFile (file:///opt/homebrew/lib/node_modules/markbind-cli/node_modules/@markbind/core/src/variables/VariableProcessor.js:202:38)
    at processInclude (file:///opt/homebrew/lib/node_modules/markbind-cli/node_modules/@markbind/core/src/html/includePanelProcessor.js:166:68)
    at NodeProcessor.processNode (file:///opt/homebrew/lib/node_modules/markbind-cli/node_modules/@markbind/core/src/html/NodeProcessor.js:138:28)
2026-09-22T19:21:49.358Z - [31merror[39m: Template render error: (/Users/damithch/Repos/git-mastery/git-mastery.github.io/lessons/log/text.md) [Line 108, Column 47]
  unexpected token: ,
    at Object._prettifyError (/opt/homebrew/lib/node_modules/markbind-cli/node_modules/nunjucks/src/lib.js:32:11)
    at Template.render (file:///opt/homebrew/lib/node_modules/markbind-cli/node_modules/@markbind/core/src/patches/nunjucks/context-overrides-frame.js:313:23)
    at file:///opt/homebrew/lib/node_modules/markbind-cli/node_modules/@markbind/core/src/patches/nunjucks/context-overrides-frame.js:55:31
    at Environment.getTemplate (file:///opt/homebrew/lib/node_modules/markbind-cli/node_modules/@markbind/core/src/patches/nunjucks/load-event.js:78:13)
    at Environment.render (file:///opt/homebrew/lib/node_modules/markbind-cli/node_modules/@markbind/core/src/patches/nunjucks/context-overrides-frame.js:47:10)
    at VariableRenderer.renderFile (file:///opt/homebrew/lib/node_modules/markbind-cli/node_modules/@markbind/core/src/variables/VariableRenderer.js:44:24)
    at VariableProcessor.renderWithSiteVariables (file:///opt/homebrew/lib/node_modules/markbind-cli/node_modules/@markbind/core/src/variables/VariableProcessor.js:125:57)
    at VariableProcessor.renderIncludeFile (file:///opt/homebrew/lib/node_modules/markbind-cli/node_modules/@markbind/core/src/variables/VariableProcessor.js:202:38)
    at processInclude (file:///opt/homebrew/lib/node_modules/markbind-cli/node_modules/@markbind/core/src/html/includePanelProcessor.js:166:68)
    at NodeProcessor.processNode (file:///opt/homebrew/lib/node_modules/markbind-cli/node_modules/@markbind/core/src/html/NodeProcessor.js:138:28)
2026-09-22T19:21:49.370Z - [36mverbose[39m: Rendering page: /Users/damithch/Repos/git-mastery/git-mastery.github.io/lessons/log/index.md
2026-09-22T19:21:49.378Z - [32minfo[39m: Site data built
2026-09-22T19:21:49.378Z - [32minfo[39m: Pages rebuilt
2026-09-22T19:21:49.378Z - [32minfo[39m: Website regeneration complete! Total build time: 0.085s
2026-09-22T19:21:56.453Z - [32minfo[39m: [03:21:56] Reload for file change: /Users/damithch/Repos/git-mastery/git-mastery.github.io/lessons/log/text.md
2026-09-22T19:21:56.454Z - [32minfo[39m: Synchronizing opened pages list before reload
2026-09-22T19:21:56.455Z - [32minfo[39m: Current opened pages, from most-to-least recent:
2026-09-22T19:21:56.456Z - [32minfo[39m: 1. lessons/log/index
2026-09-22T19:21:57.467Z - [32minfo[39m: Rebuilding 1 pages
2026-09-22T19:21:57.612Z - [36mverbose[39m: Rendering page: /Users/damithch/Repos/git-mastery/git-mastery.github.io/lessons/log/index.md
2026-09-22T19:21:57.625Z - [33mwarn[39m: You might have an invalid intra-link! Ignore this warning if it was intended.
'/lessons/log/def' found in file '/Users/damithch/Repos/git-mastery/git-mastery.github.io/lessons/log/text.md'
2026-09-22T19:21:57.626Z - [32minfo[39m: Site data built
2026-09-22T19:21:57.626Z - [32minfo[39m: Pages rebuilt
2026-09-22T19:21:57.626Z - [32minfo[39m: Website regeneration complete! Total build time: 0.166s
2026-09-22T19:23:41.229Z - [32minfo[39m: [03:23:41] Reload for file change: /Users/damithch/Repos/git-mastery/git-mastery.github.io/lessons/log/text.md
2026-09-22T19:23:41.233Z - [32minfo[39m: Synchronizing opened pages list before reload
2026-09-22T19:23:41.234Z - [32minfo[39m: Current opened pages, from most-to-least recent:
2026-09-22T19:23:41.235Z - [32minfo[39m: 1. lessons/log/index
2026-09-22T19:23:42.239Z - [32minfo[39m: Rebuilding 1 pages
2026-09-22T19:23:42.427Z - [36mverbose[39m: Rendering page: /Users/damithch/Repos/git-mastery/git-mastery.github.io/lessons/log/index.md
2026-09-22T19:23:42.444Z - [33mwarn[39m: You might have an invalid intra-link! Ignore this warning if it was intended.
'/lessons/log/def' found in file '/Users/damithch/Repos/git-mastery/git-mastery.github.io/lessons/log/text.md'
2026-09-22T19:23:42.445Z - [32minfo[39m: Site data built
2026-09-22T19:23:42.445Z - [32minfo[39m: Pages rebuilt
2026-09-22T19:23:42.445Z - [32minfo[39m: Website regeneration complete! Total build time: 0.209s
2026-09-22T19:23:52.808Z - [32minfo[39m: [03:23:52] Reload for file change: /Users/damithch/Repos/git-mastery/git-mastery.github.io/lessons/log/text.md
2026-09-22T19:23:52.808Z - [32minfo[39m: Synchronizing opened pages list before reload
2026-09-22T19:23:52.808Z - [32minfo[39m: Current opened pages, from most-to-least recent:
2026-09-22T19:23:52.808Z - [32minfo[39m: 1. lessons/log/index
2026-09-22T19:23:53.810Z - [32minfo[39m: Rebuilding 1 pages
2026-09-22T19:23:53.985Z - [36mverbose[39m: Rendering page: /Users/damithch/Repos/git-mastery/git-mastery.github.io/lessons/log/index.md
2026-09-22T19:23:54.002Z - [33mwarn[39m: You might have an invalid intra-link! Ignore this warning if it was intended.
'/lessons/log/def' found in file '/Users/damithch/Repos/git-mastery/git-mastery.github.io/lessons/log/text.md'
2026-09-22T19:23:54.004Z - [32minfo[39m: Site data built
2026-09-22T19:23:54.004Z - [32minfo[39m: Pages rebuilt
2026-09-22T19:23:54.004Z - [32minfo[39m: Website regeneration complete! Total build time: 0.195s
2026-09-22T19:25:41.918Z - [32minfo[39m: [03:25:41] Reload for file change: /Users/damithch/Repos/git-mastery/git-mastery.github.io/lessons/log/text.md
2026-09-22T19:25:41.923Z - [32minfo[39m: Synchronizing opened pages list before reload
2026-09-22T19:25:41.924Z - [32minfo[39m: Current opened pages, from most-to-least recent:
2026-09-22T19:25:41.925Z - [32minfo[39m: 1. lessons/log/index
2026-09-22T19:25:41.927Z - [32minfo[39m: [03:25:41] Reload for file change: /Users/damithch/Repos/git-mastery/git-mastery.github.io/common/macros.njk
2026-09-22T19:25:41.927Z - [32minfo[39m: Synchronizing opened pages list before reload
2026-09-22T19:25:41.927Z - [32minfo[39m: Current opened pages, from most-to-least recent:
2026-09-22T19:25:41.927Z - [32minfo[39m: 1. lessons/log/index
2026-09-22T19:25:43.032Z - [32minfo[39m: Rebuilding 1 pages
2026-09-22T19:25:43.178Z - [36mverbose[39m: Rendering page: /Users/damithch/Repos/git-mastery/git-mastery.github.io/lessons/log/index.md
2026-09-22T19:25:43.197Z - [33mwarn[39m: You might have an invalid intra-link! Ignore this warning if it was intended.
'/lessons/trail/backingUpOnCloud/end.html' found in file '/Users/damithch/Repos/git-mastery/git-mastery.github.io/_markbind/layouts/lessons.md'
2026-09-22T19:25:43.197Z - [33mwarn[39m: You might have an invalid intra-link! Ignore this warning if it was intended.
'/lessons/trail/workingWithRemotes/end.html' found in file '/Users/damithch/Repos/git-mastery/git-mastery.github.io/_markbind/layouts/lessons.md'
2026-09-22T19:25:43.197Z - [33mwarn[39m: You might have an invalid intra-link! Ignore this warning if it was intended.
'/lessons/trail/usingRevisionHistory/end.html' found in file '/Users/damithch/Repos/git-mastery/git-mastery.github.io/_markbind/layouts/lessons.md'
2026-09-22T19:25:43.197Z - [33mwarn[39m: You might have an invalid intra-link! Ignore this warning if it was intended.
'/lessons/trail/fineTuningHistory/end.html' found in file '/Users/damithch/Repos/git-mastery/git-mastery.github.io/_markbind/layouts/lessons.md'
2026-09-22T19:25:43.197Z - [33mwarn[39m: You might have an invalid intra-link! Ignore this warning if it was intended.
'/lessons/trail/branchingLocally/end.html' found in file '/Users/damithch/Repos/git-mastery/git-mastery.github.io/_markbind/layouts/lessons.md'
2026-09-22T19:25:43.197Z - [33mwarn[39m: You might have an invalid intra-link! Ignore this warning if it was intended.
'/lessons/trail/syncingBranches/end.html' found in file '/Users/damithch/Repos/git-mastery/git-mastery.github.io/_markbind/layouts/lessons.md'
2026-09-22T19:25:43.197Z - [33mwarn[39m: You might have an invalid intra-link! Ignore this warning if it was intended.
'/lessons/trail/remoteBranches/end.html' found in file '/Users/damithch/Repos/git-mastery/git-mastery.github.io/_markbind/layouts/lessons.md'
2026-09-22T19:25:43.198Z - [33mwarn[39m: You might have an invalid intra-link! Ignore this warning if it was intended.
'/lessons/trail/workingWithPrs/end.html' found in file '/Users/damithch/Repos/git-mastery/git-mastery.github.io/_markbind/layouts/lessons.md'
2026-09-22T19:25:43.198Z - [33mwarn[39m: You might have an invalid intra-link! Ignore this warning if it was intended.
'/lessons/trail/managingProjects/end.html' found in file '/Users/damithch/Repos/git-mastery/git-mastery.github.io/_markbind/layouts/lessons.md'
2026-09-22T19:25:43.198Z - [33mwarn[39m: You might have an invalid intra-link! Ignore this warning if it was intended.
'/lessons/log/abc' found in file '/Users/damithch/Repos/git-mastery/git-mastery.github.io/lessons/log/text.md'
2026-09-22T19:25:43.198Z - [33mwarn[39m: You might have an invalid intra-link! Ignore this warning if it was intended.
'/lessons/log/def' found in file '/Users/damithch/Repos/git-mastery/git-mastery.github.io/lessons/log/text.md'
2026-09-22T19:25:43.199Z - [32minfo[39m: Site data built
2026-09-22T19:25:43.199Z - [32minfo[39m: Pages rebuilt
2026-09-22T19:25:43.199Z - [32minfo[39m: Website regeneration complete! Total build time: 0.177s
2026-09-22T19:26:30.979Z - [32minfo[39m: [03:26:30] Reload for file change: /Users/damithch/Repos/git-mastery/git-mastery.github.io/common/macros.njk
2026-09-22T19:26:30.983Z - [32minfo[39m: Synchronizing opened pages list before reload
2026-09-22T19:26:30.983Z - [32minfo[39m: Current opened pages, from most-to-least recent:
2026-09-22T19:26:30.983Z - [32minfo[39m: 1. lessons/log/index
2026-09-22T19:26:32.069Z - [32minfo[39m: Rebuilding 1 pages
2026-09-22T19:26:32.195Z - [36mverbose[39m: Rendering page: /Users/damithch/Repos/git-mastery/git-mastery.github.io/lessons/log/index.md
2026-09-22T19:26:32.213Z - [33mwarn[39m: You might have an invalid intra-link! Ignore this warning if it was intended.
'/lessons/trail/backingUpOnCloud/end.html' found in file '/Users/damithch/Repos/git-mastery/git-mastery.github.io/_markbind/layouts/lessons.md'
2026-09-22T19:26:32.213Z - [33mwarn[39m: You might have an invalid intra-link! Ignore this warning if it was intended.
'/lessons/trail/workingWithRemotes/end.html' found in file '/Users/damithch/Repos/git-mastery/git-mastery.github.io/_markbind/layouts/lessons.md'
2026-09-22T19:26:32.213Z - [33mwarn[39m: You might have an invalid intra-link! Ignore this warning if it was intended.
'/lessons/trail/usingRevisionHistory/end.html' found in file '/Users/damithch/Repos/git-mastery/git-mastery.github.io/_markbind/layouts/lessons.md'
2026-09-22T19:26:32.213Z - [33mwarn[39m: You might have an invalid intra-link! Ignore this warning if it was intended.
'/lessons/trail/fineTuningHistory/end.html' found in file '/Users/damithch/Repos/git-mastery/git-mastery.github.io/_markbind/layouts/lessons.md'
2026-09-22T19:26:32.213Z - [33mwarn[39m: You might have an invalid intra-link! Ignore this warning if it was intended.
'/lessons/trail/branchingLocally/end.html' found in file '/Users/damithch/Repos/git-mastery/git-mastery.github.io/_markbind/layouts/lessons.md'
2026-09-22T19:26:32.213Z - [33mwarn[39m: You might have an invalid intra-link! Ignore this warning if it was intended.
'/lessons/trail/syncingBranches/end.html' found in file '/Users/damithch/Repos/git-mastery/git-mastery.github.io/_markbind/layouts/lessons.md'
2026-09-22T19:26:32.213Z - [33mwarn[39m: You might have an invalid intra-link! Ignore this warning if it was intended.
'/lessons/trail/remoteBranches/end.html' found in file '/Users/damithch/Repos/git-mastery/git-mastery.github.io/_markbind/layouts/lessons.md'
2026-09-22T19:26:32.213Z - [33mwarn[39m: You might have an invalid intra-link! Ignore this warning if it was intended.
'/lessons/trail/workingWithPrs/end.html' found in file '/Users/damithch/Repos/git-mastery/git-mastery.github.io/_markbind/layouts/lessons.md'
2026-09-22T19:26:32.213Z - [33mwarn[39m: You might have an invalid intra-link! Ignore this warning if it was intended.
'/lessons/trail/managingProjects/end.html' found in file '/Users/damithch/Repos/git-mastery/git-mastery.github.io/_markbind/layouts/lessons.md'
2026-09-22T19:26:32.213Z - [33mwarn[39m: You might have an invalid intra-link! Ignore this warning if it was intended.
'/lessons/log/abc' found in file '/Users/damithch/Repos/git-mastery/git-mastery.github.io/lessons/log/text.md'
2026-09-22T19:26:32.213Z - [33mwarn[39m: You might have an invalid intra-link! Ignore this warning if it was intended.
'/lessons/log/def' found in file '/Users/damithch/Repos/git-mastery/git-mastery.github.io/lessons/log/text.md'
2026-09-22T19:26:32.215Z - [32minfo[39m: Site data built
2026-09-22T19:26:32.215Z - [32minfo[39m: Pages rebuilt
2026-09-22T19:26:32.215Z - [32minfo[39m: Website regeneration complete! Total build time: 0.155s
2026-09-22T19:26:52.776Z - [32minfo[39m: [03:26:52] Reload for file change: /Users/damithch/Repos/git-mastery/git-mastery.github.io/common/macros.njk
2026-09-22T19:26:52.781Z - [32minfo[39m: Synchronizing opened pages list before reload
2026-09-22T19:26:52.783Z - [32minfo[39m: Current opened pages, from most-to-least recent:
2026-09-22T19:26:52.783Z - [32minfo[39m: 1. lessons/log/index
2026-09-22T19:26:53.864Z - [32minfo[39m: Rebuilding 1 pages
2026-09-22T19:26:53.994Z - [36mverbose[39m: Rendering page: /Users/damithch/Repos/git-mastery/git-mastery.github.io/lessons/log/index.md
2026-09-22T19:26:54.006Z - [33mwarn[39m: You might have an invalid intra-link! Ignore this warning if it was intended.
'/lessons/trail/backingUpOnCloud/end.html' found in file '/Users/damithch/Repos/git-mastery/git-mastery.github.io/_markbind/layouts/lessons.md'
2026-09-22T19:26:54.007Z - [33mwarn[39m: You might have an invalid intra-link! Ignore this warning if it was intended.
'/lessons/trail/workingWithRemotes/end.html' found in file '/Users/damithch/Repos/git-mastery/git-mastery.github.io/_markbind/layouts/lessons.md'
2026-09-22T19:26:54.007Z - [33mwarn[39m: You might have an invalid intra-link! Ignore this warning if it was intended.
'/lessons/trail/usingRevisionHistory/end.html' found in file '/Users/damithch/Repos/git-mastery/git-mastery.github.io/_markbind/layouts/lessons.md'
2026-09-22T19:26:54.007Z - [33mwarn[39m: You might have an invalid intra-link! Ignore this warning if it was intended.
'/lessons/trail/fineTuningHistory/end.html' found in file '/Users/damithch/Repos/git-mastery/git-mastery.github.io/_markbind/layouts/lessons.md'
2026-09-22T19:26:54.007Z - [33mwarn[39m: You might have an invalid intra-link! Ignore this warning if it was intended.
'/lessons/trail/branchingLocally/end.html' found in file '/Users/damithch/Repos/git-mastery/git-mastery.github.io/_markbind/layouts/lessons.md'
2026-09-22T19:26:54.007Z - [33mwarn[39m: You might have an invalid intra-link! Ignore this warning if it was intended.
'/lessons/trail/syncingBranches/end.html' found in file '/Users/damithch/Repos/git-mastery/git-mastery.github.io/_markbind/layouts/lessons.md'
2026-09-22T19:26:54.007Z - [33mwarn[39m: You might have an invalid intra-link! Ignore this warning if it was intended.
'/lessons/trail/remoteBranches/end.html' found in file '/Users/damithch/Repos/git-mastery/git-mastery.github.io/_markbind/layouts/lessons.md'
2026-09-22T19:26:54.007Z - [33mwarn[39m: You might have an invalid intra-link! Ignore this warning if it was intended.
'/lessons/trail/workingWithPrs/end.html' found in file '/Users/damithch/Repos/git-mastery/git-mastery.github.io/_markbind/layouts/lessons.md'
2026-09-22T19:26:54.007Z - [33mwarn[39m: You might have an invalid intra-link! Ignore this warning if it was intended.
'/lessons/trail/managingProjects/end.html' found in file '/Users/damithch/Repos/git-mastery/git-mastery.github.io/_markbind/layouts/lessons.md'
2026-09-22T19:26:54.007Z - [33mwarn[39m: You might have an invalid intra-link! Ignore this warning if it was intended.
'/lessons/log/abc' found in file '/Users/damithch/Repos/git-mastery/git-mastery.github.io/lessons/log/text.md'
2026-09-22T19:26:54.007Z - [33mwarn[39m: You might have an invalid intra-link! Ignore this warning if it was intended.
'/lessons/log/def' found in file '/Users/damithch/Repos/git-mastery/git-mastery.github.io/lessons/log/text.md'
2026-09-22T19:26:54.008Z - [32minfo[39m: Site data built
2026-09-22T19:26:54.008Z - [32minfo[39m: Pages rebuilt
2026-09-22T19:26:54.008Z - [32minfo[39m: Website regeneration complete! Total build time: 0.145s
2026-09-22T19:27:09.335Z - [32minfo[39m: [03:27:09] Reload for file change: /Users/damithch/Repos/git-mastery/git-mastery.github.io/common/macros.njk
2026-09-22T19:27:09.340Z - [32minfo[39m: Synchronizing opened pages list before reload
2026-09-22T19:27:09.340Z - [32minfo[39m: Current opened pages, from most-to-least recent:
2026-09-22T19:27:09.340Z - [32minfo[39m: 1. lessons/log/index
2026-09-22T19:27:10.419Z - [32minfo[39m: Rebuilding 1 pages
2026-09-22T19:27:10.544Z - [36mverbose[39m: Rendering page: /Users/damithch/Repos/git-mastery/git-mastery.github.io/lessons/log/index.md
2026-09-22T19:27:10.562Z - [33mwarn[39m: You might have an invalid intra-link! Ignore this warning if it was intended.
'/lessons/trail/backingUpOnCloud/end.html' found in file '/Users/damithch/Repos/git-mastery/git-mastery.github.io/_markbind/layouts/lessons.md'
2026-09-22T19:27:10.562Z - [33mwarn[39m: You might have an invalid intra-link! Ignore this warning if it was intended.
'/lessons/trail/workingWithRemotes/end.html' found in file '/Users/damithch/Repos/git-mastery/git-mastery.github.io/_markbind/layouts/lessons.md'
2026-09-22T19:27:10.562Z - [33mwarn[39m: You might have an invalid intra-link! Ignore this warning if it was intended.
'/lessons/trail/usingRevisionHistory/end.html' found in file '/Users/damithch/Repos/git-mastery/git-mastery.github.io/_markbind/layouts/lessons.md'
2026-09-22T19:27:10.562Z - [33mwarn[39m: You might have an invalid intra-link! Ignore this warning if it was intended.
'/lessons/trail/fineTuningHistory/end.html' found in file '/Users/damithch/Repos/git-mastery/git-mastery.github.io/_markbind/layouts/lessons.md'
2026-09-22T19:27:10.562Z - [33mwarn[39m: You might have an invalid intra-link! Ignore this warning if it was intended.
'/lessons/trail/branchingLocally/end.html' found in file '/Users/damithch/Repos/git-mastery/git-mastery.github.io/_markbind/layouts/lessons.md'
2026-09-22T19:27:10.562Z - [33mwarn[39m: You might have an invalid intra-link! Ignore this warning if it was intended.
'/lessons/trail/syncingBranches/end.html' found in file '/Users/damithch/Repos/git-mastery/git-mastery.github.io/_markbind/layouts/lessons.md'
2026-09-22T19:27:10.562Z - [33mwarn[39m: You might have an invalid intra-link! Ignore this warning if it was intended.
'/lessons/trail/remoteBranches/end.html' found in file '/Users/damithch/Repos/git-mastery/git-mastery.github.io/_markbind/layouts/lessons.md'
2026-09-22T19:27:10.562Z - [33mwarn[39m: You might have an invalid intra-link! Ignore this warning if it was intended.
'/lessons/trail/workingWithPrs/end.html' found in file '/Users/damithch/Repos/git-mastery/git-mastery.github.io/_markbind/layouts/lessons.md'
2026-09-22T19:27:10.562Z - [33mwarn[39m: You might have an invalid intra-link! Ignore this warning if it was intended.
'/lessons/trail/managingProjects/end.html' found in file '/Users/damithch/Repos/git-mastery/git-mastery.github.io/_markbind/layouts/lessons.md'
2026-09-22T19:27:10.562Z - [33mwarn[39m: You might have an invalid intra-link! Ignore this warning if it was intended.
'/lessons/log/abc' found in file '/Users/damithch/Repos/git-mastery/git-mastery.github.io/lessons/log/text.md'
2026-09-22T19:27:10.562Z - [33mwarn[39m: You might have an invalid intra-link! Ignore this warning if it was intended.
'/lessons/log/def' found in file '/Users/damithch/Repos/git-mastery/git-mastery.github.io/lessons/log/text.md'
2026-09-22T19:27:10.563Z - [32minfo[39m: Site data built
2026-09-22T19:27:10.563Z - [32minfo[39m: Pages rebuilt
2026-09-22T19:27:10.563Z - [32minfo[39m: Website regeneration complete! Total build time: 0.145s
2026-09-22T19:28:11.216Z - [32minfo[39m: [03:28:11] Reload for file change: /Users/damithch/Repos/git-mastery/git-mastery.github.io/common/macros.njk
2026-09-22T19:28:11.218Z - [32minfo[39m: Synchronizing opened pages list before reload
2026-09-22T19:28:11.218Z - [32minfo[39m: Current opened pages, from most-to-least recent:
2026-09-22T19:28:11.240Z - [32minfo[39m: 1. lessons/log/index
2026-09-22T19:28:12.297Z - [32minfo[39m: Rebuilding 1 pages
2026-09-22T19:28:12.445Z - [36mverbose[39m: Rendering page: /Users/damithch/Repos/git-mastery/git-mastery.github.io/lessons/log/index.md
2026-09-22T19:28:12.456Z - [33mwarn[39m: You might have an invalid intra-link! Ignore this warning if it was intended.
'/lessons/trail/backingUpOnCloud/end.html' found in file '/Users/damithch/Repos/git-mastery/git-mastery.github.io/_markbind/layouts/lessons.md'
2026-09-22T19:28:12.456Z - [33mwarn[39m: You might have an invalid intra-link! Ignore this warning if it was intended.
'/lessons/trail/workingWithRemotes/end.html' found in file '/Users/damithch/Repos/git-mastery/git-mastery.github.io/_markbind/layouts/lessons.md'
2026-09-22T19:28:12.456Z - [33mwarn[39m: You might have an invalid intra-link! Ignore this warning if it was intended.
'/lessons/trail/usingRevisionHistory/end.html' found in file '/Users/damithch/Repos/git-mastery/git-mastery.github.io/_markbind/layouts/lessons.md'
2026-09-22T19:28:12.456Z - [33mwarn[39m: You might have an invalid intra-link! Ignore this warning if it was intended.
'/lessons/trail/fineTuningHistory/end.html' found in file '/Users/damithch/Repos/git-mastery/git-mastery.github.io/_markbind/layouts/lessons.md'
2026-09-22T19:28:12.456Z - [33mwarn[39m: You might have an invalid intra-link! Ignore this warning if it was intended.
'/lessons/trail/branchingLocally/end.html' found in file '/Users/damithch/Repos/git-mastery/git-mastery.github.io/_markbind/layouts/lessons.md'
2026-09-22T19:28:12.456Z - [33mwarn[39m: You might have an invalid intra-link! Ignore this warning if it was intended.
'/lessons/trail/syncingBranches/end.html' found in file '/Users/damithch/Repos/git-mastery/git-mastery.github.io/_markbind/layouts/lessons.md'
2026-09-22T19:28:12.456Z - [33mwarn[39m: You might have an invalid intra-link! Ignore this warning if it was intended.
'/lessons/trail/remoteBranches/end.html' found in file '/Users/damithch/Repos/git-mastery/git-mastery.github.io/_markbind/layouts/lessons.md'
2026-09-22T19:28:12.457Z - [33mwarn[39m: You might have an invalid intra-link! Ignore this warning if it was intended.
'/lessons/trail/workingWithPrs/end.html' found in file '/Users/damithch/Repos/git-mastery/git-mastery.github.io/_markbind/layouts/lessons.md'
2026-09-22T19:28:12.457Z - [33mwarn[39m: You might have an invalid intra-link! Ignore this warning if it was intended.
'/lessons/trail/managingProjects/end.html' found in file '/Users/damithch/Repos/git-mastery/git-mastery.github.io/_markbind/layouts/lessons.md'
2026-09-22T19:28:12.457Z - [33mwarn[39m: You might have an invalid intra-link! Ignore this warning if it was intended.
'/lessons/log/def' found in file '/Users/damithch/Repos/git-mastery/git-mastery.github.io/lessons/log/text.md'
2026-09-22T19:28:12.458Z - [32minfo[39m: Site data built
2026-09-22T19:28:12.458Z - [32minfo[39m: Pages rebuilt
2026-09-22T19:28:12.458Z - [32minfo[39m: Website regeneration complete! Total build time: 0.162s
2026-09-22T19:28:17.943Z - [32minfo[39m: Building /Users/damithch/Repos/git-mastery/git-mastery.github.io/lessons/commit/index as some of its dependencies were changed since the last visit
2026-09-22T19:28:18.117Z - [36mverbose[39m: Rendering page: /Users/damithch/Repos/git-mastery/git-mastery.github.io/lessons/commit/index.md
2026-09-22T19:28:18.133Z - [32minfo[39m: Site data built
2026-09-22T19:28:18.133Z - [32minfo[39m: Lazy website regeneration complete! Total build time: 0.191s
2026-09-22T19:29:58.456Z - [32minfo[39m: [03:29:58] Reload for file change: /Users/damithch/Repos/git-mastery/git-mastery.github.io/common/macros.njk
2026-09-22T19:29:58.458Z - [32minfo[39m: Synchronizing opened pages list before reload
2026-09-22T19:29:58.459Z - [32minfo[39m: No pages are currently opened
2026-09-22T19:29:59.535Z - [32minfo[39m: No pages needed to be rebuilt
2026-09-22T19:59:04.426Z - [32minfo[39m: [03:59:04] Reload for file change: /Users/damithch/Repos/git-mastery/git-mastery.github.io/common/macros.njk
2026-09-22T19:59:04.433Z - [32minfo[39m: Synchronizing opened pages list before reload
2026-09-22T19:59:04.435Z - [32minfo[39m: No pages are currently opened
2026-09-22T19:59:04.441Z - [32minfo[39m: [03:59:04] Reload for file change: /Users/damithch/Repos/git-mastery/git-mastery.github.io/lessons/log/text.md
2026-09-22T19:59:04.441Z - [32minfo[39m: Synchronizing opened pages list before reload
2026-09-22T19:59:04.441Z - [32minfo[39m: No pages are currently opened
2026-09-22T19:59:05.505Z - [32minfo[39m: No pages needed to be rebuilt
2026-09-22T20:00:08.664Z - [32minfo[39m: [04:00:08] Reload for file change: /Users/damithch/Repos/git-mastery/git-mastery.github.io/common/macros.njk
2026-09-22T20:00:08.670Z - [32minfo[39m: Synchronizing opened pages list before reload
2026-09-22T20:00:08.673Z - [32minfo[39m: Current opened pages, from most-to-least recent:
2026-09-22T20:00:08.673Z - [32minfo[39m: 1. lessons/log/index
2026-09-22T20:00:09.745Z - [32minfo[39m: Rebuilding 1 pages
2026-09-22T20:00:09.751Z - [31merror[39m: Template render error: (/Users/damithch/Repos/git-mastery/git-mastery.github.io/lessons/log/text.md)
  Template render error: (/Users/damithch/Repos/git-mastery/git-mastery.github.io/lessons/log/text.md)
  Template render error: (/Users/damithch/Repos/git-mastery/git-mastery.github.io/lessons/log/text.md)
  Error: cannot import 'show_next_link'
    at Object._prettifyError (/opt/homebrew/lib/node_modules/markbind-cli/node_modules/nunjucks/src/lib.js:32:11)
    at file:///opt/homebrew/lib/node_modules/markbind-cli/node_modules/@markbind/core/src/patches/nunjucks/context-overrides-frame.js:336:23
    at Template.root [as rootRenderFunc] (eval at _compile (/opt/homebrew/lib/node_modules/markbind-cli/node_modules/nunjucks/src/environment.js:527:18), <anonymous>:358:3)
    at Template.render (file:///opt/homebrew/lib/node_modules/markbind-cli/node_modules/@markbind/core/src/patches/nunjucks/context-overrides-frame.js:326:10)
    at file:///opt/homebrew/lib/node_modules/markbind-cli/node_modules/@markbind/core/src/patches/nunjucks/context-overrides-frame.js:55:31
    at createTemplate (file:///opt/homebrew/lib/node_modules/markbind-cli/node_modules/@markbind/core/src/patches/nunjucks/load-event.js:110:13)
    at handle (file:///opt/homebrew/lib/node_modules/markbind-cli/node_modules/@markbind/core/src/patches/nunjucks/load-event.js:123:17)
    at file:///opt/homebrew/lib/node_modules/markbind-cli/node_modules/@markbind/core/src/patches/nunjucks/load-event.js:134:13
    at next (/opt/homebrew/lib/node_modules/markbind-cli/node_modules/nunjucks/src/lib.js:258:7)
    at Object.asyncIter (/opt/homebrew/lib/node_modules/markbind-cli/node_modules/nunjucks/src/lib.js:263:3)
2026-09-22T20:00:09.753Z - [31merror[39m: Template render error: (/Users/damithch/Repos/git-mastery/git-mastery.github.io/lessons/log/text.md)
  Template render error: (/Users/damithch/Repos/git-mastery/git-mastery.github.io/lessons/log/text.md)
  Template render error: (/Users/damithch/Repos/git-mastery/git-mastery.github.io/lessons/log/text.md)
  Error: cannot import 'show_next_link'
    at Object._prettifyError (/opt/homebrew/lib/node_modules/markbind-cli/node_modules/nunjucks/src/lib.js:32:11)
    at file:///opt/homebrew/lib/node_modules/markbind-cli/node_modules/@markbind/core/src/patches/nunjucks/context-overrides-frame.js:336:23
    at Template.root [as rootRenderFunc] (eval at _compile (/opt/homebrew/lib/node_modules/markbind-cli/node_modules/nunjucks/src/environment.js:527:18), <anonymous>:358:3)
    at Template.render (file:///opt/homebrew/lib/node_modules/markbind-cli/node_modules/@markbind/core/src/patches/nunjucks/context-overrides-frame.js:326:10)
    at file:///opt/homebrew/lib/node_modules/markbind-cli/node_modules/@markbind/core/src/patches/nunjucks/context-overrides-frame.js:55:31
    at Environment.getTemplate (file:///opt/homebrew/lib/node_modules/markbind-cli/node_modules/@markbind/core/src/patches/nunjucks/load-event.js:78:13)
    at Environment.render (file:///opt/homebrew/lib/node_modules/markbind-cli/node_modules/@markbind/core/src/patches/nunjucks/context-overrides-frame.js:47:10)
    at VariableRenderer.renderFile (file:///opt/homebrew/lib/node_modules/markbind-cli/node_modules/@markbind/core/src/variables/VariableRenderer.js:44:24)
    at VariableProcessor.renderWithSiteVariables (file:///opt/homebrew/lib/node_modules/markbind-cli/node_modules/@markbind/core/src/variables/VariableProcessor.js:125:57)
    at VariableProcessor.renderIncludeFile (file:///opt/homebrew/lib/node_modules/markbind-cli/node_modules/@markbind/core/src/variables/VariableProcessor.js:202:38)
2026-09-22T20:00:09.754Z - [31merror[39m: Template render error: (/Users/damithch/Repos/git-mastery/git-mastery.github.io/lessons/log/text.md)
  Template render error: (/Users/damithch/Repos/git-mastery/git-mastery.github.io/lessons/log/text.md)
  Template render error: (/Users/damithch/Repos/git-mastery/git-mastery.github.io/lessons/log/text.md)
  Error: cannot import 'show_next_link'
    at Object._prettifyError (/opt/homebrew/lib/node_modules/markbind-cli/node_modules/nunjucks/src/lib.js:32:11)
    at file:///opt/homebrew/lib/node_modules/markbind-cli/node_modules/@markbind/core/src/patches/nunjucks/context-overrides-frame.js:336:23
    at Template.root [as rootRenderFunc] (eval at _compile (/opt/homebrew/lib/node_modules/markbind-cli/node_modules/nunjucks/src/environment.js:527:18), <anonymous>:358:3)
    at Template.render (file:///opt/homebrew/lib/node_modules/markbind-cli/node_modules/@markbind/core/src/patches/nunjucks/context-overrides-frame.js:326:10)
    at file:///opt/homebrew/lib/node_modules/markbind-cli/node_modules/@markbind/core/src/patches/nunjucks/context-overrides-frame.js:55:31
    at Environment.getTemplate (file:///opt/homebrew/lib/node_modules/markbind-cli/node_modules/@markbind/core/src/patches/nunjucks/load-event.js:78:13)
    at Environment.render (file:///opt/homebrew/lib/node_modules/markbind-cli/node_modules/@markbind/core/src/patches/nunjucks/context-overrides-frame.js:47:10)
    at VariableRenderer.renderFile (file:///opt/homebrew/lib/node_modules/markbind-cli/node_modules/@markbind/core/src/variables/VariableRenderer.js:44:24)
    at VariableProcessor.renderWithSiteVariables (file:///opt/homebrew/lib/node_modules/markbind-cli/node_modules/@markbind/core/src/variables/VariableProcessor.js:125:57)
    at VariableProcessor.renderIncludeFile (file:///opt/homebrew/lib/node_modules/markbind-cli/node_modules/@markbind/core/src/variables/VariableProcessor.js:202:38)
2026-09-22T20:00:09.756Z - [31merror[39m: Template render error: (/Users/damithch/Repos/git-mastery/git-mastery.github.io/lessons/log/text.md)
  Template render error: (/Users/damithch/Repos/git-mastery/git-mastery.github.io/lessons/log/text.md)
  Template render error: (/Users/damithch/Repos/git-mastery/git-mastery.github.io/lessons/log/text.md)
  Error: cannot import 'show_next_link'
    at Object._prettifyError (/opt/homebrew/lib/node_modules/markbind-cli/node_modules/nunjucks/src/lib.js:32:11)
    at file:///opt/homebrew/lib/node_modules/markbind-cli/node_modules/@markbind/core/src/patches/nunjucks/context-overrides-frame.js:336:23
    at Template.root [as rootRenderFunc] (eval at _compile (/opt/homebrew/lib/node_modules/markbind-cli/node_modules/nunjucks/src/environment.js:527:18), <anonymous>:358:3)
    at Template.render (file:///opt/homebrew/lib/node_modules/markbind-cli/node_modules/@markbind/core/src/patches/nunjucks/context-overrides-frame.js:326:10)
    at file:///opt/homebrew/lib/node_modules/markbind-cli/node_modules/@markbind/core/src/patches/nunjucks/context-overrides-frame.js:55:31
    at Environment.getTemplate (file:///opt/homebrew/lib/node_modules/markbind-cli/node_modules/@markbind/core/src/patches/nunjucks/load-event.js:78:13)
    at Environment.render (file:///opt/homebrew/lib/node_modules/markbind-cli/node_modules/@markbind/core/src/patches/nunjucks/context-overrides-frame.js:47:10)
    at VariableRenderer.renderFile (file:///opt/homebrew/lib/node_modules/markbind-cli/node_modules/@markbind/core/src/variables/VariableRenderer.js:44:24)
    at VariableProcessor.renderWithSiteVariables (file:///opt/homebrew/lib/node_modules/markbind-cli/node_modules/@markbind/core/src/variables/VariableProcessor.js:125:57)
    at VariableProcessor.renderIncludeFile (file:///opt/homebrew/lib/node_modules/markbind-cli/node_modules/@markbind/core/src/variables/VariableProcessor.js:202:38)
2026-09-22T20:00:09.756Z - [31merror[39m: Template render error: (/Users/damithch/Repos/git-mastery/git-mastery.github.io/lessons/log/text.md)
  Template render error: (/Users/damithch/Repos/git-mastery/git-mastery.github.io/lessons/log/text.md)
  Template render error: (/Users/damithch/Repos/git-mastery/git-mastery.github.io/lessons/log/text.md)
  Error: cannot import 'show_next_link'
    at Object._prettifyError (/opt/homebrew/lib/node_modules/markbind-cli/node_modules/nunjucks/src/lib.js:32:11)
    at file:///opt/homebrew/lib/node_modules/markbind-cli/node_modules/@markbind/core/src/patches/nunjucks/context-overrides-frame.js:336:23
    at Template.root [as rootRenderFunc] (eval at _compile (/opt/homebrew/lib/node_modules/markbind-cli/node_modules/nunjucks/src/environment.js:527:18), <anonymous>:358:3)
    at Template.render (file:///opt/homebrew/lib/node_modules/markbind-cli/node_modules/@markbind/core/src/patches/nunjucks/context-overrides-frame.js:326:10)
    at file:///opt/homebrew/lib/node_modules/markbind-cli/node_modules/@markbind/core/src/patches/nunjucks/context-overrides-frame.js:55:31
    at Environment.getTemplate (file:///opt/homebrew/lib/node_modules/markbind-cli/node_modules/@markbind/core/src/patches/nunjucks/load-event.js:78:13)
    at Environment.render (file:///opt/homebrew/lib/node_modules/markbind-cli/node_modules/@markbind/core/src/patches/nunjucks/context-overrides-frame.js:47:10)
    at VariableRenderer.renderFile (file:///opt/homebrew/lib/node_modules/markbind-cli/node_modules/@markbind/core/src/variables/VariableRenderer.js:44:24)
    at VariableProcessor.renderWithSiteVariables (file:///opt/homebrew/lib/node_modules/markbind-cli/node_modules/@markbind/core/src/variables/VariableProcessor.js:125:57)
    at VariableProcessor.renderIncludeFile (file:///opt/homebrew/lib/node_modules/markbind-cli/node_modules/@markbind/core/src/variables/VariableProcessor.js:202:38)
2026-09-22T20:00:09.757Z - [31merror[39m: Template render error: (/Users/damithch/Repos/git-mastery/git-mastery.github.io/lessons/log/text.md)
  Template render error: (/Users/damithch/Repos/git-mastery/git-mastery.github.io/lessons/log/text.md)
  Template render error: (/Users/damithch/Repos/git-mastery/git-mastery.github.io/lessons/log/text.md)
  Error: cannot import 'show_next_link'
    at Object._prettifyError (/opt/homebrew/lib/node_modules/markbind-cli/node_modules/nunjucks/src/lib.js:32:11)
    at file:///opt/homebrew/lib/node_modules/markbind-cli/node_modules/@markbind/core/src/patches/nunjucks/context-overrides-frame.js:336:23
    at Template.root [as rootRenderFunc] (eval at _compile (/opt/homebrew/lib/node_modules/markbind-cli/node_modules/nunjucks/src/environment.js:527:18), <anonymous>:358:3)
    at Template.render (file:///opt/homebrew/lib/node_modules/markbind-cli/node_modules/@markbind/core/src/patches/nunjucks/context-overrides-frame.js:326:10)
    at file:///opt/homebrew/lib/node_modules/markbind-cli/node_modules/@markbind/core/src/patches/nunjucks/context-overrides-frame.js:55:31
    at Environment.getTemplate (file:///opt/homebrew/lib/node_modules/markbind-cli/node_modules/@markbind/core/src/patches/nunjucks/load-event.js:78:13)
    at Environment.render (file:///opt/homebrew/lib/node_modules/markbind-cli/node_modules/@markbind/core/src/patches/nunjucks/context-overrides-frame.js:47:10)
    at VariableRenderer.renderFile (file:///opt/homebrew/lib/node_modules/markbind-cli/node_modules/@markbind/core/src/variables/VariableRenderer.js:44:24)
    at VariableProcessor.renderWithSiteVariables (file:///opt/homebrew/lib/node_modules/markbind-cli/node_modules/@markbind/core/src/variables/VariableProcessor.js:125:57)
    at VariableProcessor.renderIncludeFile (file:///opt/homebrew/lib/node_modules/markbind-cli/node_modules/@markbind/core/src/variables/VariableProcessor.js:202:38)
2026-09-22T20:00:09.779Z - [36mverbose[39m: Rendering page: /Users/damithch/Repos/git-mastery/git-mastery.github.io/lessons/log/index.md
2026-09-22T20:00:09.796Z - [33mwarn[39m: You might have an invalid intra-link! Ignore this warning if it was intended.
'/lessons/trail/backingUpOnCloud/end.html' found in file '/Users/damithch/Repos/git-mastery/git-mastery.github.io/_markbind/layouts/lessons.md'
2026-09-22T20:00:09.796Z - [33mwarn[39m: You might have an invalid intra-link! Ignore this warning if it was intended.
'/lessons/trail/workingWithRemotes/end.html' found in file '/Users/damithch/Repos/git-mastery/git-mastery.github.io/_markbind/layouts/lessons.md'
2026-09-22T20:00:09.796Z - [33mwarn[39m: You might have an invalid intra-link! Ignore this warning if it was intended.
'/lessons/trail/usingRevisionHistory/end.html' found in file '/Users/damithch/Repos/git-mastery/git-mastery.github.io/_markbind/layouts/lessons.md'
2026-09-22T20:00:09.796Z - [33mwarn[39m: You might have an invalid intra-link! Ignore this warning if it was intended.
'/lessons/trail/fineTuningHistory/end.html' found in file '/Users/damithch/Repos/git-mastery/git-mastery.github.io/_markbind/layouts/lessons.md'
2026-09-22T20:00:09.796Z - [33mwarn[39m: You might have an invalid intra-link! Ignore this warning if it was intended.
'/lessons/trail/branchingLocally/end.html' found in file '/Users/damithch/Repos/git-mastery/git-mastery.github.io/_markbind/layouts/lessons.md'
2026-09-22T20:00:09.796Z - [33mwarn[39m: You might have an invalid intra-link! Ignore this warning if it was intended.
'/lessons/trail/syncingBranches/end.html' found in file '/Users/damithch/Repos/git-mastery/git-mastery.github.io/_markbind/layouts/lessons.md'
2026-09-22T20:00:09.796Z - [33mwarn[39m: You might have an invalid intra-link! Ignore this warning if it was intended.
'/lessons/trail/remoteBranches/end.html' found in file '/Users/damithch/Repos/git-mastery/git-mastery.github.io/_markbind/layouts/lessons.md'
2026-09-22T20:00:09.796Z - [33mwarn[39m: You might have an invalid intra-link! Ignore this warning if it was intended.
'/lessons/trail/workingWithPrs/end.html' found in file '/Users/damithch/Repos/git-mastery/git-mastery.github.io/_markbind/layouts/lessons.md'
2026-09-22T20:00:09.796Z - [33mwarn[39m: You might have an invalid intra-link! Ignore this warning if it was intended.
'/lessons/trail/managingProjects/end.html' found in file '/Users/damithch/Repos/git-mastery/git-mastery.github.io/_markbind/layouts/lessons.md'
2026-09-22T20:00:09.797Z - [32minfo[39m: Site data built
2026-09-22T20:00:09.797Z - [32minfo[39m: Pages rebuilt
2026-09-22T20:00:09.797Z - [32minfo[39m: Website regeneration complete! Total build time: 0.053s
2026-09-22T20:00:35.519Z - [32minfo[39m: [04:00:35] Reload for file change: /Users/damithch/Repos/git-mastery/git-mastery.github.io/common/macros.njk
2026-09-22T20:00:35.524Z - [32minfo[39m: Synchronizing opened pages list before reload
2026-09-22T20:00:35.524Z - [32minfo[39m: Current opened pages, from most-to-least recent:
2026-09-22T20:00:35.525Z - [32minfo[39m: 1. lessons/log/index
2026-09-22T20:00:36.586Z - [32minfo[39m: Rebuilding 1 pages
2026-09-22T20:00:36.695Z - [36mverbose[39m: Rendering page: /Users/damithch/Repos/git-mastery/git-mastery.github.io/lessons/log/index.md
2026-09-22T20:00:36.714Z - [33mwarn[39m: You might have an invalid intra-link! Ignore this warning if it was intended.
'/lessons/trail/backingUpOnCloud/end.html' found in file '/Users/damithch/Repos/git-mastery/git-mastery.github.io/_markbind/layouts/lessons.md'
2026-09-22T20:00:36.714Z - [33mwarn[39m: You might have an invalid intra-link! Ignore this warning if it was intended.
'/lessons/trail/workingWithRemotes/end.html' found in file '/Users/damithch/Repos/git-mastery/git-mastery.github.io/_markbind/layouts/lessons.md'
2026-09-22T20:00:36.714Z - [33mwarn[39m: You might have an invalid intra-link! Ignore this warning if it was intended.
'/lessons/trail/usingRevisionHistory/end.html' found in file '/Users/damithch/Repos/git-mastery/git-mastery.github.io/_markbind/layouts/lessons.md'
2026-09-22T20:00:36.714Z - [33mwarn[39m: You might have an invalid intra-link! Ignore this warning if it was intended.
'/lessons/trail/fineTuningHistory/end.html' found in file '/Users/damithch/Repos/git-mastery/git-mastery.github.io/_markbind/layouts/lessons.md'
2026-09-22T20:00:36.714Z - [33mwarn[39m: You might have an invalid intra-link! Ignore this warning if it was intended.
'/lessons/trail/branchingLocally/end.html' found in file '/Users/damithch/Repos/git-mastery/git-mastery.github.io/_markbind/layouts/lessons.md'
2026-09-22T20:00:36.714Z - [33mwarn[39m: You might have an invalid intra-link! Ignore this warning if it was intended.
'/lessons/trail/syncingBranches/end.html' found in file '/Users/damithch/Repos/git-mastery/git-mastery.github.io/_markbind/layouts/lessons.md'
2026-09-22T20:00:36.714Z - [33mwarn[39m: You might have an invalid intra-link! Ignore this warning if it was intended.
'/lessons/trail/remoteBranches/end.html' found in file '/Users/damithch/Repos/git-mastery/git-mastery.github.io/_markbind/layouts/lessons.md'
2026-09-22T20:00:36.714Z - [33mwarn[39m: You might have an invalid intra-link! Ignore this warning if it was intended.
'/lessons/trail/workingWithPrs/end.html' found in file '/Users/damithch/Repos/git-mastery/git-mastery.github.io/_markbind/layouts/lessons.md'
2026-09-22T20:00:36.714Z - [33mwarn[39m: You might have an invalid intra-link! Ignore this warning if it was intended.
'/lessons/trail/managingProjects/end.html' found in file '/Users/damithch/Repos/git-mastery/git-mastery.github.io/_markbind/layouts/lessons.md'
2026-09-22T20:00:36.715Z - [32minfo[39m: Site data built
2026-09-22T20:00:36.715Z - [32minfo[39m: Pages rebuilt
2026-09-22T20:00:36.715Z - [32minfo[39m: Website regeneration complete! Total build time: 0.13s
2026-09-22T20:00:46.611Z - [32minfo[39m: Building /Users/damithch/Repos/git-mastery/git-mastery.github.io/lessons/trail/recordingFolderHistory/end as some of its dependencies were changed since the last visit
2026-09-22T20:00:46.676Z - [36mverbose[39m: Rendering page: /Users/damithch/Repos/git-mastery/git-mastery.github.io/lessons/trail/recordingFolderHistory/end.md
2026-09-22T20:00:46.686Z - [32minfo[39m: Site data built
2026-09-22T20:00:46.686Z - [32minfo[39m: Lazy website regeneration complete! Total build time: 0.075s
2026-09-22T20:03:34.628Z - [32minfo[39m: [04:03:34] Reload for file change: /Users/damithch/Repos/git-mastery/git-mastery.github.io/common/macros.njk
2026-09-22T20:03:34.632Z - [32minfo[39m: Synchronizing opened pages list before reload
2026-09-22T20:03:34.633Z - [32minfo[39m: No pages are currently opened
2026-09-22T20:03:35.737Z - [32minfo[39m: No pages needed to be rebuilt
2026-09-22T20:04:06.899Z - [32minfo[39m: [04:04:06] Reload for file change: /Users/damithch/Repos/git-mastery/git-mastery.github.io/common/macros.njk
2026-09-22T20:04:06.902Z - [32minfo[39m: Synchronizing opened pages list before reload
2026-09-22T20:04:06.902Z - [32minfo[39m: Current opened pages, from most-to-least recent:
2026-09-22T20:04:06.902Z - [32minfo[39m: 1. lessons/log/index
2026-09-22T20:04:07.961Z - [32minfo[39m: Rebuilding 1 pages
2026-09-22T20:04:08.077Z - [36mverbose[39m: Rendering page: /Users/damithch/Repos/git-mastery/git-mastery.github.io/lessons/log/index.md
2026-09-22T20:04:08.091Z - [33mwarn[39m: You might have an invalid intra-link! Ignore this warning if it was intended.
'/lessons/trail/backingUpOnCloud/end.html' found in file '/Users/damithch/Repos/git-mastery/git-mastery.github.io/_markbind/layouts/lessons.md'
2026-09-22T20:04:08.091Z - [33mwarn[39m: You might have an invalid intra-link! Ignore this warning if it was intended.
'/lessons/trail/workingWithRemotes/end.html' found in file '/Users/damithch/Repos/git-mastery/git-mastery.github.io/_markbind/layouts/lessons.md'
2026-09-22T20:04:08.091Z - [33mwarn[39m: You might have an invalid intra-link! Ignore this warning if it was intended.
'/lessons/trail/usingRevisionHistory/end.html' found in file '/Users/damithch/Repos/git-mastery/git-mastery.github.io/_markbind/layouts/lessons.md'
2026-09-22T20:04:08.092Z - [33mwarn[39m: You might have an invalid intra-link! Ignore this warning if it was intended.
'/lessons/trail/fineTuningHistory/end.html' found in file '/Users/damithch/Repos/git-mastery/git-mastery.github.io/_markbind/layouts/lessons.md'
2026-09-22T20:04:08.092Z - [33mwarn[39m: You might have an invalid intra-link! Ignore this warning if it was intended.
'/lessons/trail/branchingLocally/end.html' found in file '/Users/damithch/Repos/git-mastery/git-mastery.github.io/_markbind/layouts/lessons.md'
2026-09-22T20:04:08.092Z - [33mwarn[39m: You might have an invalid intra-link! Ignore this warning if it was intended.
'/lessons/trail/syncingBranches/end.html' found in file '/Users/damithch/Repos/git-mastery/git-mastery.github.io/_markbind/layouts/lessons.md'
2026-09-22T20:04:08.092Z - [33mwarn[39m: You might have an invalid intra-link! Ignore this warning if it was intended.
'/lessons/trail/remoteBranches/end.html' found in file '/Users/damithch/Repos/git-mastery/git-mastery.github.io/_markbind/layouts/lessons.md'
2026-09-22T20:04:08.092Z - [33mwarn[39m: You might have an invalid intra-link! Ignore this warning if it was intended.
'/lessons/trail/workingWithPrs/end.html' found in file '/Users/damithch/Repos/git-mastery/git-mastery.github.io/_markbind/layouts/lessons.md'
2026-09-22T20:04:08.092Z - [33mwarn[39m: You might have an invalid intra-link! Ignore this warning if it was intended.
'/lessons/trail/managingProjects/end.html' found in file '/Users/damithch/Repos/git-mastery/git-mastery.github.io/_markbind/layouts/lessons.md'
2026-09-22T20:04:08.092Z - [32minfo[39m: Site data built
2026-09-22T20:04:08.093Z - [32minfo[39m: Pages rebuilt
2026-09-22T20:04:08.093Z - [32minfo[39m: Website regeneration complete! Total build time: 0.143s
2026-09-22T20:06:02.071Z - [32minfo[39m: [04:06:02] Reload for file change: /Users/damithch/Repos/git-mastery/git-mastery.github.io/lessons/commit/text.md
2026-09-22T20:06:02.077Z - [32minfo[39m: Synchronizing opened pages list before reload
2026-09-22T20:06:02.078Z - [32minfo[39m: Current opened pages, from most-to-least recent:
2026-09-22T20:06:02.079Z - [32minfo[39m: 1. lessons/log/index
2026-09-22T20:06:03.099Z - [32minfo[39m: No pages needed to be rebuilt
2026-09-22T20:06:07.223Z - [32minfo[39m: Building /Users/damithch/Repos/git-mastery/git-mastery.github.io/lessons/commit/index as some of its dependencies were changed since the last visit
2026-09-22T20:06:07.456Z - [36mverbose[39m: Rendering page: /Users/damithch/Repos/git-mastery/git-mastery.github.io/lessons/commit/index.md
2026-09-22T20:06:07.480Z - [32minfo[39m: Site data built
2026-09-22T20:06:07.480Z - [32minfo[39m: Lazy website regeneration complete! Total build time: 0.258s
2026-09-22T20:08:04.295Z - [32minfo[39m: [04:08:04] Reload for file change: /Users/damithch/Repos/git-mastery/git-mastery.github.io/lessons/log/text.md
2026-09-22T20:08:04.297Z - [32minfo[39m: Synchronizing opened pages list before reload
2026-09-22T20:08:04.297Z - [32minfo[39m: Current opened pages, from most-to-least recent:
2026-09-22T20:08:04.298Z - [32minfo[39m: 1. lessons/commit/index
2026-09-22T20:08:05.324Z - [32minfo[39m: No pages needed to be rebuilt
2026-09-22T20:08:23.176Z - [32minfo[39m: Building /Users/damithch/Repos/git-mastery/git-mastery.github.io/lessons/stage/index as some of its dependencies were changed since the last visit
2026-09-22T20:08:23.378Z - [36mverbose[39m: Rendering page: /Users/damithch/Repos/git-mastery/git-mastery.github.io/lessons/stage/index.md
2026-09-22T20:08:23.404Z - [32minfo[39m: Site data built
2026-09-22T20:08:23.404Z - [32minfo[39m: Lazy website regeneration complete! Total build time: 0.228s
2026-09-22T20:08:37.873Z - [32minfo[39m: Building /Users/damithch/Repos/git-mastery/git-mastery.github.io/lessons/trail/recordingFolderHistory/index as some of its dependencies were changed since the last visit
2026-09-22T20:08:37.982Z - [36mverbose[39m: Rendering page: /Users/damithch/Repos/git-mastery/git-mastery.github.io/lessons/trail/recordingFolderHistory/index.md
2026-09-22T20:08:37.992Z - [32minfo[39m: Site data built
2026-09-22T20:08:37.992Z - [32minfo[39m: Lazy website regeneration complete! Total build time: 0.12s
2026-09-23T08:58:22.818Z - [32minfo[39m: Website generation (lazy) started at 16:58:22
2026-09-23T08:58:23.111Z - [32minfo[39m: Building assets...
2026-09-23T08:58:23.246Z - [32minfo[39m: Assets built
2026-09-23T08:58:23.247Z - [32minfo[39m: Generating landing page...
2026-09-23T08:58:23.333Z - [36mverbose[39m: Rendering page: /Users/damithch/Repos/git-mastery/git-mastery.github.io/index.md
2026-09-23T08:58:23.345Z - [32minfo[39m: Landing page built, other pages will be built as you navigate to them!
2026-09-23T08:58:23.434Z - [32minfo[39m: Site data built
2026-09-23T08:58:23.434Z - [32minfo[39m: Website generation (lazy) complete! Total build time: 0.736s
2026-09-23T08:58:23.446Z - [32minfo[39m: Serving "/Users/damithch/Repos/git-mastery/git-mastery.github.io/_site" at http://127.0.0.1:8080
2026-09-23T08:58:23.446Z - [32minfo[39m: Press CTRL+C to stop ...
2026-09-23T08:58:25.801Z - [32minfo[39m: Building /Users/damithch/Repos/git-mastery/git-mastery.github.io/versions/cs2103/insertions as some of its dependencies were changed since the last visit
2026-09-23T08:58:25.833Z - [36mverbose[39m: Rendering page: /Users/damithch/Repos/git-mastery/git-mastery.github.io/versions/cs2103/insertions.md
2026-09-23T08:58:25.837Z - [32minfo[39m: Site data built
2026-09-23T08:58:25.837Z - [32minfo[39m: Lazy website regeneration complete! Total build time: 0.037s
2026-09-23T08:58:54.774Z - [32minfo[39m: Building /Users/damithch/Repos/git-mastery/git-mastery.github.io/lessons/index as some of its dependencies were changed since the last visit
2026-09-23T08:58:55.181Z - [36mverbose[39m: Rendering page: /Users/damithch/Repos/git-mastery/git-mastery.github.io/lessons/index.md
2026-09-23T08:58:55.196Z - [33mwarn[39m: You might have an invalid intra-link! Ignore this warning if it was intended.
'/lessons/trail/backingUpOnCloud/all.html' found in file '/Users/damithch/Repos/git-mastery/git-mastery.github.io/lessons/trail/text.md'
2026-09-23T08:58:55.196Z - [33mwarn[39m: You might have an invalid intra-link! Ignore this warning if it was intended.
'/lessons/trail/workingWithRemotes/all.html' found in file '/Users/damithch/Repos/git-mastery/git-mastery.github.io/lessons/trail/text.md'
2026-09-23T08:58:55.196Z - [33mwarn[39m: You might have an invalid intra-link! Ignore this warning if it was intended.
'/lessons/trail/usingRevisionHistory/all.html' found in file '/Users/damithch/Repos/git-mastery/git-mastery.github.io/lessons/trail/text.md'
2026-09-23T08:58:55.196Z - [33mwarn[39m: You might have an invalid intra-link! Ignore this warning if it was intended.
'/lessons/trail/fineTuningHistory/all.html' found in file '/Users/damithch/Repos/git-mastery/git-mastery.github.io/lessons/trail/text.md'
2026-09-23T08:58:55.196Z - [33mwarn[39m: You might have an invalid intra-link! Ignore this warning if it was intended.
'/lessons/trail/branchingLocally/all.html' found in file '/Users/damithch/Repos/git-mastery/git-mastery.github.io/lessons/trail/text.md'
2026-09-23T08:58:55.196Z - [33mwarn[39m: You might have an invalid intra-link! Ignore this warning if it was intended.
'/lessons/trail/syncingBranches/all.html' found in file '/Users/damithch/Repos/git-mastery/git-mastery.github.io/lessons/trail/text.md'
2026-09-23T08:58:55.196Z - [33mwarn[39m: You might have an invalid intra-link! Ignore this warning if it was intended.
'/lessons/trail/remoteBranches/all.html' found in file '/Users/damithch/Repos/git-mastery/git-mastery.github.io/lessons/trail/text.md'
2026-09-23T08:58:55.196Z - [33mwarn[39m: You might have an invalid intra-link! Ignore this warning if it was intended.
'/lessons/trail/workingWithPrs/all.html' found in file '/Users/damithch/Repos/git-mastery/git-mastery.github.io/lessons/trail/text.md'
2026-09-23T08:58:55.196Z - [33mwarn[39m: You might have an invalid intra-link! Ignore this warning if it was intended.
'/lessons/trail/managingProjects/all.html' found in file '/Users/damithch/Repos/git-mastery/git-mastery.github.io/lessons/trail/text.md'
2026-09-23T08:58:55.197Z - [33mwarn[39m: You might have an invalid intra-link! Ignore this warning if it was intended.
'/lessons/trail/backingUpOnCloud/end.html' found in file '/Users/damithch/Repos/git-mastery/git-mastery.github.io/_markbind/layouts/lessons.md'
2026-09-23T08:58:55.197Z - [33mwarn[39m: You might have an invalid intra-link! Ignore this warning if it was intended.
'/lessons/trail/workingWithRemotes/end.html' found in file '/Users/damithch/Repos/git-mastery/git-mastery.github.io/_markbind/layouts/lessons.md'
2026-09-23T08:58:55.197Z - [33mwarn[39m: You might have an invalid intra-link! Ignore this warning if it was intended.
'/lessons/trail/usingRevisionHistory/end.html' found in file '/Users/damithch/Repos/git-mastery/git-mastery.github.io/_markbind/layouts/lessons.md'
2026-09-23T08:58:55.197Z - [33mwarn[39m: You might have an invalid intra-link! Ignore this warning if it was intended.
'/lessons/trail/fineTuningHistory/end.html' found in file '/Users/damithch/Repos/git-mastery/git-mastery.github.io/_markbind/layouts/lessons.md'
2026-09-23T08:58:55.197Z - [33mwarn[39m: You might have an invalid intra-link! Ignore this warning if it was intended.
'/lessons/trail/branchingLocally/end.html' found in file '/Users/damithch/Repos/git-mastery/git-mastery.github.io/_markbind/layouts/lessons.md'
2026-09-23T08:58:55.197Z - [33mwarn[39m: You might have an invalid intra-link! Ignore this warning if it was intended.
'/lessons/trail/syncingBranches/end.html' found in file '/Users/damithch/Repos/git-mastery/git-mastery.github.io/_markbind/layouts/lessons.md'
2026-09-23T08:58:55.197Z - [33mwarn[39m: You might have an invalid intra-link! Ignore this warning if it was intended.
'/lessons/trail/remoteBranches/end.html' found in file '/Users/damithch/Repos/git-mastery/git-mastery.github.io/_markbind/layouts/lessons.md'
2026-09-23T08:58:55.197Z - [33mwarn[39m: You might have an invalid intra-link! Ignore this warning if it was intended.
'/lessons/trail/workingWithPrs/end.html' found in file '/Users/damithch/Repos/git-mastery/git-mastery.github.io/_markbind/layouts/lessons.md'
2026-09-23T08:58:55.197Z - [33mwarn[39m: You might have an invalid intra-link! Ignore this warning if it was intended.
'/lessons/trail/managingProjects/end.html' found in file '/Users/damithch/Repos/git-mastery/git-mastery.github.io/_markbind/layouts/lessons.md'
2026-09-23T08:58:55.198Z - [32minfo[39m: Site data built
2026-09-23T08:58:55.198Z - [32minfo[39m: Lazy website regeneration complete! Total build time: 0.425s
2026-09-23T08:59:12.457Z - [32minfo[39m: Building /Users/damithch/Repos/git-mastery/git-mastery.github.io/lessons/trail/recordingFolderHistory/index as some of its dependencies were changed since the last visit
2026-09-23T08:59:12.584Z - [36mverbose[39m: Rendering page: /Users/damithch/Repos/git-mastery/git-mastery.github.io/lessons/trail/recordingFolderHistory/index.md
2026-09-23T08:59:12.598Z - [32minfo[39m: Site data built
2026-09-23T08:59:12.598Z - [32minfo[39m: Lazy website regeneration complete! Total build time: 0.142s
2026-09-23T08:59:41.167Z - [32minfo[39m: Building /Users/damithch/Repos/git-mastery/git-mastery.github.io/lessons/log/index as some of its dependencies were changed since the last visit
2026-09-23T08:59:41.329Z - [36mverbose[39m: Rendering page: /Users/damithch/Repos/git-mastery/git-mastery.github.io/lessons/log/index.md
2026-09-23T08:59:41.352Z - [32minfo[39m: Site data built
2026-09-23T08:59:41.352Z - [32minfo[39m: Lazy website regeneration complete! Total build time: 0.186s
2026-09-23T09:01:27.577Z - [32minfo[39m: [17:01:27] Reload for file change: /Users/damithch/Repos/git-mastery/git-mastery.github.io/_markbind/boilerplates/unit-inPage-asFlat.md
2026-09-23T09:01:27.580Z - [32minfo[39m: Synchronizing opened pages list before reload
2026-09-23T09:01:27.581Z - [32minfo[39m: Current opened pages, from most-to-least recent:
2026-09-23T09:01:27.581Z - [32minfo[39m: 1. lessons/log/index
2026-09-23T09:01:27.583Z - [32minfo[39m: [17:01:27] Reload for file change: /Users/damithch/Repos/git-mastery/git-mastery.github.io/_markbind/layouts/lessons.md
2026-09-23T09:01:27.583Z - [32minfo[39m: Synchronizing opened pages list before reload
2026-09-23T09:01:27.583Z - [32minfo[39m: Current opened pages, from most-to-least recent:
2026-09-23T09:01:27.584Z - [32minfo[39m: 1. lessons/log/index
2026-09-23T09:01:28.690Z - [32minfo[39m: Rebuilding 1 pages
2026-09-23T09:01:28.828Z - [36mverbose[39m: Rendering page: /Users/damithch/Repos/git-mastery/git-mastery.github.io/lessons/log/index.md
2026-09-23T09:01:28.849Z - [33mwarn[39m: You might have an invalid intra-link! Ignore this warning if it was intended.
'/lessons/trail/backingUpOnCloud/end.html' found in file '/Users/damithch/Repos/git-mastery/git-mastery.github.io/_markbind/layouts/lessons.md'
2026-09-23T09:01:28.850Z - [33mwarn[39m: You might have an invalid intra-link! Ignore this warning if it was intended.
'/lessons/trail/workingWithRemotes/end.html' found in file '/Users/damithch/Repos/git-mastery/git-mastery.github.io/_markbind/layouts/lessons.md'
2026-09-23T09:01:28.850Z - [33mwarn[39m: You might have an invalid intra-link! Ignore this warning if it was intended.
'/lessons/trail/usingRevisionHistory/end.html' found in file '/Users/damithch/Repos/git-mastery/git-mastery.github.io/_markbind/layouts/lessons.md'
2026-09-23T09:01:28.850Z - [33mwarn[39m: You might have an invalid intra-link! Ignore this warning if it was intended.
'/lessons/trail/fineTuningHistory/end.html' found in file '/Users/damithch/Repos/git-mastery/git-mastery.github.io/_markbind/layouts/lessons.md'
2026-09-23T09:01:28.850Z - [33mwarn[39m: You might have an invalid intra-link! Ignore this warning if it was intended.
'/lessons/trail/branchingLocally/end.html' found in file '/Users/damithch/Repos/git-mastery/git-mastery.github.io/_markbind/layouts/lessons.md'
2026-09-23T09:01:28.850Z - [33mwarn[39m: You might have an invalid intra-link! Ignore this warning if it was intended.
'/lessons/trail/syncingBranches/end.html' found in file '/Users/damithch/Repos/git-mastery/git-mastery.github.io/_markbind/layouts/lessons.md'
2026-09-23T09:01:28.850Z - [33mwarn[39m: You might have an invalid intra-link! Ignore this warning if it was intended.
'/lessons/trail/remoteBranches/end.html' found in file '/Users/damithch/Repos/git-mastery/git-mastery.github.io/_markbind/layouts/lessons.md'
2026-09-23T09:01:28.850Z - [33mwarn[39m: You might have an invalid intra-link! Ignore this warning if it was intended.
'/lessons/trail/workingWithPrs/end.html' found in file '/Users/damithch/Repos/git-mastery/git-mastery.github.io/_markbind/layouts/lessons.md'
2026-09-23T09:01:28.850Z - [33mwarn[39m: You might have an invalid intra-link! Ignore this warning if it was intended.
'/lessons/trail/managingProjects/end.html' found in file '/Users/damithch/Repos/git-mastery/git-mastery.github.io/_markbind/layouts/lessons.md'
2026-09-23T09:01:28.851Z - [32minfo[39m: Site data built
2026-09-23T09:01:28.851Z - [32minfo[39m: Pages rebuilt
2026-09-23T09:01:28.851Z - [32minfo[39m: Website regeneration complete! Total build time: 0.169s
2026-09-23T09:01:47.952Z - [32minfo[39m: Building /Users/damithch/Repos/git-mastery/git-mastery.github.io/lessons/trail/recordingFolderHistory/index as some of its dependencies were changed since the last visit
2026-09-23T09:01:48.035Z - [36mverbose[39m: Rendering page: /Users/damithch/Repos/git-mastery/git-mastery.github.io/lessons/trail/recordingFolderHistory/index.md
2026-09-23T09:01:48.042Z - [32minfo[39m: Site data built
2026-09-23T09:01:48.042Z - [32minfo[39m: Lazy website regeneration complete! Total build time: 0.091s
2026-09-23T09:02:04.310Z - [32minfo[39m: Building /Users/damithch/Repos/git-mastery/git-mastery.github.io/lessons/intro/index as some of its dependencies were changed since the last visit
2026-09-23T09:02:04.440Z - [36mverbose[39m: Rendering page: /Users/damithch/Repos/git-mastery/git-mastery.github.io/lessons/intro/index.md
2026-09-23T09:02:04.473Z - [32minfo[39m: Site data built
2026-09-23T09:02:04.473Z - [32minfo[39m: Lazy website regeneration complete! Total build time: 0.164s
2026-09-23T09:03:03.465Z - [32minfo[39m: [17:03:03] Reload for file change: /Users/damithch/Repos/git-mastery/git-mastery.github.io/lessons/intro/text.md
2026-09-23T09:03:03.468Z - [32minfo[39m: Synchronizing opened pages list before reload
2026-09-23T09:03:03.468Z - [32minfo[39m: Current opened pages, from most-to-least recent:
2026-09-23T09:03:03.469Z - [32minfo[39m: 1. lessons/intro/index
2026-09-23T09:03:04.490Z - [32minfo[39m: Rebuilding 1 pages
2026-09-23T09:03:04.530Z - [31merror[39m: Template render error: (/Users/damithch/Repos/git-mastery/git-mastery.github.io/lessons/intro/text.md) [Line 43, Column 16]
  Template render error: (/Users/damithch/Repos/git-mastery/git-mastery.github.io/lessons/intro/text.md) [Line 727, Column 9]
  Error: Unable to call `show_new_link`, which is undefined or falsey
    at Object._prettifyError (/opt/homebrew/lib/node_modules/markbind-cli/node_modules/nunjucks/src/lib.js:32:11)
    at file:///opt/homebrew/lib/node_modules/markbind-cli/node_modules/@markbind/core/src/patches/nunjucks/context-overrides-frame.js:336:23
    at Template.root [as rootRenderFunc] (eval at _compile (/opt/homebrew/lib/node_modules/markbind-cli/node_modules/nunjucks/src/environment.js:527:18), <anonymous>:142:3)
    at Template.render (file:///opt/homebrew/lib/node_modules/markbind-cli/node_modules/@markbind/core/src/patches/nunjucks/context-overrides-frame.js:326:10)
    at file:///opt/homebrew/lib/node_modules/markbind-cli/node_modules/@markbind/core/src/patches/nunjucks/context-overrides-frame.js:55:31
    at createTemplate (file:///opt/homebrew/lib/node_modules/markbind-cli/node_modules/@markbind/core/src/patches/nunjucks/load-event.js:110:13)
    at handle (file:///opt/homebrew/lib/node_modules/markbind-cli/node_modules/@markbind/core/src/patches/nunjucks/load-event.js:123:17)
    at file:///opt/homebrew/lib/node_modules/markbind-cli/node_modules/@markbind/core/src/patches/nunjucks/load-event.js:134:13
    at next (/opt/homebrew/lib/node_modules/markbind-cli/node_modules/nunjucks/src/lib.js:258:7)
    at Object.asyncIter (/opt/homebrew/lib/node_modules/markbind-cli/node_modules/nunjucks/src/lib.js:263:3)
2026-09-23T09:03:04.532Z - [31merror[39m: Template render error: (/Users/damithch/Repos/git-mastery/git-mastery.github.io/lessons/intro/text.md) [Line 43, Column 16]
  Template render error: (/Users/damithch/Repos/git-mastery/git-mastery.github.io/lessons/intro/text.md) [Line 727, Column 9]
  Error: Unable to call `show_new_link`, which is undefined or falsey
    at Object._prettifyError (/opt/homebrew/lib/node_modules/markbind-cli/node_modules/nunjucks/src/lib.js:32:11)
    at file:///opt/homebrew/lib/node_modules/markbind-cli/node_modules/@markbind/core/src/patches/nunjucks/context-overrides-frame.js:336:23
    at Template.root [as rootRenderFunc] (eval at _compile (/opt/homebrew/lib/node_modules/markbind-cli/node_modules/nunjucks/src/environment.js:527:18), <anonymous>:142:3)
    at Template.render (file:///opt/homebrew/lib/node_modules/markbind-cli/node_modules/@markbind/core/src/patches/nunjucks/context-overrides-frame.js:326:10)
    at file:///opt/homebrew/lib/node_modules/markbind-cli/node_modules/@markbind/core/src/patches/nunjucks/context-overrides-frame.js:55:31
    at Environment.getTemplate (file:///opt/homebrew/lib/node_modules/markbind-cli/node_modules/@markbind/core/src/patches/nunjucks/load-event.js:78:13)
    at Environment.render (file:///opt/homebrew/lib/node_modules/markbind-cli/node_modules/@markbind/core/src/patches/nunjucks/context-overrides-frame.js:47:10)
    at VariableRenderer.renderFile (file:///opt/homebrew/lib/node_modules/markbind-cli/node_modules/@markbind/core/src/variables/VariableRenderer.js:44:24)
    at VariableProcessor.renderWithSiteVariables (file:///opt/homebrew/lib/node_modules/markbind-cli/node_modules/@markbind/core/src/variables/VariableProcessor.js:125:57)
    at VariableProcessor.renderIncludeFile (file:///opt/homebrew/lib/node_modules/markbind-cli/node_modules/@markbind/core/src/variables/VariableProcessor.js:202:38)
2026-09-23T09:03:04.533Z - [31merror[39m: Template render error: (/Users/damithch/Repos/git-mastery/git-mastery.github.io/lessons/intro/text.md) [Line 43, Column 16]
  Template render error: (/Users/damithch/Repos/git-mastery/git-mastery.github.io/lessons/intro/text.md) [Line 727, Column 9]
  Error: Unable to call `show_new_link`, which is undefined or falsey
    at Object._prettifyError (/opt/homebrew/lib/node_modules/markbind-cli/node_modules/nunjucks/src/lib.js:32:11)
    at file:///opt/homebrew/lib/node_modules/markbind-cli/node_modules/@markbind/core/src/patches/nunjucks/context-overrides-frame.js:336:23
    at Template.root [as rootRenderFunc] (eval at _compile (/opt/homebrew/lib/node_modules/markbind-cli/node_modules/nunjucks/src/environment.js:527:18), <anonymous>:142:3)
    at Template.render (file:///opt/homebrew/lib/node_modules/markbind-cli/node_modules/@markbind/core/src/patches/nunjucks/context-overrides-frame.js:326:10)
    at file:///opt/homebrew/lib/node_modules/markbind-cli/node_modules/@markbind/core/src/patches/nunjucks/context-overrides-frame.js:55:31
    at Environment.getTemplate (file:///opt/homebrew/lib/node_modules/markbind-cli/node_modules/@markbind/core/src/patches/nunjucks/load-event.js:78:13)
    at Environment.render (file:///opt/homebrew/lib/node_modules/markbind-cli/node_modules/@markbind/core/src/patches/nunjucks/context-overrides-frame.js:47:10)
    at VariableRenderer.renderFile (file:///opt/homebrew/lib/node_modules/markbind-cli/node_modules/@markbind/core/src/variables/VariableRenderer.js:44:24)
    at VariableProcessor.renderWithSiteVariables (file:///opt/homebrew/lib/node_modules/markbind-cli/node_modules/@markbind/core/src/variables/VariableProcessor.js:125:57)
    at VariableProcessor.renderIncludeFile (file:///opt/homebrew/lib/node_modules/markbind-cli/node_modules/@markbind/core/src/variables/VariableProcessor.js:202:38)
2026-09-23T09:03:04.533Z - [31merror[39m: Template render error: (/Users/damithch/Repos/git-mastery/git-mastery.github.io/lessons/intro/text.md) [Line 43, Column 16]
  Template render error: (/Users/damithch/Repos/git-mastery/git-mastery.github.io/lessons/intro/text.md) [Line 727, Column 9]
  Error: Unable to call `show_new_link`, which is undefined or falsey
    at Object._prettifyError (/opt/homebrew/lib/node_modules/markbind-cli/node_modules/nunjucks/src/lib.js:32:11)
    at file:///opt/homebrew/lib/node_modules/markbind-cli/node_modules/@markbind/core/src/patches/nunjucks/context-overrides-frame.js:336:23
    at Template.root [as rootRenderFunc] (eval at _compile (/opt/homebrew/lib/node_modules/markbind-cli/node_modules/nunjucks/src/environment.js:527:18), <anonymous>:142:3)
    at Template.render (file:///opt/homebrew/lib/node_modules/markbind-cli/node_modules/@markbind/core/src/patches/nunjucks/context-overrides-frame.js:326:10)
    at file:///opt/homebrew/lib/node_modules/markbind-cli/node_modules/@markbind/core/src/patches/nunjucks/context-overrides-frame.js:55:31
    at Environment.getTemplate (file:///opt/homebrew/lib/node_modules/markbind-cli/node_modules/@markbind/core/src/patches/nunjucks/load-event.js:78:13)
    at Environment.render (file:///opt/homebrew/lib/node_modules/markbind-cli/node_modules/@markbind/core/src/patches/nunjucks/context-overrides-frame.js:47:10)
    at VariableRenderer.renderFile (file:///opt/homebrew/lib/node_modules/markbind-cli/node_modules/@markbind/core/src/variables/VariableRenderer.js:44:24)
    at VariableProcessor.renderWithSiteVariables (file:///opt/homebrew/lib/node_modules/markbind-cli/node_modules/@markbind/core/src/variables/VariableProcessor.js:125:57)
    at VariableProcessor.renderIncludeFile (file:///opt/homebrew/lib/node_modules/markbind-cli/node_modules/@markbind/core/src/variables/VariableProcessor.js:202:38)
2026-09-23T09:03:04.534Z - [31merror[39m: Template render error: (/Users/damithch/Repos/git-mastery/git-mastery.github.io/lessons/intro/text.md) [Line 43, Column 16]
  Template render error: (/Users/damithch/Repos/git-mastery/git-mastery.github.io/lessons/intro/text.md) [Line 727, Column 9]
  Error: Unable to call `show_new_link`, which is undefined or falsey
    at Object._prettifyError (/opt/homebrew/lib/node_modules/markbind-cli/node_modules/nunjucks/src/lib.js:32:11)
    at file:///opt/homebrew/lib/node_modules/markbind-cli/node_modules/@markbind/core/src/patches/nunjucks/context-overrides-frame.js:336:23
    at Template.root [as rootRenderFunc] (eval at _compile (/opt/homebrew/lib/node_modules/markbind-cli/node_modules/nunjucks/src/environment.js:527:18), <anonymous>:142:3)
    at Template.render (file:///opt/homebrew/lib/node_modules/markbind-cli/node_modules/@markbind/core/src/patches/nunjucks/context-overrides-frame.js:326:10)
    at file:///opt/homebrew/lib/node_modules/markbind-cli/node_modules/@markbind/core/src/patches/nunjucks/context-overrides-frame.js:55:31
    at Environment.getTemplate (file:///opt/homebrew/lib/node_modules/markbind-cli/node_modules/@markbind/core/src/patches/nunjucks/load-event.js:78:13)
    at Environment.render (file:///opt/homebrew/lib/node_modules/markbind-cli/node_modules/@markbind/core/src/patches/nunjucks/context-overrides-frame.js:47:10)
    at VariableRenderer.renderFile (file:///opt/homebrew/lib/node_modules/markbind-cli/node_modules/@markbind/core/src/variables/VariableRenderer.js:44:24)
    at VariableProcessor.renderWithSiteVariables (file:///opt/homebrew/lib/node_modules/markbind-cli/node_modules/@markbind/core/src/variables/VariableProcessor.js:125:57)
    at VariableProcessor.renderIncludeFile (file:///opt/homebrew/lib/node_modules/markbind-cli/node_modules/@markbind/core/src/variables/VariableProcessor.js:202:38)
2026-09-23T09:03:04.535Z - [31merror[39m: Template render error: (/Users/damithch/Repos/git-mastery/git-mastery.github.io/lessons/intro/text.md) [Line 43, Column 16]
  Template render error: (/Users/damithch/Repos/git-mastery/git-mastery.github.io/lessons/intro/text.md) [Line 727, Column 9]
  Error: Unable to call `show_new_link`, which is undefined or falsey
    at Object._prettifyError (/opt/homebrew/lib/node_modules/markbind-cli/node_modules/nunjucks/src/lib.js:32:11)
    at file:///opt/homebrew/lib/node_modules/markbind-cli/node_modules/@markbind/core/src/patches/nunjucks/context-overrides-frame.js:336:23
    at Template.root [as rootRenderFunc] (eval at _compile (/opt/homebrew/lib/node_modules/markbind-cli/node_modules/nunjucks/src/environment.js:527:18), <anonymous>:142:3)
    at Template.render (file:///opt/homebrew/lib/node_modules/markbind-cli/node_modules/@markbind/core/src/patches/nunjucks/context-overrides-frame.js:326:10)
    at file:///opt/homebrew/lib/node_modules/markbind-cli/node_modules/@markbind/core/src/patches/nunjucks/context-overrides-frame.js:55:31
    at Environment.getTemplate (file:///opt/homebrew/lib/node_modules/markbind-cli/node_modules/@markbind/core/src/patches/nunjucks/load-event.js:78:13)
    at Environment.render (file:///opt/homebrew/lib/node_modules/markbind-cli/node_modules/@markbind/core/src/patches/nunjucks/context-overrides-frame.js:47:10)
    at VariableRenderer.renderFile (file:///opt/homebrew/lib/node_modules/markbind-cli/node_modules/@markbind/core/src/variables/VariableRenderer.js:44:24)
    at VariableProcessor.renderWithSiteVariables (file:///opt/homebrew/lib/node_modules/markbind-cli/node_modules/@markbind/core/src/variables/VariableProcessor.js:125:57)
    at VariableProcessor.renderIncludeFile (file:///opt/homebrew/lib/node_modules/markbind-cli/node_modules/@markbind/core/src/variables/VariableProcessor.js:202:38)
2026-09-23T09:03:04.551Z - [36mverbose[39m: Rendering page: /Users/damithch/Repos/git-mastery/git-mastery.github.io/lessons/intro/index.md
2026-09-23T09:03:04.559Z - [32minfo[39m: Site data built
2026-09-23T09:03:04.559Z - [32minfo[39m: Pages rebuilt
2026-09-23T09:03:04.559Z - [32minfo[39m: Website regeneration complete! Total build time: 0.084s
2026-09-23T09:03:57.554Z - [32minfo[39m: [17:03:57] Reload for file change: /Users/damithch/Repos/git-mastery/git-mastery.github.io/lessons/intro/text.md
2026-09-23T09:03:57.558Z - [32minfo[39m: Synchronizing opened pages list before reload
2026-09-23T09:03:57.559Z - [32minfo[39m: Current opened pages, from most-to-least recent:
2026-09-23T09:03:57.559Z - [32minfo[39m: 1. lessons/intro/index
2026-09-23T09:03:58.583Z - [32minfo[39m: Rebuilding 1 pages
2026-09-23T09:03:58.623Z - [31merror[39m: Template render error: (/Users/damithch/Repos/git-mastery/git-mastery.github.io/lessons/intro/text.md) [Line 43, Column 16]
  Template render error: (/Users/damithch/Repos/git-mastery/git-mastery.github.io/lessons/intro/text.md) [Line 727, Column 9]
  Error: Unable to call `show_new_link`, which is undefined or falsey
    at Object._prettifyError (/opt/homebrew/lib/node_modules/markbind-cli/node_modules/nunjucks/src/lib.js:32:11)
    at file:///opt/homebrew/lib/node_modules/markbind-cli/node_modules/@markbind/core/src/patches/nunjucks/context-overrides-frame.js:336:23
    at Template.root [as rootRenderFunc] (eval at _compile (/opt/homebrew/lib/node_modules/markbind-cli/node_modules/nunjucks/src/environment.js:527:18), <anonymous>:154:3)
    at Template.render (file:///opt/homebrew/lib/node_modules/markbind-cli/node_modules/@markbind/core/src/patches/nunjucks/context-overrides-frame.js:326:10)
    at file:///opt/homebrew/lib/node_modules/markbind-cli/node_modules/@markbind/core/src/patches/nunjucks/context-overrides-frame.js:55:31
    at createTemplate (file:///opt/homebrew/lib/node_modules/markbind-cli/node_modules/@markbind/core/src/patches/nunjucks/load-event.js:110:13)
    at handle (file:///opt/homebrew/lib/node_modules/markbind-cli/node_modules/@markbind/core/src/patches/nunjucks/load-event.js:123:17)
    at file:///opt/homebrew/lib/node_modules/markbind-cli/node_modules/@markbind/core/src/patches/nunjucks/load-event.js:134:13
    at next (/opt/homebrew/lib/node_modules/markbind-cli/node_modules/nunjucks/src/lib.js:258:7)
    at Object.asyncIter (/opt/homebrew/lib/node_modules/markbind-cli/node_modules/nunjucks/src/lib.js:263:3)
2026-09-23T09:03:58.625Z - [31merror[39m: Template render error: (/Users/damithch/Repos/git-mastery/git-mastery.github.io/lessons/intro/text.md) [Line 43, Column 16]
  Template render error: (/Users/damithch/Repos/git-mastery/git-mastery.github.io/lessons/intro/text.md) [Line 727, Column 9]
  Error: Unable to call `show_new_link`, which is undefined or falsey
    at Object._prettifyError (/opt/homebrew/lib/node_modules/markbind-cli/node_modules/nunjucks/src/lib.js:32:11)
    at file:///opt/homebrew/lib/node_modules/markbind-cli/node_modules/@markbind/core/src/patches/nunjucks/context-overrides-frame.js:336:23
    at Template.root [as rootRenderFunc] (eval at _compile (/opt/homebrew/lib/node_modules/markbind-cli/node_modules/nunjucks/src/environment.js:527:18), <anonymous>:154:3)
    at Template.render (file:///opt/homebrew/lib/node_modules/markbind-cli/node_modules/@markbind/core/src/patches/nunjucks/context-overrides-frame.js:326:10)
    at file:///opt/homebrew/lib/node_modules/markbind-cli/node_modules/@markbind/core/src/patches/nunjucks/context-overrides-frame.js:55:31
    at Environment.getTemplate (file:///opt/homebrew/lib/node_modules/markbind-cli/node_modules/@markbind/core/src/patches/nunjucks/load-event.js:78:13)
    at Environment.render (file:///opt/homebrew/lib/node_modules/markbind-cli/node_modules/@markbind/core/src/patches/nunjucks/context-overrides-frame.js:47:10)
    at VariableRenderer.renderFile (file:///opt/homebrew/lib/node_modules/markbind-cli/node_modules/@markbind/core/src/variables/VariableRenderer.js:44:24)
    at VariableProcessor.renderWithSiteVariables (file:///opt/homebrew/lib/node_modules/markbind-cli/node_modules/@markbind/core/src/variables/VariableProcessor.js:125:57)
    at VariableProcessor.renderIncludeFile (file:///opt/homebrew/lib/node_modules/markbind-cli/node_modules/@markbind/core/src/variables/VariableProcessor.js:202:38)
2026-09-23T09:03:58.625Z - [31merror[39m: Template render error: (/Users/damithch/Repos/git-mastery/git-mastery.github.io/lessons/intro/text.md) [Line 43, Column 16]
  Template render error: (/Users/damithch/Repos/git-mastery/git-mastery.github.io/lessons/intro/text.md) [Line 727, Column 9]
  Error: Unable to call `show_new_link`, which is undefined or falsey
    at Object._prettifyError (/opt/homebrew/lib/node_modules/markbind-cli/node_modules/nunjucks/src/lib.js:32:11)
    at file:///opt/homebrew/lib/node_modules/markbind-cli/node_modules/@markbind/core/src/patches/nunjucks/context-overrides-frame.js:336:23
    at Template.root [as rootRenderFunc] (eval at _compile (/opt/homebrew/lib/node_modules/markbind-cli/node_modules/nunjucks/src/environment.js:527:18), <anonymous>:154:3)
    at Template.render (file:///opt/homebrew/lib/node_modules/markbind-cli/node_modules/@markbind/core/src/patches/nunjucks/context-overrides-frame.js:326:10)
    at file:///opt/homebrew/lib/node_modules/markbind-cli/node_modules/@markbind/core/src/patches/nunjucks/context-overrides-frame.js:55:31
    at Environment.getTemplate (file:///opt/homebrew/lib/node_modules/markbind-cli/node_modules/@markbind/core/src/patches/nunjucks/load-event.js:78:13)
    at Environment.render (file:///opt/homebrew/lib/node_modules/markbind-cli/node_modules/@markbind/core/src/patches/nunjucks/context-overrides-frame.js:47:10)
    at VariableRenderer.renderFile (file:///opt/homebrew/lib/node_modules/markbind-cli/node_modules/@markbind/core/src/variables/VariableRenderer.js:44:24)
    at VariableProcessor.renderWithSiteVariables (file:///opt/homebrew/lib/node_modules/markbind-cli/node_modules/@markbind/core/src/variables/VariableProcessor.js:125:57)
    at VariableProcessor.renderIncludeFile (file:///opt/homebrew/lib/node_modules/markbind-cli/node_modules/@markbind/core/src/variables/VariableProcessor.js:202:38)
2026-09-23T09:03:58.626Z - [31merror[39m: Template render error: (/Users/damithch/Repos/git-mastery/git-mastery.github.io/lessons/intro/text.md) [Line 43, Column 16]
  Template render error: (/Users/damithch/Repos/git-mastery/git-mastery.github.io/lessons/intro/text.md) [Line 727, Column 9]
  Error: Unable to call `show_new_link`, which is undefined or falsey
    at Object._prettifyError (/opt/homebrew/lib/node_modules/markbind-cli/node_modules/nunjucks/src/lib.js:32:11)
    at file:///opt/homebrew/lib/node_modules/markbind-cli/node_modules/@markbind/core/src/patches/nunjucks/context-overrides-frame.js:336:23
    at Template.root [as rootRenderFunc] (eval at _compile (/opt/homebrew/lib/node_modules/markbind-cli/node_modules/nunjucks/src/environment.js:527:18), <anonymous>:154:3)
    at Template.render (file:///opt/homebrew/lib/node_modules/markbind-cli/node_modules/@markbind/core/src/patches/nunjucks/context-overrides-frame.js:326:10)
    at file:///opt/homebrew/lib/node_modules/markbind-cli/node_modules/@markbind/core/src/patches/nunjucks/context-overrides-frame.js:55:31
    at Environment.getTemplate (file:///opt/homebrew/lib/node_modules/markbind-cli/node_modules/@markbind/core/src/patches/nunjucks/load-event.js:78:13)
    at Environment.render (file:///opt/homebrew/lib/node_modules/markbind-cli/node_modules/@markbind/core/src/patches/nunjucks/context-overrides-frame.js:47:10)
    at VariableRenderer.renderFile (file:///opt/homebrew/lib/node_modules/markbind-cli/node_modules/@markbind/core/src/variables/VariableRenderer.js:44:24)
    at VariableProcessor.renderWithSiteVariables (file:///opt/homebrew/lib/node_modules/markbind-cli/node_modules/@markbind/core/src/variables/VariableProcessor.js:125:57)
    at VariableProcessor.renderIncludeFile (file:///opt/homebrew/lib/node_modules/markbind-cli/node_modules/@markbind/core/src/variables/VariableProcessor.js:202:38)
2026-09-23T09:03:58.627Z - [31merror[39m: Template render error: (/Users/damithch/Repos/git-mastery/git-mastery.github.io/lessons/intro/text.md) [Line 43, Column 16]
  Template render error: (/Users/damithch/Repos/git-mastery/git-mastery.github.io/lessons/intro/text.md) [Line 727, Column 9]
  Error: Unable to call `show_new_link`, which is undefined or falsey
    at Object._prettifyError (/opt/homebrew/lib/node_modules/markbind-cli/node_modules/nunjucks/src/lib.js:32:11)
    at file:///opt/homebrew/lib/node_modules/markbind-cli/node_modules/@markbind/core/src/patches/nunjucks/context-overrides-frame.js:336:23
    at Template.root [as rootRenderFunc] (eval at _compile (/opt/homebrew/lib/node_modules/markbind-cli/node_modules/nunjucks/src/environment.js:527:18), <anonymous>:154:3)
    at Template.render (file:///opt/homebrew/lib/node_modules/markbind-cli/node_modules/@markbind/core/src/patches/nunjucks/context-overrides-frame.js:326:10)
    at file:///opt/homebrew/lib/node_modules/markbind-cli/node_modules/@markbind/core/src/patches/nunjucks/context-overrides-frame.js:55:31
    at Environment.getTemplate (file:///opt/homebrew/lib/node_modules/markbind-cli/node_modules/@markbind/core/src/patches/nunjucks/load-event.js:78:13)
    at Environment.render (file:///opt/homebrew/lib/node_modules/markbind-cli/node_modules/@markbind/core/src/patches/nunjucks/context-overrides-frame.js:47:10)
    at VariableRenderer.renderFile (file:///opt/homebrew/lib/node_modules/markbind-cli/node_modules/@markbind/core/src/variables/VariableRenderer.js:44:24)
    at VariableProcessor.renderWithSiteVariables (file:///opt/homebrew/lib/node_modules/markbind-cli/node_modules/@markbind/core/src/variables/VariableProcessor.js:125:57)
    at VariableProcessor.renderIncludeFile (file:///opt/homebrew/lib/node_modules/markbind-cli/node_modules/@markbind/core/src/variables/VariableProcessor.js:202:38)
2026-09-23T09:03:58.627Z - [31merror[39m: Template render error: (/Users/damithch/Repos/git-mastery/git-mastery.github.io/lessons/intro/text.md) [Line 43, Column 16]
  Template render error: (/Users/damithch/Repos/git-mastery/git-mastery.github.io/lessons/intro/text.md) [Line 727, Column 9]
  Error: Unable to call `show_new_link`, which is undefined or falsey
    at Object._prettifyError (/opt/homebrew/lib/node_modules/markbind-cli/node_modules/nunjucks/src/lib.js:32:11)
    at file:///opt/homebrew/lib/node_modules/markbind-cli/node_modules/@markbind/core/src/patches/nunjucks/context-overrides-frame.js:336:23
    at Template.root [as rootRenderFunc] (eval at _compile (/opt/homebrew/lib/node_modules/markbind-cli/node_modules/nunjucks/src/environment.js:527:18), <anonymous>:154:3)
    at Template.render (file:///opt/homebrew/lib/node_modules/markbind-cli/node_modules/@markbind/core/src/patches/nunjucks/context-overrides-frame.js:326:10)
    at file:///opt/homebrew/lib/node_modules/markbind-cli/node_modules/@markbind/core/src/patches/nunjucks/context-overrides-frame.js:55:31
    at Environment.getTemplate (file:///opt/homebrew/lib/node_modules/markbind-cli/node_modules/@markbind/core/src/patches/nunjucks/load-event.js:78:13)
    at Environment.render (file:///opt/homebrew/lib/node_modules/markbind-cli/node_modules/@markbind/core/src/patches/nunjucks/context-overrides-frame.js:47:10)
    at VariableRenderer.renderFile (file:///opt/homebrew/lib/node_modules/markbind-cli/node_modules/@markbind/core/src/variables/VariableRenderer.js:44:24)
    at VariableProcessor.renderWithSiteVariables (file:///opt/homebrew/lib/node_modules/markbind-cli/node_modules/@markbind/core/src/variables/VariableProcessor.js:125:57)
    at VariableProcessor.renderIncludeFile (file:///opt/homebrew/lib/node_modules/markbind-cli/node_modules/@markbind/core/src/variables/VariableProcessor.js:202:38)
2026-09-23T09:03:58.641Z - [36mverbose[39m: Rendering page: /Users/damithch/Repos/git-mastery/git-mastery.github.io/lessons/intro/index.md
2026-09-23T09:03:58.649Z - [32minfo[39m: Site data built
2026-09-23T09:03:58.649Z - [32minfo[39m: Pages rebuilt
2026-09-23T09:03:58.649Z - [32minfo[39m: Website regeneration complete! Total build time: 0.086s
2026-09-23T09:04:08.153Z - [32minfo[39m: [17:04:08] Reload for file change: /Users/damithch/Repos/git-mastery/git-mastery.github.io/lessons/intro/text.md
2026-09-23T09:04:08.158Z - [32minfo[39m: Synchronizing opened pages list before reload
2026-09-23T09:04:08.160Z - [32minfo[39m: Current opened pages, from most-to-least recent:
2026-09-23T09:04:08.160Z - [32minfo[39m: 1. lessons/intro/index
2026-09-23T09:04:09.166Z - [32minfo[39m: Rebuilding 1 pages
2026-09-23T09:04:09.248Z - [36mverbose[39m: Rendering page: /Users/damithch/Repos/git-mastery/git-mastery.github.io/lessons/intro/index.md
2026-09-23T09:04:09.253Z - [32minfo[39m: Site data built
2026-09-23T09:04:09.253Z - [32minfo[39m: Pages rebuilt
2026-09-23T09:04:09.253Z - [32minfo[39m: Website regeneration complete! Total build time: 0.09s
2026-09-23T09:04:29.437Z - [32minfo[39m: [17:04:29] Reload for file change: /Users/damithch/Repos/git-mastery/git-mastery.github.io/lessons/intro/text.md
2026-09-23T09:04:29.439Z - [32minfo[39m: Synchronizing opened pages list before reload
2026-09-23T09:04:29.443Z - [32minfo[39m: Current opened pages, from most-to-least recent:
2026-09-23T09:04:29.443Z - [32minfo[39m: 1. lessons/intro/index
2026-09-23T09:04:30.447Z - [32minfo[39m: Rebuilding 1 pages
2026-09-23T09:04:30.514Z - [36mverbose[39m: Rendering page: /Users/damithch/Repos/git-mastery/git-mastery.github.io/lessons/intro/index.md
2026-09-23T09:04:30.524Z - [33mwarn[39m: You might have an invalid intra-link! Ignore this warning if it was intended.
'/lessons/trail/undefined/end.html' found in file '/Users/damithch/Repos/git-mastery/git-mastery.github.io/lessons/intro/text.md'
2026-09-23T09:04:30.525Z - [32minfo[39m: Site data built
2026-09-23T09:04:30.525Z - [32minfo[39m: Pages rebuilt
2026-09-23T09:04:30.525Z - [32minfo[39m: Website regeneration complete! Total build time: 0.08s
2026-09-23T09:05:28.607Z - [32minfo[39m: Building /Users/damithch/Repos/git-mastery/git-mastery.github.io/lessons/gitPrep/index as some of its dependencies were changed since the last visit
2026-09-23T09:05:28.810Z - [36mverbose[39m: Rendering page: /Users/damithch/Repos/git-mastery/git-mastery.github.io/lessons/gitPrep/index.md
2026-09-23T09:05:28.830Z - [32minfo[39m: Site data built
2026-09-23T09:05:28.830Z - [32minfo[39m: Lazy website regeneration complete! Total build time: 0.224s
2026-09-23T09:06:32.434Z - [32minfo[39m: [17:06:32] Reload for file change: /Users/damithch/Repos/git-mastery/git-mastery.github.io/common/macros.njk
2026-09-23T09:06:32.436Z - [32minfo[39m: Synchronizing opened pages list before reload
2026-09-23T09:06:32.437Z - [32minfo[39m: No pages are currently opened
2026-09-23T09:06:33.513Z - [32minfo[39m: No pages needed to be rebuilt
2026-09-23T09:06:40.460Z - [32minfo[39m: Building /Users/damithch/Repos/git-mastery/git-mastery.github.io/lessons/intro/index as some of its dependencies were changed since the last visit
2026-09-23T09:06:40.539Z - [36mverbose[39m: Rendering page: /Users/damithch/Repos/git-mastery/git-mastery.github.io/lessons/intro/index.md
2026-09-23T09:06:40.550Z - [33mwarn[39m: You might have an invalid intra-link! Ignore this warning if it was intended.
'/lessons/trail/backingUpOnCloud/end.html' found in file '/Users/damithch/Repos/git-mastery/git-mastery.github.io/_markbind/layouts/lessons.md'
2026-09-23T09:06:40.550Z - [33mwarn[39m: You might have an invalid intra-link! Ignore this warning if it was intended.
'/lessons/trail/workingWithRemotes/end.html' found in file '/Users/damithch/Repos/git-mastery/git-mastery.github.io/_markbind/layouts/lessons.md'
2026-09-23T09:06:40.550Z - [33mwarn[39m: You might have an invalid intra-link! Ignore this warning if it was intended.
'/lessons/trail/usingRevisionHistory/end.html' found in file '/Users/damithch/Repos/git-mastery/git-mastery.github.io/_markbind/layouts/lessons.md'
2026-09-23T09:06:40.550Z - [33mwarn[39m: You might have an invalid intra-link! Ignore this warning if it was intended.
'/lessons/trail/fineTuningHistory/end.html' found in file '/Users/damithch/Repos/git-mastery/git-mastery.github.io/_markbind/layouts/lessons.md'
2026-09-23T09:06:40.550Z - [33mwarn[39m: You might have an invalid intra-link! Ignore this warning if it was intended.
'/lessons/trail/branchingLocally/end.html' found in file '/Users/damithch/Repos/git-mastery/git-mastery.github.io/_markbind/layouts/lessons.md'
2026-09-23T09:06:40.550Z - [33mwarn[39m: You might have an invalid intra-link! Ignore this warning if it was intended.
'/lessons/trail/syncingBranches/end.html' found in file '/Users/damithch/Repos/git-mastery/git-mastery.github.io/_markbind/layouts/lessons.md'
2026-09-23T09:06:40.550Z - [33mwarn[39m: You might have an invalid intra-link! Ignore this warning if it was intended.
'/lessons/trail/remoteBranches/end.html' found in file '/Users/damithch/Repos/git-mastery/git-mastery.github.io/_markbind/layouts/lessons.md'
2026-09-23T09:06:40.550Z - [33mwarn[39m: You might have an invalid intra-link! Ignore this warning if it was intended.
'/lessons/trail/workingWithPrs/end.html' found in file '/Users/damithch/Repos/git-mastery/git-mastery.github.io/_markbind/layouts/lessons.md'
2026-09-23T09:06:40.550Z - [33mwarn[39m: You might have an invalid intra-link! Ignore this warning if it was intended.
'/lessons/trail/managingProjects/end.html' found in file '/Users/damithch/Repos/git-mastery/git-mastery.github.io/_markbind/layouts/lessons.md'
2026-09-23T09:06:40.555Z - [32minfo[39m: Site data built
2026-09-23T09:06:40.555Z - [32minfo[39m: Lazy website regeneration complete! Total build time: 0.099s
2026-09-23T09:06:43.745Z - [32minfo[39m: Building /Users/damithch/Repos/git-mastery/git-mastery.github.io/lessons/trail/recordingFolderHistory/index as some of its dependencies were changed since the last visit
2026-09-23T09:06:43.839Z - [36mverbose[39m: Rendering page: /Users/damithch/Repos/git-mastery/git-mastery.github.io/lessons/trail/recordingFolderHistory/index.md
2026-09-23T09:06:43.851Z - [32minfo[39m: Site data built
2026-09-23T09:06:43.851Z - [32minfo[39m: Lazy website regeneration complete! Total build time: 0.107s
2026-09-23T09:09:29.855Z - [32minfo[39m: [17:09:29] Reload for file change: /Users/damithch/Repos/git-mastery/git-mastery.github.io/lessons/trail/recordingFolderHistory/text.md
2026-09-23T09:09:29.861Z - [32minfo[39m: Synchronizing opened pages list before reload
2026-09-23T09:09:29.862Z - [32minfo[39m: No pages are currently opened
2026-09-23T09:09:30.883Z - [32minfo[39m: No pages needed to be rebuilt
2026-09-23T09:09:35.532Z - [32minfo[39m: Building /Users/damithch/Repos/git-mastery/git-mastery.github.io/lessons/trail/recordingFolderHistory/index as some of its dependencies were changed since the last visit
2026-09-23T09:09:35.616Z - [31merror[39m: Template render error: (/Users/damithch/Repos/git-mastery/git-mastery.github.io/lessons/trail/recordingFolderHistory/text.md)
  Template render error: (/Users/damithch/Repos/git-mastery/git-mastery.github.io/lessons/trail/recordingFolderHistory/text.md)
  Template render error: (/Users/damithch/Repos/git-mastery/git-mastery.github.io/lessons/trail/recordingFolderHistory/text.md)
  Error: cannot import 'how_next_link'
    at Object._prettifyError (/opt/homebrew/lib/node_modules/markbind-cli/node_modules/nunjucks/src/lib.js:32:11)
    at file:///opt/homebrew/lib/node_modules/markbind-cli/node_modules/@markbind/core/src/patches/nunjucks/context-overrides-frame.js:336:23
    at Template.root [as rootRenderFunc] (eval at _compile (/opt/homebrew/lib/node_modules/markbind-cli/node_modules/nunjucks/src/environment.js:527:18), <anonymous>:82:3)
    at Template.render (file:///opt/homebrew/lib/node_modules/markbind-cli/node_modules/@markbind/core/src/patches/nunjucks/context-overrides-frame.js:326:10)
    at file:///opt/homebrew/lib/node_modules/markbind-cli/node_modules/@markbind/core/src/patches/nunjucks/context-overrides-frame.js:55:31
    at createTemplate (file:///opt/homebrew/lib/node_modules/markbind-cli/node_modules/@markbind/core/src/patches/nunjucks/load-event.js:110:13)
    at handle (file:///opt/homebrew/lib/node_modules/markbind-cli/node_modules/@markbind/core/src/patches/nunjucks/load-event.js:123:17)
    at file:///opt/homebrew/lib/node_modules/markbind-cli/node_modules/@markbind/core/src/patches/nunjucks/load-event.js:134:13
    at next (/opt/homebrew/lib/node_modules/markbind-cli/node_modules/nunjucks/src/lib.js:258:7)
    at Object.asyncIter (/opt/homebrew/lib/node_modules/markbind-cli/node_modules/nunjucks/src/lib.js:263:3)
2026-09-23T09:09:35.617Z - [31merror[39m: Template render error: (/Users/damithch/Repos/git-mastery/git-mastery.github.io/lessons/trail/recordingFolderHistory/text.md)
  Template render error: (/Users/damithch/Repos/git-mastery/git-mastery.github.io/lessons/trail/recordingFolderHistory/text.md)
  Template render error: (/Users/damithch/Repos/git-mastery/git-mastery.github.io/lessons/trail/recordingFolderHistory/text.md)
  Error: cannot import 'how_next_link'
    at Object._prettifyError (/opt/homebrew/lib/node_modules/markbind-cli/node_modules/nunjucks/src/lib.js:32:11)
    at file:///opt/homebrew/lib/node_modules/markbind-cli/node_modules/@markbind/core/src/patches/nunjucks/context-overrides-frame.js:336:23
    at Template.root [as rootRenderFunc] (eval at _compile (/opt/homebrew/lib/node_modules/markbind-cli/node_modules/nunjucks/src/environment.js:527:18), <anonymous>:82:3)
    at Template.render (file:///opt/homebrew/lib/node_modules/markbind-cli/node_modules/@markbind/core/src/patches/nunjucks/context-overrides-frame.js:326:10)
    at file:///opt/homebrew/lib/node_modules/markbind-cli/node_modules/@markbind/core/src/patches/nunjucks/context-overrides-frame.js:55:31
    at Environment.getTemplate (file:///opt/homebrew/lib/node_modules/markbind-cli/node_modules/@markbind/core/src/patches/nunjucks/load-event.js:78:13)
    at Environment.render (file:///opt/homebrew/lib/node_modules/markbind-cli/node_modules/@markbind/core/src/patches/nunjucks/context-overrides-frame.js:47:10)
    at VariableRenderer.renderFile (file:///opt/homebrew/lib/node_modules/markbind-cli/node_modules/@markbind/core/src/variables/VariableRenderer.js:44:24)
    at VariableProcessor.renderWithSiteVariables (file:///opt/homebrew/lib/node_modules/markbind-cli/node_modules/@markbind/core/src/variables/VariableProcessor.js:125:57)
    at VariableProcessor.renderIncludeFile (file:///opt/homebrew/lib/node_modules/markbind-cli/node_modules/@markbind/core/src/variables/VariableProcessor.js:202:38)
2026-09-23T09:09:35.648Z - [36mverbose[39m: Rendering page: /Users/damithch/Repos/git-mastery/git-mastery.github.io/lessons/trail/recordingFolderHistory/index.md
2026-09-23T09:09:35.659Z - [32minfo[39m: Site data built
2026-09-23T09:09:35.659Z - [32minfo[39m: Lazy website regeneration complete! Total build time: 0.129s
2026-09-23T09:10:13.111Z - [32minfo[39m: [17:10:13] Reload for file change: /Users/damithch/Repos/git-mastery/git-mastery.github.io/lessons/trail/recordingFolderHistory/text.md
2026-09-23T09:10:13.112Z - [32minfo[39m: Synchronizing opened pages list before reload
2026-09-23T09:10:13.116Z - [32minfo[39m: Current opened pages, from most-to-least recent:
2026-09-23T09:10:13.121Z - [32minfo[39m: 1. lessons/trail/recordingFolderHistory/index
2026-09-23T09:10:14.124Z - [32minfo[39m: Rebuilding 1 pages
2026-09-23T09:10:14.165Z - [31merror[39m: Template render error: (/Users/damithch/Repos/git-mastery/git-mastery.github.io/lessons/trail/recordingFolderHistory/text.md)
  Template render error: (/Users/damithch/Repos/git-mastery/git-mastery.github.io/lessons/trail/recordingFolderHistory/text.md)
  Template render error: (/Users/damithch/Repos/git-mastery/git-mastery.github.io/lessons/trail/recordingFolderHistory/text.md)
  Error: cannot import 'how_next_link'
    at Object._prettifyError (/opt/homebrew/lib/node_modules/markbind-cli/node_modules/nunjucks/src/lib.js:32:11)
    at file:///opt/homebrew/lib/node_modules/markbind-cli/node_modules/@markbind/core/src/patches/nunjucks/context-overrides-frame.js:336:23
    at Template.root [as rootRenderFunc] (eval at _compile (/opt/homebrew/lib/node_modules/markbind-cli/node_modules/nunjucks/src/environment.js:527:18), <anonymous>:82:3)
    at Template.render (file:///opt/homebrew/lib/node_modules/markbind-cli/node_modules/@markbind/core/src/patches/nunjucks/context-overrides-frame.js:326:10)
    at file:///opt/homebrew/lib/node_modules/markbind-cli/node_modules/@markbind/core/src/patches/nunjucks/context-overrides-frame.js:55:31
    at createTemplate (file:///opt/homebrew/lib/node_modules/markbind-cli/node_modules/@markbind/core/src/patches/nunjucks/load-event.js:110:13)
    at handle (file:///opt/homebrew/lib/node_modules/markbind-cli/node_modules/@markbind/core/src/patches/nunjucks/load-event.js:123:17)
    at file:///opt/homebrew/lib/node_modules/markbind-cli/node_modules/@markbind/core/src/patches/nunjucks/load-event.js:134:13
    at next (/opt/homebrew/lib/node_modules/markbind-cli/node_modules/nunjucks/src/lib.js:258:7)
    at Object.asyncIter (/opt/homebrew/lib/node_modules/markbind-cli/node_modules/nunjucks/src/lib.js:263:3)
2026-09-23T09:10:14.166Z - [31merror[39m: Template render error: (/Users/damithch/Repos/git-mastery/git-mastery.github.io/lessons/trail/recordingFolderHistory/text.md)
  Template render error: (/Users/damithch/Repos/git-mastery/git-mastery.github.io/lessons/trail/recordingFolderHistory/text.md)
  Template render error: (/Users/damithch/Repos/git-mastery/git-mastery.github.io/lessons/trail/recordingFolderHistory/text.md)
  Error: cannot import 'how_next_link'
    at Object._prettifyError (/opt/homebrew/lib/node_modules/markbind-cli/node_modules/nunjucks/src/lib.js:32:11)
    at file:///opt/homebrew/lib/node_modules/markbind-cli/node_modules/@markbind/core/src/patches/nunjucks/context-overrides-frame.js:336:23
    at Template.root [as rootRenderFunc] (eval at _compile (/opt/homebrew/lib/node_modules/markbind-cli/node_modules/nunjucks/src/environment.js:527:18), <anonymous>:82:3)
    at Template.render (file:///opt/homebrew/lib/node_modules/markbind-cli/node_modules/@markbind/core/src/patches/nunjucks/context-overrides-frame.js:326:10)
    at file:///opt/homebrew/lib/node_modules/markbind-cli/node_modules/@markbind/core/src/patches/nunjucks/context-overrides-frame.js:55:31
    at Environment.getTemplate (file:///opt/homebrew/lib/node_modules/markbind-cli/node_modules/@markbind/core/src/patches/nunjucks/load-event.js:78:13)
    at Environment.render (file:///opt/homebrew/lib/node_modules/markbind-cli/node_modules/@markbind/core/src/patches/nunjucks/context-overrides-frame.js:47:10)
    at VariableRenderer.renderFile (file:///opt/homebrew/lib/node_modules/markbind-cli/node_modules/@markbind/core/src/variables/VariableRenderer.js:44:24)
    at VariableProcessor.renderWithSiteVariables (file:///opt/homebrew/lib/node_modules/markbind-cli/node_modules/@markbind/core/src/variables/VariableProcessor.js:125:57)
    at VariableProcessor.renderIncludeFile (file:///opt/homebrew/lib/node_modules/markbind-cli/node_modules/@markbind/core/src/variables/VariableProcessor.js:202:38)
2026-09-23T09:10:14.181Z - [36mverbose[39m: Rendering page: /Users/damithch/Repos/git-mastery/git-mastery.github.io/lessons/trail/recordingFolderHistory/index.md
2026-09-23T09:10:14.191Z - [32minfo[39m: Site data built
2026-09-23T09:10:14.191Z - [32minfo[39m: Pages rebuilt
2026-09-23T09:10:14.192Z - [32minfo[39m: Website regeneration complete! Total build time: 0.069s
2026-09-23T09:10:32.764Z - [32minfo[39m: [17:10:32] Reload for file change: /Users/damithch/Repos/git-mastery/git-mastery.github.io/lessons/trail/recordingFolderHistory/text.md
2026-09-23T09:10:32.766Z - [32minfo[39m: Synchronizing opened pages list before reload
2026-09-23T09:10:32.766Z - [32minfo[39m: Current opened pages, from most-to-least recent:
2026-09-23T09:10:32.767Z - [32minfo[39m: 1. lessons/trail/recordingFolderHistory/index
2026-09-23T09:10:33.772Z - [32minfo[39m: Rebuilding 1 pages
2026-09-23T09:10:33.879Z - [36mverbose[39m: Rendering page: /Users/damithch/Repos/git-mastery/git-mastery.github.io/lessons/trail/recordingFolderHistory/index.md
2026-09-23T09:10:33.886Z - [32minfo[39m: Site data built
2026-09-23T09:10:33.886Z - [32minfo[39m: Pages rebuilt
2026-09-23T09:10:33.886Z - [32minfo[39m: Website regeneration complete! Total build time: 0.118s
2026-09-23T09:11:16.050Z - [32minfo[39m: [17:11:16] Reload for file change: /Users/damithch/Repos/git-mastery/git-mastery.github.io/_markbind/boilerplates/tour-inPage-asFlat.md
2026-09-23T09:11:16.052Z - [32minfo[39m: Synchronizing opened pages list before reload
2026-09-23T09:11:16.054Z - [32minfo[39m: Current opened pages, from most-to-least recent:
2026-09-23T09:11:16.054Z - [32minfo[39m: 1. lessons/trail/recordingFolderHistory/index
2026-09-23T09:11:17.062Z - [32minfo[39m: Rebuilding 1 pages
2026-09-23T09:11:17.159Z - [36mverbose[39m: Rendering page: /Users/damithch/Repos/git-mastery/git-mastery.github.io/lessons/trail/recordingFolderHistory/index.md
2026-09-23T09:11:17.166Z - [32minfo[39m: Site data built
2026-09-23T09:11:17.166Z - [32minfo[39m: Pages rebuilt
2026-09-23T09:11:17.166Z - [32minfo[39m: Website regeneration complete! Total build time: 0.107s
2026-09-23T09:11:41.579Z - [32minfo[39m: [17:11:41] Reload for file change: /Users/damithch/Repos/git-mastery/git-mastery.github.io/_markbind/boilerplates/tour-inPage-asFlat.md
2026-09-23T09:11:41.585Z - [32minfo[39m: Synchronizing opened pages list before reload
2026-09-23T09:11:41.590Z - [32minfo[39m: Current opened pages, from most-to-least recent:
2026-09-23T09:11:41.590Z - [32minfo[39m: 1. lessons/trail/recordingFolderHistory/index
2026-09-23T09:11:42.596Z - [32minfo[39m: Rebuilding 1 pages
2026-09-23T09:11:42.708Z - [36mverbose[39m: Rendering page: /Users/damithch/Repos/git-mastery/git-mastery.github.io/lessons/trail/recordingFolderHistory/index.md
2026-09-23T09:11:42.718Z - [32minfo[39m: Site data built
2026-09-23T09:11:42.718Z - [32minfo[39m: Pages rebuilt
2026-09-23T09:11:42.718Z - [32minfo[39m: Website regeneration complete! Total build time: 0.125s
2026-09-23T09:12:00.509Z - [32minfo[39m: Building /Users/damithch/Repos/git-mastery/git-mastery.github.io/lessons/index as some of its dependencies were changed since the last visit
2026-09-23T09:12:00.907Z - [36mverbose[39m: Rendering page: /Users/damithch/Repos/git-mastery/git-mastery.github.io/lessons/index.md
2026-09-23T09:12:00.916Z - [33mwarn[39m: You might have an invalid intra-link! Ignore this warning if it was intended.
'/lessons/trail/backingUpOnCloud/all.html' found in file '/Users/damithch/Repos/git-mastery/git-mastery.github.io/lessons/trail/text.md'
2026-09-23T09:12:00.916Z - [33mwarn[39m: You might have an invalid intra-link! Ignore this warning if it was intended.
'/lessons/trail/workingWithRemotes/all.html' found in file '/Users/damithch/Repos/git-mastery/git-mastery.github.io/lessons/trail/text.md'
2026-09-23T09:12:00.916Z - [33mwarn[39m: You might have an invalid intra-link! Ignore this warning if it was intended.
'/lessons/trail/usingRevisionHistory/all.html' found in file '/Users/damithch/Repos/git-mastery/git-mastery.github.io/lessons/trail/text.md'
2026-09-23T09:12:00.916Z - [33mwarn[39m: You might have an invalid intra-link! Ignore this warning if it was intended.
'/lessons/trail/fineTuningHistory/all.html' found in file '/Users/damithch/Repos/git-mastery/git-mastery.github.io/lessons/trail/text.md'
2026-09-23T09:12:00.916Z - [33mwarn[39m: You might have an invalid intra-link! Ignore this warning if it was intended.
'/lessons/trail/branchingLocally/all.html' found in file '/Users/damithch/Repos/git-mastery/git-mastery.github.io/lessons/trail/text.md'
2026-09-23T09:12:00.916Z - [33mwarn[39m: You might have an invalid intra-link! Ignore this warning if it was intended.
'/lessons/trail/syncingBranches/all.html' found in file '/Users/damithch/Repos/git-mastery/git-mastery.github.io/lessons/trail/text.md'
2026-09-23T09:12:00.916Z - [33mwarn[39m: You might have an invalid intra-link! Ignore this warning if it was intended.
'/lessons/trail/remoteBranches/all.html' found in file '/Users/damithch/Repos/git-mastery/git-mastery.github.io/lessons/trail/text.md'
2026-09-23T09:12:00.916Z - [33mwarn[39m: You might have an invalid intra-link! Ignore this warning if it was intended.
'/lessons/trail/workingWithPrs/all.html' found in file '/Users/damithch/Repos/git-mastery/git-mastery.github.io/lessons/trail/text.md'
2026-09-23T09:12:00.916Z - [33mwarn[39m: You might have an invalid intra-link! Ignore this warning if it was intended.
'/lessons/trail/managingProjects/all.html' found in file '/Users/damithch/Repos/git-mastery/git-mastery.github.io/lessons/trail/text.md'
2026-09-23T09:12:00.917Z - [32minfo[39m: Site data built
2026-09-23T09:12:00.917Z - [32minfo[39m: Lazy website regeneration complete! Total build time: 0.411s
2026-09-23T09:12:22.269Z - [32minfo[39m: Building /Users/damithch/Repos/git-mastery/git-mastery.github.io/lessons/gitPrep/index as some of its dependencies were changed since the last visit
2026-09-23T09:12:22.457Z - [36mverbose[39m: Rendering page: /Users/damithch/Repos/git-mastery/git-mastery.github.io/lessons/gitPrep/index.md
2026-09-23T09:12:22.475Z - [32minfo[39m: Site data built
2026-09-23T09:12:22.475Z - [32minfo[39m: Lazy website regeneration complete! Total build time: 0.207s
2026-09-23T09:13:42.424Z - [32minfo[39m: [17:13:42] Reload for file change: /Users/damithch/Repos/git-mastery/git-mastery.github.io/lessons/gitPrep/text.md
2026-09-23T09:13:42.427Z - [32minfo[39m: Synchronizing opened pages list before reload
2026-09-23T09:13:42.428Z - [32minfo[39m: Current opened pages, from most-to-least recent:
2026-09-23T09:13:42.429Z - [32minfo[39m: 1. lessons/gitPrep/index
2026-09-23T09:13:43.464Z - [32minfo[39m: Rebuilding 1 pages
2026-09-23T09:13:43.673Z - [36mverbose[39m: Rendering page: /Users/damithch/Repos/git-mastery/git-mastery.github.io/lessons/gitPrep/index.md
2026-09-23T09:13:43.692Z - [32minfo[39m: Site data built
2026-09-23T09:13:43.692Z - [32minfo[39m: Pages rebuilt
2026-09-23T09:13:43.692Z - [32minfo[39m: Website regeneration complete! Total build time: 0.26s
2026-09-23T09:13:52.921Z - [32minfo[39m: Building /Users/damithch/Repos/git-mastery/git-mastery.github.io/lessons/init/index as some of its dependencies were changed since the last visit
2026-09-23T09:13:53.082Z - [36mverbose[39m: Rendering page: /Users/damithch/Repos/git-mastery/git-mastery.github.io/lessons/init/index.md
2026-09-23T09:13:53.099Z - [32minfo[39m: Site data built
2026-09-23T09:13:53.099Z - [32minfo[39m: Lazy website regeneration complete! Total build time: 0.179s
2026-09-23T09:14:53.824Z - [32minfo[39m: [17:14:53] Reload for file change: /Users/damithch/Repos/git-mastery/git-mastery.github.io/lessons/init/text.md
2026-09-23T09:14:53.827Z - [32minfo[39m: Synchronizing opened pages list before reload
2026-09-23T09:14:53.828Z - [32minfo[39m: Current opened pages, from most-to-least recent:
2026-09-23T09:14:53.828Z - [32minfo[39m: 1. lessons/init/index
2026-09-23T09:14:54.846Z - [32minfo[39m: Rebuilding 1 pages
2026-09-23T09:14:55.016Z - [36mverbose[39m: Rendering page: /Users/damithch/Repos/git-mastery/git-mastery.github.io/lessons/init/index.md
2026-09-23T09:14:55.036Z - [32minfo[39m: Site data built
2026-09-23T09:14:55.036Z - [32minfo[39m: Pages rebuilt
2026-09-23T09:14:55.036Z - [32minfo[39m: Website regeneration complete! Total build time: 0.205s
2026-09-23T09:15:02.269Z - [32minfo[39m: Building /Users/damithch/Repos/git-mastery/git-mastery.github.io/lessons/stage/index as some of its dependencies were changed since the last visit
2026-09-23T09:15:02.424Z - [36mverbose[39m: Rendering page: /Users/damithch/Repos/git-mastery/git-mastery.github.io/lessons/stage/index.md
2026-09-23T09:15:02.448Z - [32minfo[39m: Site data built
2026-09-23T09:15:02.448Z - [32minfo[39m: Lazy website regeneration complete! Total build time: 0.179s
2026-09-23T09:16:03.890Z - [32minfo[39m: [17:16:03] Reload for file change: /Users/damithch/Repos/git-mastery/git-mastery.github.io/lessons/stage/text.md
2026-09-23T09:16:03.892Z - [32minfo[39m: Synchronizing opened pages list before reload
2026-09-23T09:16:03.892Z - [32minfo[39m: Current opened pages, from most-to-least recent:
2026-09-23T09:16:03.892Z - [32minfo[39m: 1. lessons/stage/index
2026-09-23T09:16:04.900Z - [32minfo[39m: Rebuilding 1 pages
2026-09-23T09:16:05.122Z - [36mverbose[39m: Rendering page: /Users/damithch/Repos/git-mastery/git-mastery.github.io/lessons/stage/index.md
2026-09-23T09:16:05.151Z - [32minfo[39m: Site data built
2026-09-23T09:16:05.151Z - [32minfo[39m: Pages rebuilt
2026-09-23T09:16:05.151Z - [32minfo[39m: Website regeneration complete! Total build time: 0.256s
2026-09-23T09:16:14.325Z - [32minfo[39m: Building /Users/damithch/Repos/git-mastery/git-mastery.github.io/lessons/commit/index as some of its dependencies were changed since the last visit
2026-09-23T09:16:14.488Z - [36mverbose[39m: Rendering page: /Users/damithch/Repos/git-mastery/git-mastery.github.io/lessons/commit/index.md
2026-09-23T09:16:14.515Z - [32minfo[39m: Site data built
2026-09-23T09:16:14.515Z - [32minfo[39m: Lazy website regeneration complete! Total build time: 0.191s
2026-09-23T09:16:18.470Z - [32minfo[39m: Building /Users/damithch/Repos/git-mastery/git-mastery.github.io/lessons/log/index as some of its dependencies were changed since the last visit
2026-09-23T09:16:18.578Z - [36mverbose[39m: Rendering page: /Users/damithch/Repos/git-mastery/git-mastery.github.io/lessons/log/index.md
2026-09-23T09:16:18.598Z - [32minfo[39m: Site data built
2026-09-23T09:16:18.598Z - [32minfo[39m: Lazy website regeneration complete! Total build time: 0.129s
2026-09-23T09:16:23.621Z - [32minfo[39m: Building /Users/damithch/Repos/git-mastery/git-mastery.github.io/lessons/trail/recordingFolderHistory/end as some of its dependencies were changed since the last visit
2026-09-23T09:16:23.672Z - [36mverbose[39m: Rendering page: /Users/damithch/Repos/git-mastery/git-mastery.github.io/lessons/trail/recordingFolderHistory/end.md
2026-09-23T09:16:23.677Z - [32minfo[39m: Site data built
2026-09-23T09:16:23.678Z - [32minfo[39m: Lazy website regeneration complete! Total build time: 0.057s
2026-09-23T09:17:51.270Z - [32minfo[39m: [17:17:51] Reload for file change: /Users/damithch/Repos/git-mastery/git-mastery.github.io/lessons/trail/recordingFolderHistory/text.md
2026-09-23T09:17:51.274Z - [32minfo[39m: Synchronizing opened pages list before reload
2026-09-23T09:17:51.276Z - [32minfo[39m: Current opened pages, from most-to-least recent:
2026-09-23T09:17:51.278Z - [32minfo[39m: 1. lessons/trail/recordingFolderHistory/end
2026-09-23T09:17:52.284Z - [32minfo[39m: Rebuilding 1 pages
2026-09-23T09:17:52.362Z - [36mverbose[39m: Rendering page: /Users/damithch/Repos/git-mastery/git-mastery.github.io/lessons/trail/recordingFolderHistory/end.md
2026-09-23T09:17:52.383Z - [33mwarn[39m: You might have an invalid intra-link! Ignore this warning if it was intended.
'/lessons/trail/undefined/index.html' found in file '/Users/damithch/Repos/git-mastery/git-mastery.github.io/lessons/trail/recordingFolderHistory/text.md'
2026-09-23T09:17:52.383Z - [32minfo[39m: Site data built
2026-09-23T09:17:52.383Z - [32minfo[39m: Pages rebuilt
2026-09-23T09:17:52.383Z - [32minfo[39m: Website regeneration complete! Total build time: 0.102s
2026-09-23T09:18:49.452Z - [32minfo[39m: [17:18:49] Reload for file change: /Users/damithch/Repos/git-mastery/git-mastery.github.io/lessons/trail/recordingFolderHistory/text.md
2026-09-23T09:18:49.453Z - [32minfo[39m: Synchronizing opened pages list before reload
2026-09-23T09:18:49.454Z - [32minfo[39m: Current opened pages, from most-to-least recent:
2026-09-23T09:18:49.454Z - [32minfo[39m: 1. lessons/trail/recordingFolderHistory/end
2026-09-23T09:18:50.469Z - [32minfo[39m: Rebuilding 1 pages
2026-09-23T09:18:50.520Z - [36mverbose[39m: Rendering page: /Users/damithch/Repos/git-mastery/git-mastery.github.io/lessons/trail/recordingFolderHistory/end.md
2026-09-23T09:18:50.530Z - [32minfo[39m: Site data built
2026-09-23T09:18:50.530Z - [32minfo[39m: Pages rebuilt
2026-09-23T09:18:50.530Z - [32minfo[39m: Website regeneration complete! Total build time: 0.067s
2026-09-23T09:18:55.179Z - [32minfo[39m: Building /Users/damithch/Repos/git-mastery/git-mastery.github.io/lessons/trail/backingUpOnCloud/index as some of its dependencies were changed since the last visit
2026-09-23T09:18:55.494Z - [36mverbose[39m: Rendering page: /Users/damithch/Repos/git-mastery/git-mastery.github.io/lessons/trail/backingUpOnCloud/index.md
2026-09-23T09:18:55.528Z - [32minfo[39m: Site data built
2026-09-23T09:18:55.528Z - [32minfo[39m: Lazy website regeneration complete! Total build time: 0.35s
2026-09-23T09:27:09.830Z - [32minfo[39m: [17:27:09] Reload for file change: /Users/damithch/Repos/git-mastery/git-mastery.github.io/lessons/githubPrep/text.md
2026-09-23T09:27:09.839Z - [32minfo[39m: Synchronizing opened pages list before reload
2026-09-23T09:27:09.841Z - [32minfo[39m: Current opened pages, from most-to-least recent:
2026-09-23T09:27:09.842Z - [32minfo[39m: 1. lessons/trail/recordingFolderHistory/end
2026-09-23T09:27:09.844Z - [32minfo[39m: [17:27:09] Reload for file change: /Users/damithch/Repos/git-mastery/git-mastery.github.io/lessons/remoteRepos/text.md
2026-09-23T09:27:09.844Z - [32minfo[39m: Synchronizing opened pages list before reload
2026-09-23T09:27:09.844Z - [32minfo[39m: Current opened pages, from most-to-least recent:
2026-09-23T09:27:09.844Z - [32minfo[39m: 1. lessons/trail/recordingFolderHistory/end
2026-09-23T09:27:09.888Z - [32minfo[39m: [17:27:09] Reload for file change: /Users/damithch/Repos/git-mastery/git-mastery.github.io/lessons/createRemoteRepo/text.md
2026-09-23T09:27:09.888Z - [32minfo[39m: Synchronizing opened pages list before reload
2026-09-23T09:27:09.888Z - [32minfo[39m: Current opened pages, from most-to-least recent:
2026-09-23T09:27:09.888Z - [32minfo[39m: 1. lessons/trail/recordingFolderHistory/end
2026-09-23T09:27:09.989Z - [32minfo[39m: [17:27:09] Reload for file change: /Users/damithch/Repos/git-mastery/git-mastery.github.io/lessons/setRemote/text.md
2026-09-23T09:27:09.990Z - [32minfo[39m: Synchronizing opened pages list before reload
2026-09-23T09:27:09.990Z - [32minfo[39m: Current opened pages, from most-to-least recent:
2026-09-23T09:27:09.990Z - [32minfo[39m: 1. lessons/trail/recordingFolderHistory/end
2026-09-23T09:27:10.110Z - [32minfo[39m: [17:27:10] Reload for file change: /Users/damithch/Repos/git-mastery/git-mastery.github.io/lessons/ignore/text.md
2026-09-23T09:27:10.110Z - [32minfo[39m: Synchronizing opened pages list before reload
2026-09-23T09:27:10.110Z - [32minfo[39m: Current opened pages, from most-to-least recent:
2026-09-23T09:27:10.110Z - [32minfo[39m: 1. lessons/trail/recordingFolderHistory/end
2026-09-23T09:27:10.113Z - [32minfo[39m: [17:27:10] Reload for file change: /Users/damithch/Repos/git-mastery/git-mastery.github.io/lessons/push/text.md
2026-09-23T09:27:10.113Z - [32minfo[39m: Synchronizing opened pages list before reload
2026-09-23T09:27:10.114Z - [32minfo[39m: Current opened pages, from most-to-least recent:
2026-09-23T09:27:10.114Z - [32minfo[39m: 1. lessons/trail/recordingFolderHistory/end
2026-09-23T09:27:10.212Z - [32minfo[39m: [17:27:10] Reload for file change: /Users/damithch/Repos/git-mastery/git-mastery.github.io/lessons/trail/backingUpOnCloud/index.md
2026-09-23T09:27:10.212Z - [32minfo[39m: Synchronizing opened pages list before reload
2026-09-23T09:27:10.212Z - [32minfo[39m: Current opened pages, from most-to-least recent:
2026-09-23T09:27:10.212Z - [32minfo[39m: 1. lessons/trail/recordingFolderHistory/end
2026-09-23T09:27:10.311Z - [32minfo[39m: [17:27:10] Reload for file change: /Users/damithch/Repos/git-mastery/git-mastery.github.io/lessons/trail/backingUpOnCloud/text.md
2026-09-23T09:27:10.311Z - [32minfo[39m: Synchronizing opened pages list before reload
2026-09-23T09:27:10.311Z - [32minfo[39m: Current opened pages, from most-to-least recent:
2026-09-23T09:27:10.312Z - [32minfo[39m: 1. lessons/trail/recordingFolderHistory/end
2026-09-23T09:27:10.425Z - [32minfo[39m: [17:27:10] Reload for file add: /Users/damithch/Repos/git-mastery/git-mastery.github.io/lessons/trail/backingUpOnCloud/all.md
2026-09-23T09:27:10.425Z - [32minfo[39m: Synchronizing opened pages list before reload
2026-09-23T09:27:10.425Z - [32minfo[39m: Current opened pages, from most-to-least recent:
2026-09-23T09:27:10.426Z - [32minfo[39m: 1. lessons/trail/recordingFolderHistory/end
2026-09-23T09:27:10.515Z - [32minfo[39m: [17:27:10] Reload for file add: /Users/damithch/Repos/git-mastery/git-mastery.github.io/lessons/trail/backingUpOnCloud/end.md
2026-09-23T09:27:10.515Z - [32minfo[39m: Synchronizing opened pages list before reload
2026-09-23T09:27:10.516Z - [32minfo[39m: Current opened pages, from most-to-least recent:
2026-09-23T09:27:10.516Z - [32minfo[39m: 1. lessons/trail/recordingFolderHistory/end
2026-09-23T09:27:10.862Z - [32minfo[39m: No pages needed to be rebuilt
2026-09-23T09:27:11.518Z - [32minfo[39m: Pages or site config modified, updating pages...
2026-09-23T09:27:12.587Z - [32minfo[39m: Building /Users/damithch/Repos/git-mastery/git-mastery.github.io/lessons/trail/recordingFolderHistory/end as some of its dependencies were changed since the last visit
2026-09-23T09:27:12.689Z - [36mverbose[39m: Rendering page: /Users/damithch/Repos/git-mastery/git-mastery.github.io/lessons/trail/recordingFolderHistory/end.md
2026-09-23T09:27:12.701Z - [33mwarn[39m: You might have an invalid intra-link! Ignore this warning if it was intended.
'/lessons/trail/workingWithRemotes/end.html' found in file '/Users/damithch/Repos/git-mastery/git-mastery.github.io/_markbind/layouts/lessons.md'
2026-09-23T09:27:12.701Z - [33mwarn[39m: You might have an invalid intra-link! Ignore this warning if it was intended.
'/lessons/trail/usingRevisionHistory/end.html' found in file '/Users/damithch/Repos/git-mastery/git-mastery.github.io/_markbind/layouts/lessons.md'
2026-09-23T09:27:12.701Z - [33mwarn[39m: You might have an invalid intra-link! Ignore this warning if it was intended.
'/lessons/trail/fineTuningHistory/end.html' found in file '/Users/damithch/Repos/git-mastery/git-mastery.github.io/_markbind/layouts/lessons.md'
2026-09-23T09:27:12.701Z - [33mwarn[39m: You might have an invalid intra-link! Ignore this warning if it was intended.
'/lessons/trail/branchingLocally/end.html' found in file '/Users/damithch/Repos/git-mastery/git-mastery.github.io/_markbind/layouts/lessons.md'
2026-09-23T09:27:12.701Z - [33mwarn[39m: You might have an invalid intra-link! Ignore this warning if it was intended.
'/lessons/trail/syncingBranches/end.html' found in file '/Users/damithch/Repos/git-mastery/git-mastery.github.io/_markbind/layouts/lessons.md'
2026-09-23T09:27:12.701Z - [33mwarn[39m: You might have an invalid intra-link! Ignore this warning if it was intended.
'/lessons/trail/remoteBranches/end.html' found in file '/Users/damithch/Repos/git-mastery/git-mastery.github.io/_markbind/layouts/lessons.md'
2026-09-23T09:27:12.701Z - [33mwarn[39m: You might have an invalid intra-link! Ignore this warning if it was intended.
'/lessons/trail/workingWithPrs/end.html' found in file '/Users/damithch/Repos/git-mastery/git-mastery.github.io/_markbind/layouts/lessons.md'
2026-09-23T09:27:12.701Z - [33mwarn[39m: You might have an invalid intra-link! Ignore this warning if it was intended.
'/lessons/trail/managingProjects/end.html' found in file '/Users/damithch/Repos/git-mastery/git-mastery.github.io/_markbind/layouts/lessons.md'
2026-09-23T09:27:12.702Z - [32minfo[39m: Site data built
2026-09-23T09:27:12.702Z - [32minfo[39m: Lazy website regeneration complete! Total build time: 0.115s
2026-09-23T09:27:47.697Z - [32minfo[39m: [17:27:47] Reload for file change: /Users/damithch/Repos/git-mastery/git-mastery.github.io/lessons/trail/backingUpOnCloud/text.md
2026-09-23T09:27:47.703Z - [32minfo[39m: Synchronizing opened pages list before reload
2026-09-23T09:27:47.704Z - [32minfo[39m: Current opened pages, from most-to-least recent:
2026-09-23T09:27:47.704Z - [32minfo[39m: 1. lessons/trail/recordingFolderHistory/end
2026-09-23T09:27:48.715Z - [32minfo[39m: Assets built
2026-09-23T09:28:05.566Z - [32minfo[39m: Website generation started at 5:28:05 PM
2026-09-23T09:28:05.861Z - [32minfo[39m: Building assets...
2026-09-23T09:28:06.028Z - [32minfo[39m: Assets built
2026-09-23T09:28:06.029Z - [32minfo[39m: Generating pages...
2026-09-23T09:28:06.645Z - [36mverbose[39m: Rendering page: /Users/damithch/Repos/git-mastery/git-mastery.github.io/about/index.md
2026-09-23T09:28:06.656Z - [36mverbose[39m: Rendering page: /Users/damithch/Repos/git-mastery/git-mastery.github.io/faq/index.md
2026-09-23T09:28:06.660Z - [36mverbose[39m: Rendering page: /Users/damithch/Repos/git-mastery/git-mastery.github.io/companion-app/index.md
2026-09-23T09:28:06.679Z - [36mverbose[39m: Rendering page: /Users/damithch/Repos/git-mastery/git-mastery.github.io/exercises-directory/index.md
2026-09-23T09:28:06.761Z - [36mverbose[39m: Rendering page: /Users/damithch/Repos/git-mastery/git-mastery.github.io/versions/cs2103/insertions.md
2026-09-23T09:28:06.777Z - [36mverbose[39m: Rendering page: /Users/damithch/Repos/git-mastery/git-mastery.github.io/versions/cs2113/insertions.md
2026-09-23T09:28:06.782Z - [36mverbose[39m: Rendering page: /Users/damithch/Repos/git-mastery/git-mastery.github.io/lessons/trail/recordingFolderHistory/end.md
2026-09-23T09:28:07.548Z - [36mverbose[39m: Rendering page: /Users/damithch/Repos/git-mastery/git-mastery.github.io/lessons/trail/backingUpOnCloud/end.md
2026-09-23T09:28:10.624Z - [36mverbose[39m: Rendering page: /Users/damithch/Repos/git-mastery/git-mastery.github.io/lessons/trail/backingUpOnCloud/all.md
2026-09-23T09:28:10.711Z - [36mverbose[39m: Rendering page: /Users/damithch/Repos/git-mastery/git-mastery.github.io/lessons/trail/recordingFolderHistory/all.md
2026-09-23T09:28:10.810Z - [36mverbose[39m: Rendering page: /Users/damithch/Repos/git-mastery/git-mastery.github.io/lessons/trail/all.md
2026-09-23T09:28:11.188Z - [36mverbose[39m: Rendering page: /Users/damithch/Repos/git-mastery/git-mastery.github.io/lessons/tag/exercise-tags-update.md
2026-09-23T09:28:11.191Z - [36mverbose[39m: Rendering page: /Users/damithch/Repos/git-mastery/git-mastery.github.io/lessons/tag/exercise-tags-push.md
2026-09-23T09:28:11.210Z - [36mverbose[39m: Rendering page: /Users/damithch/Repos/git-mastery/git-mastery.github.io/lessons/tag/exercise-tags-add.md
2026-09-23T09:28:11.237Z - [36mverbose[39m: Rendering page: /Users/damithch/Repos/git-mastery/git-mastery.github.io/lessons/stage/exercise-stage-fright.md
2026-09-23T09:28:11.251Z - [36mverbose[39m: Rendering page: /Users/damithch/Repos/git-mastery/git-mastery.github.io/lessons/show/exercise-view-commits.md
2026-09-23T09:28:11.254Z - [36mverbose[39m: Rendering page: /Users/damithch/Repos/git-mastery/git-mastery.github.io/lessons/setRemote/exercise-link-me.md
2026-09-23T09:28:11.277Z - [36mverbose[39m: Rendering page: /Users/damithch/Repos/git-mastery/git-mastery.github.io/lessons/revert/exercise-sensors-revert.md
2026-09-23T09:28:11.292Z - [36mverbose[39m: Rendering page: /Users/damithch/Repos/git-mastery/git-mastery.github.io/lessons/reset/exercise-sensors-reset.md
2026-09-23T09:28:11.303Z - [36mverbose[39m: Rendering page: /Users/damithch/Repos/git-mastery/git-mastery.github.io/lessons/remoteBranchRename/exercise-glossary-branch-rename.md
2026-09-23T09:28:11.307Z - [36mverbose[39m: Rendering page: /Users/damithch/Repos/git-mastery/git-mastery.github.io/lessons/remoteBranchRename/exercise-remote-branch-rename.md
2026-09-23T09:28:11.323Z - [36mverbose[39m: Rendering page: /Users/damithch/Repos/git-mastery/git-mastery.github.io/lessons/remoteBranchPush/exercise-glossary-branch-push.md
2026-09-23T09:28:11.345Z - [36mverbose[39m: Rendering page: /Users/damithch/Repos/git-mastery/git-mastery.github.io/lessons/remoteBranchPull/exercise-glossary-branch-pull.md
2026-09-23T09:28:11.356Z - [36mverbose[39m: Rendering page: /Users/damithch/Repos/git-mastery/git-mastery.github.io/lessons/remoteBranchDelete/exercise-glossary-branch-delete.md
2026-09-23T09:28:11.358Z - [36mverbose[39m: Rendering page: /Users/damithch/Repos/git-mastery/git-mastery.github.io/lessons/push/exercise-push-over.md
2026-09-23T09:28:11.375Z - [36mverbose[39m: Rendering page: /Users/damithch/Repos/git-mastery/git-mastery.github.io/lessons/pull/exercise-fetch-and-pull.md
2026-09-23T09:28:11.407Z - [36mverbose[39m: Rendering page: /Users/damithch/Repos/git-mastery/git-mastery.github.io/lessons/prsCreate/exercise-create-pr-from-main.md
2026-09-23T09:28:11.443Z - [36mverbose[39m: Rendering page: /Users/damithch/Repos/git-mastery/git-mastery.github.io/lessons/merge/exercise-merge-undo.md
2026-09-23T09:28:11.450Z - [36mverbose[39m: Rendering page: /Users/damithch/Repos/git-mastery/git-mastery.github.io/lessons/mergeConflicts/exercise-conflict-mediator.md
2026-09-23T09:28:11.484Z - [36mverbose[39m: Rendering page: /Users/damithch/Repos/git-mastery/git-mastery.github.io/lessons/merge/exercise-merge-squash.md
2026-09-23T09:28:11.541Z - [36mverbose[39m: Rendering page: /Users/damithch/Repos/git-mastery/git-mastery.github.io/lessons/merge/exercise-ff-undo.md
2026-09-23T09:28:11.562Z - [36mverbose[39m: Rendering page: /Users/damithch/Repos/git-mastery/git-mastery.github.io/lessons/merge/exercise-branch-compare.md
2026-09-23T09:28:11.566Z - [36mverbose[39m: Rendering page: /Users/damithch/Repos/git-mastery/git-mastery.github.io/lessons/merge/exercise-branch-forward.md
2026-09-23T09:28:11.581Z - [36mverbose[39m: Rendering page: /Users/damithch/Repos/git-mastery/git-mastery.github.io/lessons/merge/exercise-branch-bender.md
2026-09-23T09:28:11.606Z - [36mverbose[39m: Rendering page: /Users/damithch/Repos/git-mastery/git-mastery.github.io/lessons/log/exercise-log-and-order.md
2026-09-23T09:28:11.619Z - [36mverbose[39m: Rendering page: /Users/damithch/Repos/git-mastery/git-mastery.github.io/lessons/init/exercise-undo-init.md
2026-09-23T09:28:11.621Z - [36mverbose[39m: Rendering page: /Users/damithch/Repos/git-mastery/git-mastery.github.io/lessons/init/exercise-under-control.md
2026-09-23T09:28:11.636Z - [36mverbose[39m: Rendering page: /Users/damithch/Repos/git-mastery/git-mastery.github.io/lessons/ignore/exercise-ignoring-somethings.md
2026-09-23T09:28:11.682Z - [36mverbose[39m: Rendering page: /Users/damithch/Repos/git-mastery/git-mastery.github.io/lessons/fork/exercise-fork-repo.md
2026-09-23T09:28:11.688Z - [36mverbose[39m: Rendering page: /Users/damithch/Repos/git-mastery/git-mastery.github.io/lessons/diff/exercise-sensors-diff.md
2026-09-23T09:28:11.693Z - [36mverbose[39m: Rendering page: /Users/damithch/Repos/git-mastery/git-mastery.github.io/lessons/createRemoteRepo/exercise-remote-control.md
2026-09-23T09:28:11.713Z - [36mverbose[39m: Rendering page: /Users/damithch/Repos/git-mastery/git-mastery.github.io/lessons/commit/exercise-staging-intervention.md
2026-09-23T09:28:11.754Z - [36mverbose[39m: Rendering page: /Users/damithch/Repos/git-mastery/git-mastery.github.io/lessons/commit/exercise-grocery-shopping.md
2026-09-23T09:28:11.774Z - [36mverbose[39m: Rendering page: /Users/damithch/Repos/git-mastery/git-mastery.github.io/lessons/checkout/exercise-sensors-checkout.md
2026-09-23T09:28:11.777Z - [36mverbose[39m: Rendering page: /Users/damithch/Repos/git-mastery/git-mastery.github.io/lessons/clone/exercise-clone-repo.md
2026-09-23T09:28:11.802Z - [36mverbose[39m: Rendering page: /Users/damithch/Repos/git-mastery/git-mastery.github.io/lessons/branchRename/exercise-branch-rename.md
2026-09-23T09:28:11.854Z - [36mverbose[39m: Rendering page: /Users/damithch/Repos/git-mastery/git-mastery.github.io/lessons/branchDelete/exercise-mix-messy-graph.md
2026-09-23T09:28:11.859Z - [36mverbose[39m: Rendering page: /Users/damithch/Repos/git-mastery/git-mastery.github.io/lessons/branchDelete/exercise-mix-messy-docs.md
2026-09-23T09:28:11.862Z - [36mverbose[39m: Rendering page: /Users/damithch/Repos/git-mastery/git-mastery.github.io/lessons/branchDelete/exercise-branch-delete.md
2026-09-23T09:28:11.882Z - [36mverbose[39m: Rendering page: /Users/damithch/Repos/git-mastery/git-mastery.github.io/lessons/branch/exercise-side-track.md
2026-09-23T09:28:11.905Z - [36mverbose[39m: Rendering page: /Users/damithch/Repos/git-mastery/git-mastery.github.io/lessons/branch/exercise-branch-previous.md
2026-09-23T09:28:12.002Z - [36mverbose[39m: Rendering page: /Users/damithch/Repos/git-mastery/git-mastery.github.io/versions/cs2113/index.md
2026-09-23T09:28:12.004Z - [36mverbose[39m: Rendering page: /Users/damithch/Repos/git-mastery/git-mastery.github.io/versions/cs2103/index.md
2026-09-23T09:28:12.031Z - [36mverbose[39m: Rendering page: /Users/damithch/Repos/git-mastery/git-mastery.github.io/lessons/worktrees/index.md
2026-09-23T09:28:12.348Z - [36mverbose[39m: Rendering page: /Users/damithch/Repos/git-mastery/git-mastery.github.io/lessons/workflows/index.md
2026-09-23T09:28:12.716Z - [36mverbose[39m: Rendering page: /Users/damithch/Repos/git-mastery/git-mastery.github.io/lessons/trail/workingWithRemotes/index.md
2026-09-23T09:28:12.791Z - [36mverbose[39m: Rendering page: /Users/damithch/Repos/git-mastery/git-mastery.github.io/lessons/trail/workingWithPrs/index.md
2026-09-23T09:28:12.906Z - [36mverbose[39m: Rendering page: /Users/damithch/Repos/git-mastery/git-mastery.github.io/lessons/trail/usingRevisionHistory/index.md
2026-09-23T09:28:12.955Z - [36mverbose[39m: Rendering page: /Users/damithch/Repos/git-mastery/git-mastery.github.io/lessons/trail/syncingBranches/index.md
2026-09-23T09:28:13.038Z - [36mverbose[39m: Rendering page: /Users/damithch/Repos/git-mastery/git-mastery.github.io/lessons/trail/remoteBranches/index.md
2026-09-23T09:28:13.235Z - [36mverbose[39m: Rendering page: /Users/damithch/Repos/git-mastery/git-mastery.github.io/lessons/trail/recordingFolderHistory/index.md
2026-09-23T09:28:13.240Z - [36mverbose[39m: Rendering page: /Users/damithch/Repos/git-mastery/git-mastery.github.io/lessons/trail/managingProjects/index.md
2026-09-23T09:28:13.715Z - [36mverbose[39m: Rendering page: /Users/damithch/Repos/git-mastery/git-mastery.github.io/lessons/trail/index.md
2026-09-23T09:28:13.755Z - [36mverbose[39m: Rendering page: /Users/damithch/Repos/git-mastery/git-mastery.github.io/lessons/trail/fineTuningHistory/index.md
2026-09-23T09:28:13.778Z - [36mverbose[39m: Rendering page: /Users/damithch/Repos/git-mastery/git-mastery.github.io/lessons/trail/branchingLocally/index.md
2026-09-23T09:28:13.825Z - [36mverbose[39m: Rendering page: /Users/damithch/Repos/git-mastery/git-mastery.github.io/lessons/trail/backingUpOnCloud/index.md
2026-09-23T09:28:13.956Z - [36mverbose[39m: Rendering page: /Users/damithch/Repos/git-mastery/git-mastery.github.io/lessons/template/index.md
2026-09-23T09:28:13.984Z - [36mverbose[39m: Rendering page: /Users/damithch/Repos/git-mastery/git-mastery.github.io/lessons/tag/index.md
2026-09-23T09:28:14.094Z - [36mverbose[39m: Rendering page: /Users/damithch/Repos/git-mastery/git-mastery.github.io/lessons/syncByRebase/index.md
2026-09-23T09:28:14.167Z - [36mverbose[39m: Rendering page: /Users/damithch/Repos/git-mastery/git-mastery.github.io/lessons/syncByMerge/index.md
2026-09-23T09:28:14.174Z - [36mverbose[39m: Rendering page: /Users/damithch/Repos/git-mastery/git-mastery.github.io/lessons/stage/index.md
2026-09-23T09:28:14.261Z - [36mverbose[39m: Rendering page: /Users/damithch/Repos/git-mastery/git-mastery.github.io/lessons/show/index.md
2026-09-23T09:28:14.435Z - [36mverbose[39m: Rendering page: /Users/damithch/Repos/git-mastery/git-mastery.github.io/lessons/setRemote/index.md
2026-09-23T09:28:14.444Z - [36mverbose[39m: Rendering page: /Users/damithch/Repos/git-mastery/git-mastery.github.io/lessons/selectiveStage/index.md
2026-09-23T09:28:14.450Z - [36mverbose[39m: Rendering page: /Users/damithch/Repos/git-mastery/git-mastery.github.io/lessons/revert/index.md
2026-09-23T09:28:14.469Z - [36mverbose[39m: Rendering page: /Users/damithch/Repos/git-mastery/git-mastery.github.io/lessons/reset/index.md
2026-09-23T09:28:14.585Z - [36mverbose[39m: Rendering page: /Users/damithch/Repos/git-mastery/git-mastery.github.io/lessons/remoteRepos/index.md
2026-09-23T09:28:14.589Z - [36mverbose[39m: Rendering page: /Users/damithch/Repos/git-mastery/git-mastery.github.io/lessons/remoteBranchRename/index.md
2026-09-23T09:28:14.597Z - [36mverbose[39m: Rendering page: /Users/damithch/Repos/git-mastery/git-mastery.github.io/lessons/remoteBranchPush/index.md
2026-09-23T09:28:14.602Z - [36mverbose[39m: Rendering page: /Users/damithch/Repos/git-mastery/git-mastery.github.io/lessons/remoteBranchPull/index.md
2026-09-23T09:28:14.857Z - [36mverbose[39m: Rendering page: /Users/damithch/Repos/git-mastery/git-mastery.github.io/lessons/remoteBranchDelete/index.md
2026-09-23T09:28:14.863Z - [36mverbose[39m: Rendering page: /Users/damithch/Repos/git-mastery/git-mastery.github.io/lessons/push/index.md
2026-09-23T09:28:14.874Z - [36mverbose[39m: Rendering page: /Users/damithch/Repos/git-mastery/git-mastery.github.io/lessons/pull/index.md
2026-09-23T09:28:14.940Z - [36mverbose[39m: Rendering page: /Users/damithch/Repos/git-mastery/git-mastery.github.io/lessons/prsReview/index.md
2026-09-23T09:28:15.048Z - [36mverbose[39m: Rendering page: /Users/damithch/Repos/git-mastery/git-mastery.github.io/lessons/prsMerge/index.md
2026-09-23T09:28:15.098Z - [36mverbose[39m: Rendering page: /Users/damithch/Repos/git-mastery/git-mastery.github.io/lessons/prsCreate/index.md
2026-09-23T09:28:15.108Z - [36mverbose[39m: Rendering page: /Users/damithch/Repos/git-mastery/git-mastery.github.io/lessons/otherPmFeatures/index.md
2026-09-23T09:28:15.238Z - [36mverbose[39m: Rendering page: /Users/damithch/Repos/git-mastery/git-mastery.github.io/lessons/mergeConflicts/index.md
2026-09-23T09:28:15.439Z - [36mverbose[39m: Rendering page: /Users/damithch/Repos/git-mastery/git-mastery.github.io/lessons/merge/index.md
2026-09-23T09:28:15.457Z - [36mverbose[39m: Rendering page: /Users/damithch/Repos/git-mastery/git-mastery.github.io/lessons/intro/index.md
2026-09-23T09:28:15.463Z - [36mverbose[39m: Rendering page: /Users/damithch/Repos/git-mastery/git-mastery.github.io/lessons/log/index.md
2026-09-23T09:28:15.541Z - [36mverbose[39m: Rendering page: /Users/damithch/Repos/git-mastery/git-mastery.github.io/lessons/interactiveRebase/index.md
2026-09-23T09:28:15.858Z - [36mverbose[39m: Rendering page: /Users/damithch/Repos/git-mastery/git-mastery.github.io/lessons/init/index.md
2026-09-23T09:28:15.871Z - [36mverbose[39m: Rendering page: /Users/damithch/Repos/git-mastery/git-mastery.github.io/lessons/ignore/index.md
2026-09-23T09:28:15.883Z - [36mverbose[39m: Rendering page: /Users/damithch/Repos/git-mastery/git-mastery.github.io/lessons/index.md
2026-09-23T09:28:15.976Z - [36mverbose[39m: Rendering page: /Users/damithch/Repos/git-mastery/git-mastery.github.io/lessons/githubPrep/index.md
2026-09-23T09:28:16.093Z - [36mverbose[39m: Rendering page: /Users/damithch/Repos/git-mastery/git-mastery.github.io/lessons/gitPrep/index.md
2026-09-23T09:28:16.107Z - [36mverbose[39m: Rendering page: /Users/damithch/Repos/git-mastery/git-mastery.github.io/lessons/forkingWorkflow/index.md
2026-09-23T09:28:16.112Z - [36mverbose[39m: Rendering page: /Users/damithch/Repos/git-mastery/git-mastery.github.io/lessons/fork/index.md
2026-09-23T09:28:16.134Z - [36mverbose[39m: Rendering page: /Users/damithch/Repos/git-mastery/git-mastery.github.io/lessons/diff/index.md
2026-09-23T09:28:16.169Z - [36mverbose[39m: Rendering page: /Users/damithch/Repos/git-mastery/git-mastery.github.io/lessons/createRemoteRepo/index.md
2026-09-23T09:28:16.286Z - [36mverbose[39m: Rendering page: /Users/damithch/Repos/git-mastery/git-mastery.github.io/lessons/commitMessage/index.md
2026-09-23T09:28:16.314Z - [36mverbose[39m: Rendering page: /Users/damithch/Repos/git-mastery/git-mastery.github.io/lessons/commit/index.md
2026-09-23T09:28:16.326Z - [36mverbose[39m: Rendering page: /Users/damithch/Repos/git-mastery/git-mastery.github.io/lessons/clone/index.md
2026-09-23T09:28:16.426Z - [36mverbose[39m: Rendering page: /Users/damithch/Repos/git-mastery/git-mastery.github.io/lessons/cherryPick/index.md
2026-09-23T09:28:16.501Z - [36mverbose[39m: Rendering page: /Users/damithch/Repos/git-mastery/git-mastery.github.io/lessons/checkout/index.md
2026-09-23T09:28:16.514Z - [36mverbose[39m: Rendering page: /Users/damithch/Repos/git-mastery/git-mastery.github.io/lessons/branchRename/index.md
2026-09-23T09:28:16.620Z - [36mverbose[39m: Rendering page: /Users/damithch/Repos/git-mastery/git-mastery.github.io/lessons/branchDelete/index.md
2026-09-23T09:28:16.641Z - [36mverbose[39m: Rendering page: /Users/damithch/Repos/git-mastery/git-mastery.github.io/lessons/branch/index.md
2026-09-23T09:28:16.654Z - [36mverbose[39m: Rendering page: /Users/damithch/Repos/git-mastery/git-mastery.github.io/index.md
2026-09-23T09:28:16.658Z - [33mwarn[39m: You might have an invalid intra-link! Ignore this warning if it was intended.
'/lessons/trail/workingWithRemotes/end.html' found in file '/Users/damithch/Repos/git-mastery/git-mastery.github.io/_markbind/layouts/lessons.md'
2026-09-23T09:28:16.658Z - [33mwarn[39m: You might have an invalid intra-link! Ignore this warning if it was intended.
'/lessons/trail/usingRevisionHistory/end.html' found in file '/Users/damithch/Repos/git-mastery/git-mastery.github.io/_markbind/layouts/lessons.md'
2026-09-23T09:28:16.658Z - [33mwarn[39m: You might have an invalid intra-link! Ignore this warning if it was intended.
'/lessons/trail/fineTuningHistory/end.html' found in file '/Users/damithch/Repos/git-mastery/git-mastery.github.io/_markbind/layouts/lessons.md'
2026-09-23T09:28:16.658Z - [33mwarn[39m: You might have an invalid intra-link! Ignore this warning if it was intended.
'/lessons/trail/branchingLocally/end.html' found in file '/Users/damithch/Repos/git-mastery/git-mastery.github.io/_markbind/layouts/lessons.md'
2026-09-23T09:28:16.658Z - [33mwarn[39m: You might have an invalid intra-link! Ignore this warning if it was intended.
'/lessons/trail/syncingBranches/end.html' found in file '/Users/damithch/Repos/git-mastery/git-mastery.github.io/_markbind/layouts/lessons.md'
2026-09-23T09:28:16.658Z - [33mwarn[39m: You might have an invalid intra-link! Ignore this warning if it was intended.
'/lessons/trail/remoteBranches/end.html' found in file '/Users/damithch/Repos/git-mastery/git-mastery.github.io/_markbind/layouts/lessons.md'
2026-09-23T09:28:16.658Z - [33mwarn[39m: You might have an invalid intra-link! Ignore this warning if it was intended.
'/lessons/trail/workingWithPrs/end.html' found in file '/Users/damithch/Repos/git-mastery/git-mastery.github.io/_markbind/layouts/lessons.md'
2026-09-23T09:28:16.658Z - [33mwarn[39m: You might have an invalid intra-link! Ignore this warning if it was intended.
'/lessons/trail/managingProjects/end.html' found in file '/Users/damithch/Repos/git-mastery/git-mastery.github.io/_markbind/layouts/lessons.md'
2026-09-23T09:28:16.661Z - [33mwarn[39m: You might have an invalid intra-link! Ignore this warning if it was intended.
'/lessons/trail/workingWithRemotes/all.html' found in file '/Users/damithch/Repos/git-mastery/git-mastery.github.io/lessons/trail/text.md'
2026-09-23T09:28:16.661Z - [33mwarn[39m: You might have an invalid intra-link! Ignore this warning if it was intended.
'/lessons/trail/usingRevisionHistory/all.html' found in file '/Users/damithch/Repos/git-mastery/git-mastery.github.io/lessons/trail/text.md'
2026-09-23T09:28:16.661Z - [33mwarn[39m: You might have an invalid intra-link! Ignore this warning if it was intended.
'/lessons/trail/fineTuningHistory/all.html' found in file '/Users/damithch/Repos/git-mastery/git-mastery.github.io/lessons/trail/text.md'
2026-09-23T09:28:16.661Z - [33mwarn[39m: You might have an invalid intra-link! Ignore this warning if it was intended.
'/lessons/trail/branchingLocally/all.html' found in file '/Users/damithch/Repos/git-mastery/git-mastery.github.io/lessons/trail/text.md'
2026-09-23T09:28:16.662Z - [33mwarn[39m: You might have an invalid intra-link! Ignore this warning if it was intended.
'/lessons/trail/syncingBranches/all.html' found in file '/Users/damithch/Repos/git-mastery/git-mastery.github.io/lessons/trail/text.md'
2026-09-23T09:28:16.662Z - [33mwarn[39m: You might have an invalid intra-link! Ignore this warning if it was intended.
'/lessons/trail/remoteBranches/all.html' found in file '/Users/damithch/Repos/git-mastery/git-mastery.github.io/lessons/trail/text.md'
2026-09-23T09:28:16.662Z - [33mwarn[39m: You might have an invalid intra-link! Ignore this warning if it was intended.
'/lessons/trail/workingWithPrs/all.html' found in file '/Users/damithch/Repos/git-mastery/git-mastery.github.io/lessons/trail/text.md'
2026-09-23T09:28:16.662Z - [33mwarn[39m: You might have an invalid intra-link! Ignore this warning if it was intended.
'/lessons/trail/managingProjects/all.html' found in file '/Users/damithch/Repos/git-mastery/git-mastery.github.io/lessons/trail/text.md'
2026-09-23T09:28:16.663Z - [32minfo[39m: Pages built
2026-09-23T09:28:16.754Z - [32minfo[39m: Site data built
2026-09-23T09:28:16.754Z - [32minfo[39m: Website generation complete! Total build time: 11.278s
2026-09-23T09:28:16.754Z - [32minfo[39m: Build success!
2026-09-23T09:34:16.623Z - [32minfo[39m: Building /Users/damithch/Repos/git-mastery/git-mastery.github.io/lessons/trail/backingUpOnCloud/index as some of its dependencies were changed since the last visit
2026-09-23T09:34:16.754Z - [36mverbose[39m: Rendering page: /Users/damithch/Repos/git-mastery/git-mastery.github.io/lessons/trail/backingUpOnCloud/index.md
2026-09-23T09:34:16.765Z - [32minfo[39m: Site data built
2026-09-23T09:34:16.765Z - [32minfo[39m: Lazy website regeneration complete! Total build time: 0.143s
2026-09-23T09:34:24.881Z - [32minfo[39m: Building /Users/damithch/Repos/git-mastery/git-mastery.github.io/lessons/remoteRepos/index as some of its dependencies were changed since the last visit
2026-09-23T09:34:24.951Z - [36mverbose[39m: Rendering page: /Users/damithch/Repos/git-mastery/git-mastery.github.io/lessons/remoteRepos/index.md
2026-09-23T09:34:24.958Z - [32minfo[39m: Site data built
2026-09-23T09:34:24.958Z - [32minfo[39m: Lazy website regeneration complete! Total build time: 0.078s
2026-09-23T09:35:18.143Z - [32minfo[39m: Website generation (lazy) started at 17:35:18
2026-09-23T09:35:18.265Z - [32minfo[39m: Building assets...
2026-09-23T09:35:18.396Z - [32minfo[39m: Assets built
2026-09-23T09:35:18.397Z - [32minfo[39m: Generating landing page...
2026-09-23T09:35:18.493Z - [36mverbose[39m: Rendering page: /Users/damithch/Repos/git-mastery/git-mastery.github.io/index.md
2026-09-23T09:35:18.505Z - [32minfo[39m: Landing page built, other pages will be built as you navigate to them!
2026-09-23T09:35:18.589Z - [32minfo[39m: Site data built
2026-09-23T09:35:18.589Z - [32minfo[39m: Website generation (lazy) complete! Total build time: 0.581s
2026-09-23T09:35:18.601Z - [32minfo[39m: Serving "/Users/damithch/Repos/git-mastery/git-mastery.github.io/_site" at http://127.0.0.1:8080
2026-09-23T09:35:18.601Z - [32minfo[39m: Press CTRL+C to stop ...
2026-09-23T09:35:20.458Z - [32minfo[39m: Building /Users/damithch/Repos/git-mastery/git-mastery.github.io/versions/cs2103/insertions as some of its dependencies were changed since the last visit
2026-09-23T09:35:20.496Z - [36mverbose[39m: Rendering page: /Users/damithch/Repos/git-mastery/git-mastery.github.io/versions/cs2103/insertions.md
2026-09-23T09:35:20.501Z - [32minfo[39m: Site data built
2026-09-23T09:35:20.501Z - [32minfo[39m: Lazy website regeneration complete! Total build time: 0.043s
2026-09-23T09:35:28.292Z - [32minfo[39m: Building /Users/damithch/Repos/git-mastery/git-mastery.github.io/lessons/index as some of its dependencies were changed since the last visit
2026-09-23T09:35:28.763Z - [36mverbose[39m: Rendering page: /Users/damithch/Repos/git-mastery/git-mastery.github.io/lessons/index.md
2026-09-23T09:35:28.775Z - [33mwarn[39m: You might have an invalid intra-link! Ignore this warning if it was intended.
'/lessons/trail/workingWithRemotes/all.html' found in file '/Users/damithch/Repos/git-mastery/git-mastery.github.io/lessons/trail/text.md'
2026-09-23T09:35:28.775Z - [33mwarn[39m: You might have an invalid intra-link! Ignore this warning if it was intended.
'/lessons/trail/usingRevisionHistory/all.html' found in file '/Users/damithch/Repos/git-mastery/git-mastery.github.io/lessons/trail/text.md'
2026-09-23T09:35:28.775Z - [33mwarn[39m: You might have an invalid intra-link! Ignore this warning if it was intended.
'/lessons/trail/fineTuningHistory/all.html' found in file '/Users/damithch/Repos/git-mastery/git-mastery.github.io/lessons/trail/text.md'
2026-09-23T09:35:28.775Z - [33mwarn[39m: You might have an invalid intra-link! Ignore this warning if it was intended.
'/lessons/trail/branchingLocally/all.html' found in file '/Users/damithch/Repos/git-mastery/git-mastery.github.io/lessons/trail/text.md'
2026-09-23T09:35:28.775Z - [33mwarn[39m: You might have an invalid intra-link! Ignore this warning if it was intended.
'/lessons/trail/syncingBranches/all.html' found in file '/Users/damithch/Repos/git-mastery/git-mastery.github.io/lessons/trail/text.md'
2026-09-23T09:35:28.775Z - [33mwarn[39m: You might have an invalid intra-link! Ignore this warning if it was intended.
'/lessons/trail/remoteBranches/all.html' found in file '/Users/damithch/Repos/git-mastery/git-mastery.github.io/lessons/trail/text.md'
2026-09-23T09:35:28.776Z - [33mwarn[39m: You might have an invalid intra-link! Ignore this warning if it was intended.
'/lessons/trail/workingWithPrs/all.html' found in file '/Users/damithch/Repos/git-mastery/git-mastery.github.io/lessons/trail/text.md'
2026-09-23T09:35:28.776Z - [33mwarn[39m: You might have an invalid intra-link! Ignore this warning if it was intended.
'/lessons/trail/managingProjects/all.html' found in file '/Users/damithch/Repos/git-mastery/git-mastery.github.io/lessons/trail/text.md'
2026-09-23T09:35:28.776Z - [33mwarn[39m: You might have an invalid intra-link! Ignore this warning if it was intended.
'/lessons/trail/workingWithRemotes/end.html' found in file '/Users/damithch/Repos/git-mastery/git-mastery.github.io/_markbind/layouts/lessons.md'
2026-09-23T09:35:28.776Z - [33mwarn[39m: You might have an invalid intra-link! Ignore this warning if it was intended.
'/lessons/trail/usingRevisionHistory/end.html' found in file '/Users/damithch/Repos/git-mastery/git-mastery.github.io/_markbind/layouts/lessons.md'
2026-09-23T09:35:28.776Z - [33mwarn[39m: You might have an invalid intra-link! Ignore this warning if it was intended.
'/lessons/trail/fineTuningHistory/end.html' found in file '/Users/damithch/Repos/git-mastery/git-mastery.github.io/_markbind/layouts/lessons.md'
2026-09-23T09:35:28.776Z - [33mwarn[39m: You might have an invalid intra-link! Ignore this warning if it was intended.
'/lessons/trail/branchingLocally/end.html' found in file '/Users/damithch/Repos/git-mastery/git-mastery.github.io/_markbind/layouts/lessons.md'
2026-09-23T09:35:28.776Z - [33mwarn[39m: You might have an invalid intra-link! Ignore this warning if it was intended.
'/lessons/trail/syncingBranches/end.html' found in file '/Users/damithch/Repos/git-mastery/git-mastery.github.io/_markbind/layouts/lessons.md'
2026-09-23T09:35:28.776Z - [33mwarn[39m: You might have an invalid intra-link! Ignore this warning if it was intended.
'/lessons/trail/remoteBranches/end.html' found in file '/Users/damithch/Repos/git-mastery/git-mastery.github.io/_markbind/layouts/lessons.md'
2026-09-23T09:35:28.776Z - [33mwarn[39m: You might have an invalid intra-link! Ignore this warning if it was intended.
'/lessons/trail/workingWithPrs/end.html' found in file '/Users/damithch/Repos/git-mastery/git-mastery.github.io/_markbind/layouts/lessons.md'
2026-09-23T09:35:28.776Z - [33mwarn[39m: You might have an invalid intra-link! Ignore this warning if it was intended.
'/lessons/trail/managingProjects/end.html' found in file '/Users/damithch/Repos/git-mastery/git-mastery.github.io/_markbind/layouts/lessons.md'
2026-09-23T09:35:28.777Z - [32minfo[39m: Site data built
2026-09-23T09:35:28.777Z - [32minfo[39m: Lazy website regeneration complete! Total build time: 0.485s
2026-09-23T09:35:45.130Z - [32minfo[39m: Building /Users/damithch/Repos/git-mastery/git-mastery.github.io/lessons/trail/backingUpOnCloud/index as some of its dependencies were changed since the last visit
2026-09-23T09:35:45.252Z - [36mverbose[39m: Rendering page: /Users/damithch/Repos/git-mastery/git-mastery.github.io/lessons/trail/backingUpOnCloud/index.md
2026-09-23T09:35:45.265Z - [32minfo[39m: Site data built
2026-09-23T09:35:45.265Z - [32minfo[39m: Lazy website regeneration complete! Total build time: 0.135s
2026-09-23T09:35:58.749Z - [32minfo[39m: Building /Users/damithch/Repos/git-mastery/git-mastery.github.io/lessons/trail/recordingFolderHistory/end as some of its dependencies were changed since the last visit
2026-09-23T09:35:58.817Z - [36mverbose[39m: Rendering page: /Users/damithch/Repos/git-mastery/git-mastery.github.io/lessons/trail/recordingFolderHistory/end.md
2026-09-23T09:35:58.825Z - [32minfo[39m: Site data built
2026-09-23T09:35:58.825Z - [32minfo[39m: Lazy website regeneration complete! Total build time: 0.077s
2026-09-23T09:36:10.451Z - [32minfo[39m: Building /Users/damithch/Repos/git-mastery/git-mastery.github.io/lessons/remoteRepos/index as some of its dependencies were changed since the last visit
2026-09-23T09:36:10.511Z - [36mverbose[39m: Rendering page: /Users/damithch/Repos/git-mastery/git-mastery.github.io/lessons/remoteRepos/index.md
2026-09-23T09:36:10.521Z - [32minfo[39m: Site data built
2026-09-23T09:36:10.521Z - [32minfo[39m: Lazy website regeneration complete! Total build time: 0.071s
2026-09-23T09:36:15.591Z - [32minfo[39m: Building /Users/damithch/Repos/git-mastery/git-mastery.github.io/lessons/githubPrep/index as some of its dependencies were changed since the last visit
2026-09-23T09:36:15.683Z - [36mverbose[39m: Rendering page: /Users/damithch/Repos/git-mastery/git-mastery.github.io/lessons/githubPrep/index.md
2026-09-23T09:36:15.701Z - [32minfo[39m: Site data built
2026-09-23T09:36:15.701Z - [32minfo[39m: Lazy website regeneration complete! Total build time: 0.11s
2026-09-23T09:36:21.570Z - [32minfo[39m: Building /Users/damithch/Repos/git-mastery/git-mastery.github.io/lessons/createRemoteRepo/index as some of its dependencies were changed since the last visit
2026-09-23T09:36:21.635Z - [36mverbose[39m: Rendering page: /Users/damithch/Repos/git-mastery/git-mastery.github.io/lessons/createRemoteRepo/index.md
2026-09-23T09:36:21.641Z - [32minfo[39m: Site data built
2026-09-23T09:36:21.641Z - [32minfo[39m: Lazy website regeneration complete! Total build time: 0.072s
2026-09-23T09:36:27.067Z - [32minfo[39m: Building /Users/damithch/Repos/git-mastery/git-mastery.github.io/lessons/setRemote/index as some of its dependencies were changed since the last visit
2026-09-23T09:36:27.214Z - [36mverbose[39m: Rendering page: /Users/damithch/Repos/git-mastery/git-mastery.github.io/lessons/setRemote/index.md
2026-09-23T09:36:27.233Z - [32minfo[39m: Site data built
2026-09-23T09:36:27.233Z - [32minfo[39m: Lazy website regeneration complete! Total build time: 0.167s
2026-09-23T09:36:33.835Z - [32minfo[39m: Building /Users/damithch/Repos/git-mastery/git-mastery.github.io/lessons/push/index as some of its dependencies were changed since the last visit
2026-09-23T09:36:33.971Z - [36mverbose[39m: Rendering page: /Users/damithch/Repos/git-mastery/git-mastery.github.io/lessons/push/index.md
2026-09-23T09:36:33.998Z - [32minfo[39m: Site data built
2026-09-23T09:36:33.998Z - [32minfo[39m: Lazy website regeneration complete! Total build time: 0.163s
2026-09-23T09:36:38.592Z - [32minfo[39m: Building /Users/damithch/Repos/git-mastery/git-mastery.github.io/lessons/ignore/index as some of its dependencies were changed since the last visit
2026-09-23T09:36:38.707Z - [36mverbose[39m: Rendering page: /Users/damithch/Repos/git-mastery/git-mastery.github.io/lessons/ignore/index.md
2026-09-23T09:36:38.728Z - [32minfo[39m: Site data built
2026-09-23T09:36:38.728Z - [32minfo[39m: Lazy website regeneration complete! Total build time: 0.136s
2026-09-23T09:36:45.780Z - [32minfo[39m: Building /Users/damithch/Repos/git-mastery/git-mastery.github.io/lessons/trail/backingUpOnCloud/end as some of its dependencies were changed since the last visit
2026-09-23T09:36:45.839Z - [36mverbose[39m: Rendering page: /Users/damithch/Repos/git-mastery/git-mastery.github.io/lessons/trail/backingUpOnCloud/end.md
2026-09-23T09:36:45.851Z - [32minfo[39m: Site data built
2026-09-23T09:36:45.851Z - [32minfo[39m: Lazy website regeneration complete! Total build time: 0.072s
2026-09-23T09:40:56.754Z - [32minfo[39m: [17:40:56] Reload for file change: /Users/damithch/Repos/git-mastery/git-mastery.github.io/lessons/clone/text.md
2026-09-23T09:40:56.757Z - [32minfo[39m: Synchronizing opened pages list before reload
2026-09-23T09:40:56.758Z - [32minfo[39m: Current opened pages, from most-to-least recent:
2026-09-23T09:40:56.759Z - [32minfo[39m: 1. lessons/trail/backingUpOnCloud/end
2026-09-23T09:40:56.761Z - [32minfo[39m: [17:40:56] Reload for file change: /Users/damithch/Repos/git-mastery/git-mastery.github.io/lessons/fork/text.md
2026-09-23T09:40:56.761Z - [32minfo[39m: Synchronizing opened pages list before reload
2026-09-23T09:40:56.761Z - [32minfo[39m: Current opened pages, from most-to-least recent:
2026-09-23T09:40:56.761Z - [32minfo[39m: 1. lessons/trail/backingUpOnCloud/end
2026-09-23T09:40:56.843Z - [32minfo[39m: [17:40:56] Reload for file change: /Users/damithch/Repos/git-mastery/git-mastery.github.io/lessons/pull/text.md
2026-09-23T09:40:56.843Z - [32minfo[39m: Synchronizing opened pages list before reload
2026-09-23T09:40:56.843Z - [32minfo[39m: Current opened pages, from most-to-least recent:
2026-09-23T09:40:56.843Z - [32minfo[39m: 1. lessons/trail/backingUpOnCloud/end
2026-09-23T09:40:56.943Z - [32minfo[39m: [17:40:56] Reload for file change: /Users/damithch/Repos/git-mastery/git-mastery.github.io/lessons/tag/text.md
2026-09-23T09:40:56.944Z - [32minfo[39m: Synchronizing opened pages list before reload
2026-09-23T09:40:56.944Z - [32minfo[39m: Current opened pages, from most-to-least recent:
2026-09-23T09:40:56.944Z - [32minfo[39m: 1. lessons/trail/backingUpOnCloud/end
2026-09-23T09:40:56.944Z - [32minfo[39m: [17:40:56] Reload for file change: /Users/damithch/Repos/git-mastery/git-mastery.github.io/lessons/show/text.md
2026-09-23T09:40:56.944Z - [32minfo[39m: Synchronizing opened pages list before reload
2026-09-23T09:40:56.944Z - [32minfo[39m: Current opened pages, from most-to-least recent:
2026-09-23T09:40:56.945Z - [32minfo[39m: 1. lessons/trail/backingUpOnCloud/end
2026-09-23T09:40:57.045Z - [32minfo[39m: [17:40:57] Reload for file change: /Users/damithch/Repos/git-mastery/git-mastery.github.io/lessons/diff/text.md
2026-09-23T09:40:57.045Z - [32minfo[39m: Synchronizing opened pages list before reload
2026-09-23T09:40:57.045Z - [32minfo[39m: Current opened pages, from most-to-least recent:
2026-09-23T09:40:57.045Z - [32minfo[39m: 1. lessons/trail/backingUpOnCloud/end
2026-09-23T09:40:57.147Z - [32minfo[39m: [17:40:57] Reload for file change: /Users/damithch/Repos/git-mastery/git-mastery.github.io/lessons/checkout/text.md
2026-09-23T09:40:57.147Z - [32minfo[39m: Synchronizing opened pages list before reload
2026-09-23T09:40:57.151Z - [32minfo[39m: Current opened pages, from most-to-least recent:
2026-09-23T09:40:57.151Z - [32minfo[39m: 1. lessons/trail/backingUpOnCloud/end
2026-09-23T09:40:57.246Z - [32minfo[39m: [17:40:57] Reload for file change: /Users/damithch/Repos/git-mastery/git-mastery.github.io/lessons/reset/text.md
2026-09-23T09:40:57.246Z - [32minfo[39m: Synchronizing opened pages list before reload
2026-09-23T09:40:57.247Z - [32minfo[39m: Current opened pages, from most-to-least recent:
2026-09-23T09:40:57.247Z - [32minfo[39m: 1. lessons/trail/backingUpOnCloud/end
2026-09-23T09:40:57.247Z - [32minfo[39m: [17:40:57] Reload for file change: /Users/damithch/Repos/git-mastery/git-mastery.github.io/lessons/revert/text.md
2026-09-23T09:40:57.247Z - [32minfo[39m: Synchronizing opened pages list before reload
2026-09-23T09:40:57.248Z - [32minfo[39m: Current opened pages, from most-to-least recent:
2026-09-23T09:40:57.248Z - [32minfo[39m: 1. lessons/trail/backingUpOnCloud/end
2026-09-23T09:40:57.348Z - [32minfo[39m: [17:40:57] Reload for file change: /Users/damithch/Repos/git-mastery/git-mastery.github.io/lessons/commitMessage/text.md
2026-09-23T09:40:57.348Z - [32minfo[39m: Synchronizing opened pages list before reload
2026-09-23T09:40:57.349Z - [32minfo[39m: Current opened pages, from most-to-least recent:
2026-09-23T09:40:57.349Z - [32minfo[39m: 1. lessons/trail/backingUpOnCloud/end
2026-09-23T09:40:57.349Z - [32minfo[39m: [17:40:57] Reload for file change: /Users/damithch/Repos/git-mastery/git-mastery.github.io/lessons/selectiveStage/text.md
2026-09-23T09:40:57.349Z - [32minfo[39m: Synchronizing opened pages list before reload
2026-09-23T09:40:57.349Z - [32minfo[39m: Current opened pages, from most-to-least recent:
2026-09-23T09:40:57.349Z - [32minfo[39m: 1. lessons/trail/backingUpOnCloud/end
2026-09-23T09:40:57.450Z - [32minfo[39m: [17:40:57] Reload for file change: /Users/damithch/Repos/git-mastery/git-mastery.github.io/lessons/interactiveRebase/text.md
2026-09-23T09:40:57.450Z - [32minfo[39m: Synchronizing opened pages list before reload
2026-09-23T09:40:57.450Z - [32minfo[39m: Current opened pages, from most-to-least recent:
2026-09-23T09:40:57.450Z - [32minfo[39m: 1. lessons/trail/backingUpOnCloud/end
2026-09-23T09:40:57.551Z - [32minfo[39m: [17:40:57] Reload for file change: /Users/damithch/Repos/git-mastery/git-mastery.github.io/lessons/branch/text.md
2026-09-23T09:40:57.551Z - [32minfo[39m: Synchronizing opened pages list before reload
2026-09-23T09:40:57.551Z - [32minfo[39m: Current opened pages, from most-to-least recent:
2026-09-23T09:40:57.551Z - [32minfo[39m: 1. lessons/trail/backingUpOnCloud/end
2026-09-23T09:40:57.551Z - [32minfo[39m: [17:40:57] Reload for file change: /Users/damithch/Repos/git-mastery/git-mastery.github.io/lessons/merge/text.md
2026-09-23T09:40:57.551Z - [32minfo[39m: Synchronizing opened pages list before reload
2026-09-23T09:40:57.551Z - [32minfo[39m: Current opened pages, from most-to-least recent:
2026-09-23T09:40:57.552Z - [32minfo[39m: 1. lessons/trail/backingUpOnCloud/end
2026-09-23T09:40:57.649Z - [32minfo[39m: [17:40:57] Reload for file change: /Users/damithch/Repos/git-mastery/git-mastery.github.io/lessons/mergeConflicts/text.md
2026-09-23T09:40:57.650Z - [32minfo[39m: Synchronizing opened pages list before reload
2026-09-23T09:40:57.650Z - [32minfo[39m: Current opened pages, from most-to-least recent:
2026-09-23T09:40:57.650Z - [32minfo[39m: 1. lessons/trail/backingUpOnCloud/end
2026-09-23T09:40:57.750Z - [32minfo[39m: [17:40:57] Reload for file change: /Users/damithch/Repos/git-mastery/git-mastery.github.io/lessons/branchRename/text.md
2026-09-23T09:40:57.751Z - [32minfo[39m: Synchronizing opened pages list before reload
2026-09-23T09:40:57.751Z - [32minfo[39m: Current opened pages, from most-to-least recent:
2026-09-23T09:40:57.751Z - [32minfo[39m: 1. lessons/trail/backingUpOnCloud/end
2026-09-23T09:40:57.778Z - [32minfo[39m: No pages needed to be rebuilt
2026-09-23T09:40:57.852Z - [32minfo[39m: [17:40:57] Reload for file change: /Users/damithch/Repos/git-mastery/git-mastery.github.io/lessons/worktrees/text.md
2026-09-23T09:40:57.853Z - [32minfo[39m: Synchronizing opened pages list before reload
2026-09-23T09:40:57.853Z - [32minfo[39m: Current opened pages, from most-to-least recent:
2026-09-23T09:40:57.853Z - [32minfo[39m: 1. lessons/trail/backingUpOnCloud/end
2026-09-23T09:40:57.854Z - [32minfo[39m: [17:40:57] Reload for file change: /Users/damithch/Repos/git-mastery/git-mastery.github.io/lessons/branchDelete/text.md
2026-09-23T09:40:57.854Z - [32minfo[39m: Synchronizing opened pages list before reload
2026-09-23T09:40:57.854Z - [32minfo[39m: Current opened pages, from most-to-least recent:
2026-09-23T09:40:57.854Z - [32minfo[39m: 1. lessons/trail/backingUpOnCloud/end
2026-09-23T09:40:57.955Z - [32minfo[39m: [17:40:57] Reload for file change: /Users/damithch/Repos/git-mastery/git-mastery.github.io/lessons/syncByMerge/text.md
2026-09-23T09:40:57.955Z - [32minfo[39m: Synchronizing opened pages list before reload
2026-09-23T09:40:57.955Z - [32minfo[39m: Current opened pages, from most-to-least recent:
2026-09-23T09:40:57.955Z - [32minfo[39m: 1. lessons/trail/backingUpOnCloud/end
2026-09-23T09:40:58.053Z - [32minfo[39m: [17:40:58] Reload for file change: /Users/damithch/Repos/git-mastery/git-mastery.github.io/lessons/cherryPick/text.md
2026-09-23T09:40:58.053Z - [32minfo[39m: Synchronizing opened pages list before reload
2026-09-23T09:40:58.053Z - [32minfo[39m: Current opened pages, from most-to-least recent:
2026-09-23T09:40:58.053Z - [32minfo[39m: 1. lessons/trail/backingUpOnCloud/end
2026-09-23T09:40:58.054Z - [32minfo[39m: [17:40:58] Reload for file change: /Users/damithch/Repos/git-mastery/git-mastery.github.io/lessons/syncByRebase/text.md
2026-09-23T09:40:58.054Z - [32minfo[39m: Synchronizing opened pages list before reload
2026-09-23T09:40:58.054Z - [32minfo[39m: Current opened pages, from most-to-least recent:
2026-09-23T09:40:58.054Z - [32minfo[39m: 1. lessons/trail/backingUpOnCloud/end
2026-09-23T09:40:58.155Z - [32minfo[39m: [17:40:58] Reload for file change: /Users/damithch/Repos/git-mastery/git-mastery.github.io/lessons/remoteBranchPush/text.md
2026-09-23T09:40:58.156Z - [32minfo[39m: Synchronizing opened pages list before reload
2026-09-23T09:40:58.156Z - [32minfo[39m: Current opened pages, from most-to-least recent:
2026-09-23T09:40:58.156Z - [32minfo[39m: 1. lessons/trail/backingUpOnCloud/end
2026-09-23T09:40:58.256Z - [32minfo[39m: [17:40:58] Reload for file change: /Users/damithch/Repos/git-mastery/git-mastery.github.io/lessons/remoteBranchPull/text.md
2026-09-23T09:40:58.256Z - [32minfo[39m: Synchronizing opened pages list before reload
2026-09-23T09:40:58.256Z - [32minfo[39m: Current opened pages, from most-to-least recent:
2026-09-23T09:40:58.256Z - [32minfo[39m: 1. lessons/trail/backingUpOnCloud/end
2026-09-23T09:40:58.257Z - [32minfo[39m: [17:40:58] Reload for file change: /Users/damithch/Repos/git-mastery/git-mastery.github.io/lessons/remoteBranchDelete/text.md
2026-09-23T09:40:58.257Z - [32minfo[39m: Synchronizing opened pages list before reload
2026-09-23T09:40:58.257Z - [32minfo[39m: Current opened pages, from most-to-least recent:
2026-09-23T09:40:58.257Z - [32minfo[39m: 1. lessons/trail/backingUpOnCloud/end
2026-09-23T09:40:58.357Z - [32minfo[39m: [17:40:58] Reload for file change: /Users/damithch/Repos/git-mastery/git-mastery.github.io/lessons/remoteBranchRename/text.md
2026-09-23T09:40:58.357Z - [32minfo[39m: Synchronizing opened pages list before reload
2026-09-23T09:40:58.357Z - [32minfo[39m: Current opened pages, from most-to-least recent:
2026-09-23T09:40:58.357Z - [32minfo[39m: 1. lessons/trail/backingUpOnCloud/end
2026-09-23T09:40:58.457Z - [32minfo[39m: [17:40:58] Reload for file change: /Users/damithch/Repos/git-mastery/git-mastery.github.io/lessons/prsCreate/text.md
2026-09-23T09:40:58.457Z - [32minfo[39m: Synchronizing opened pages list before reload
2026-09-23T09:40:58.457Z - [32minfo[39m: Current opened pages, from most-to-least recent:
2026-09-23T09:40:58.457Z - [32minfo[39m: 1. lessons/trail/backingUpOnCloud/end
2026-09-23T09:40:58.457Z - [32minfo[39m: [17:40:58] Reload for file change: /Users/damithch/Repos/git-mastery/git-mastery.github.io/lessons/prsReview/text.md
2026-09-23T09:40:58.457Z - [32minfo[39m: Synchronizing opened pages list before reload
2026-09-23T09:40:58.458Z - [32minfo[39m: Current opened pages, from most-to-least recent:
2026-09-23T09:40:58.458Z - [32minfo[39m: 1. lessons/trail/backingUpOnCloud/end
2026-09-23T09:40:58.559Z - [32minfo[39m: [17:40:58] Reload for file change: /Users/damithch/Repos/git-mastery/git-mastery.github.io/lessons/prsMerge/text.md
2026-09-23T09:40:58.559Z - [32minfo[39m: Synchronizing opened pages list before reload
2026-09-23T09:40:58.559Z - [32minfo[39m: Current opened pages, from most-to-least recent:
2026-09-23T09:40:58.559Z - [32minfo[39m: 1. lessons/trail/backingUpOnCloud/end
2026-09-23T09:40:58.662Z - [32minfo[39m: [17:40:58] Reload for file change: /Users/damithch/Repos/git-mastery/git-mastery.github.io/lessons/workflows/text.md
2026-09-23T09:40:58.662Z - [32minfo[39m: Synchronizing opened pages list before reload
2026-09-23T09:40:58.662Z - [32minfo[39m: Current opened pages, from most-to-least recent:
2026-09-23T09:40:58.662Z - [32minfo[39m: 1. lessons/trail/backingUpOnCloud/end
2026-09-23T09:40:58.760Z - [32minfo[39m: [17:40:58] Reload for file change: /Users/damithch/Repos/git-mastery/git-mastery.github.io/lessons/forkingWorkflow/text.md
2026-09-23T09:40:58.760Z - [32minfo[39m: Synchronizing opened pages list before reload
2026-09-23T09:40:58.760Z - [32minfo[39m: Current opened pages, from most-to-least recent:
2026-09-23T09:40:58.760Z - [32minfo[39m: 1. lessons/trail/backingUpOnCloud/end
2026-09-23T09:40:58.761Z - [32minfo[39m: [17:40:58] Reload for file change: /Users/damithch/Repos/git-mastery/git-mastery.github.io/lessons/otherPmFeatures/text.md
2026-09-23T09:40:58.761Z - [32minfo[39m: Synchronizing opened pages list before reload
2026-09-23T09:40:58.761Z - [32minfo[39m: Current opened pages, from most-to-least recent:
2026-09-23T09:40:58.761Z - [32minfo[39m: 1. lessons/trail/backingUpOnCloud/end
2026-09-23T09:40:58.855Z - [32minfo[39m: No pages needed to be rebuilt
2026-09-23T09:41:25.884Z - [32minfo[39m: [17:41:25] Reload for file change: /Users/damithch/Repos/git-mastery/git-mastery.github.io/lessons/trail/workingWithRemotes/index.md
2026-09-23T09:41:25.885Z - [32minfo[39m: Synchronizing opened pages list before reload
2026-09-23T09:41:25.886Z - [32minfo[39m: Current opened pages, from most-to-least recent:
2026-09-23T09:41:25.886Z - [32minfo[39m: 1. lessons/trail/backingUpOnCloud/end
2026-09-23T09:41:25.981Z - [32minfo[39m: [17:41:25] Reload for file change: /Users/damithch/Repos/git-mastery/git-mastery.github.io/lessons/trail/workingWithRemotes/text.md
2026-09-23T09:41:25.981Z - [32minfo[39m: Synchronizing opened pages list before reload
2026-09-23T09:41:25.981Z - [32minfo[39m: Current opened pages, from most-to-least recent:
2026-09-23T09:41:25.982Z - [32minfo[39m: 1. lessons/trail/backingUpOnCloud/end
2026-09-23T09:41:26.084Z - [32minfo[39m: [17:41:26] Reload for file add: /Users/damithch/Repos/git-mastery/git-mastery.github.io/lessons/trail/workingWithRemotes/all.md
2026-09-23T09:41:26.084Z - [32minfo[39m: Synchronizing opened pages list before reload
2026-09-23T09:41:26.085Z - [32minfo[39m: Current opened pages, from most-to-least recent:
2026-09-23T09:41:26.085Z - [32minfo[39m: 1. lessons/trail/backingUpOnCloud/end
2026-09-23T09:41:26.181Z - [32minfo[39m: [17:41:26] Reload for file change: /Users/damithch/Repos/git-mastery/git-mastery.github.io/lessons/trail/usingRevisionHistory/index.md
2026-09-23T09:41:26.181Z - [32minfo[39m: Synchronizing opened pages list before reload
2026-09-23T09:41:26.181Z - [32minfo[39m: Current opened pages, from most-to-least recent:
2026-09-23T09:41:26.181Z - [32minfo[39m: 1. lessons/trail/backingUpOnCloud/end
2026-09-23T09:41:26.181Z - [32minfo[39m: [17:41:26] Reload for file add: /Users/damithch/Repos/git-mastery/git-mastery.github.io/lessons/trail/workingWithRemotes/end.md
2026-09-23T09:41:26.181Z - [32minfo[39m: Synchronizing opened pages list before reload
2026-09-23T09:41:26.181Z - [32minfo[39m: Current opened pages, from most-to-least recent:
2026-09-23T09:41:26.181Z - [32minfo[39m: 1. lessons/trail/backingUpOnCloud/end
2026-09-23T09:41:26.282Z - [32minfo[39m: [17:41:26] Reload for file change: /Users/damithch/Repos/git-mastery/git-mastery.github.io/lessons/trail/usingRevisionHistory/text.md
2026-09-23T09:41:26.282Z - [32minfo[39m: Synchronizing opened pages list before reload
2026-09-23T09:41:26.282Z - [32minfo[39m: Current opened pages, from most-to-least recent:
2026-09-23T09:41:26.282Z - [32minfo[39m: 1. lessons/trail/backingUpOnCloud/end
2026-09-23T09:41:26.382Z - [32minfo[39m: [17:41:26] Reload for file add: /Users/damithch/Repos/git-mastery/git-mastery.github.io/lessons/trail/usingRevisionHistory/all.md
2026-09-23T09:41:26.382Z - [32minfo[39m: Synchronizing opened pages list before reload
2026-09-23T09:41:26.382Z - [32minfo[39m: Current opened pages, from most-to-least recent:
2026-09-23T09:41:26.382Z - [32minfo[39m: 1. lessons/trail/backingUpOnCloud/end
2026-09-23T09:41:26.424Z - [32minfo[39m: [17:41:26] Reload for file add: /Users/damithch/Repos/git-mastery/git-mastery.github.io/lessons/trail/usingRevisionHistory/end.md
2026-09-23T09:41:26.424Z - [32minfo[39m: Synchronizing opened pages list before reload
2026-09-23T09:41:26.424Z - [32minfo[39m: Current opened pages, from most-to-least recent:
2026-09-23T09:41:26.424Z - [32minfo[39m: 1. lessons/trail/backingUpOnCloud/end
2026-09-23T09:41:26.483Z - [32minfo[39m: [17:41:26] Reload for file change: /Users/damithch/Repos/git-mastery/git-mastery.github.io/lessons/trail/fineTuningHistory/index.md
2026-09-23T09:41:26.483Z - [32minfo[39m: Synchronizing opened pages list before reload
2026-09-23T09:41:26.483Z - [32minfo[39m: Current opened pages, from most-to-least recent:
2026-09-23T09:41:26.483Z - [32minfo[39m: 1. lessons/trail/backingUpOnCloud/end
2026-09-23T09:41:26.584Z - [32minfo[39m: [17:41:26] Reload for file change: /Users/damithch/Repos/git-mastery/git-mastery.github.io/lessons/trail/fineTuningHistory/text.md
2026-09-23T09:41:26.584Z - [32minfo[39m: Synchronizing opened pages list before reload
2026-09-23T09:41:26.584Z - [32minfo[39m: Current opened pages, from most-to-least recent:
2026-09-23T09:41:26.584Z - [32minfo[39m: 1. lessons/trail/backingUpOnCloud/end
2026-09-23T09:41:26.687Z - [32minfo[39m: [17:41:26] Reload for file add: /Users/damithch/Repos/git-mastery/git-mastery.github.io/lessons/trail/fineTuningHistory/all.md
2026-09-23T09:41:26.687Z - [32minfo[39m: Synchronizing opened pages list before reload
2026-09-23T09:41:26.687Z - [32minfo[39m: Current opened pages, from most-to-least recent:
2026-09-23T09:41:26.687Z - [32minfo[39m: 1. lessons/trail/backingUpOnCloud/end
2026-09-23T09:41:26.749Z - [32minfo[39m: [17:41:26] Reload for file add: /Users/damithch/Repos/git-mastery/git-mastery.github.io/lessons/trail/fineTuningHistory/end.md
2026-09-23T09:41:26.749Z - [32minfo[39m: Synchronizing opened pages list before reload
2026-09-23T09:41:26.749Z - [32minfo[39m: Current opened pages, from most-to-least recent:
2026-09-23T09:41:26.749Z - [32minfo[39m: 1. lessons/trail/backingUpOnCloud/end
2026-09-23T09:41:26.850Z - [32minfo[39m: [17:41:26] Reload for file change: /Users/damithch/Repos/git-mastery/git-mastery.github.io/lessons/trail/branchingLocally/index.md
2026-09-23T09:41:26.850Z - [32minfo[39m: Synchronizing opened pages list before reload
2026-09-23T09:41:26.850Z - [32minfo[39m: Current opened pages, from most-to-least recent:
2026-09-23T09:41:26.850Z - [32minfo[39m: 1. lessons/trail/backingUpOnCloud/end
2026-09-23T09:41:26.897Z - [32minfo[39m: No pages needed to be rebuilt
2026-09-23T09:41:26.945Z - [32minfo[39m: [17:41:26] Reload for file change: /Users/damithch/Repos/git-mastery/git-mastery.github.io/lessons/trail/branchingLocally/text.md
2026-09-23T09:41:26.945Z - [32minfo[39m: Synchronizing opened pages list before reload
2026-09-23T09:41:26.945Z - [32minfo[39m: Current opened pages, from most-to-least recent:
2026-09-23T09:41:26.945Z - [32minfo[39m: 1. lessons/trail/backingUpOnCloud/end
2026-09-23T09:41:27.155Z - [32minfo[39m: Pages or site config modified, updating pages...
2026-09-23T09:41:27.261Z - [32minfo[39m: [17:41:27] Reload for file add: /Users/damithch/Repos/git-mastery/git-mastery.github.io/lessons/trail/branchingLocally/all.md
2026-09-23T09:41:27.261Z - [32minfo[39m: Synchronizing opened pages list before reload
2026-09-23T09:41:27.261Z - [32minfo[39m: Current opened pages, from most-to-least recent:
2026-09-23T09:41:27.261Z - [32minfo[39m: 1. lessons/trail/backingUpOnCloud/end
2026-09-23T09:41:27.360Z - [32minfo[39m: [17:41:27] Reload for file add: /Users/damithch/Repos/git-mastery/git-mastery.github.io/lessons/trail/branchingLocally/end.md
2026-09-23T09:41:27.360Z - [32minfo[39m: Synchronizing opened pages list before reload
2026-09-23T09:41:27.361Z - [32minfo[39m: Current opened pages, from most-to-least recent:
2026-09-23T09:41:27.361Z - [32minfo[39m: 1. lessons/trail/backingUpOnCloud/end
2026-09-23T09:41:27.461Z - [32minfo[39m: [17:41:27] Reload for file change: /Users/damithch/Repos/git-mastery/git-mastery.github.io/lessons/trail/syncingBranches/index.md
2026-09-23T09:41:27.461Z - [32minfo[39m: Synchronizing opened pages list before reload
2026-09-23T09:41:27.461Z - [32minfo[39m: Current opened pages, from most-to-least recent:
2026-09-23T09:41:27.461Z - [32minfo[39m: 1. lessons/trail/backingUpOnCloud/end
2026-09-23T09:41:27.561Z - [32minfo[39m: [17:41:27] Reload for file change: /Users/damithch/Repos/git-mastery/git-mastery.github.io/lessons/trail/syncingBranches/text.md
2026-09-23T09:41:27.561Z - [32minfo[39m: Synchronizing opened pages list before reload
2026-09-23T09:41:27.561Z - [32minfo[39m: Current opened pages, from most-to-least recent:
2026-09-23T09:41:27.561Z - [32minfo[39m: 1. lessons/trail/backingUpOnCloud/end
2026-09-23T09:41:27.661Z - [32minfo[39m: [17:41:27] Reload for file add: /Users/damithch/Repos/git-mastery/git-mastery.github.io/lessons/trail/syncingBranches/all.md
2026-09-23T09:41:27.661Z - [32minfo[39m: Synchronizing opened pages list before reload
2026-09-23T09:41:27.661Z - [32minfo[39m: Current opened pages, from most-to-least recent:
2026-09-23T09:41:27.662Z - [32minfo[39m: 1. lessons/trail/backingUpOnCloud/end
2026-09-23T09:41:27.726Z - [32minfo[39m: [17:41:27] Reload for file add: /Users/damithch/Repos/git-mastery/git-mastery.github.io/lessons/trail/syncingBranches/end.md
2026-09-23T09:41:27.726Z - [32minfo[39m: Synchronizing opened pages list before reload
2026-09-23T09:41:27.726Z - [32minfo[39m: Current opened pages, from most-to-least recent:
2026-09-23T09:41:27.726Z - [32minfo[39m: 1. lessons/trail/backingUpOnCloud/end
2026-09-23T09:41:27.767Z - [32minfo[39m: [17:41:27] Reload for file change: /Users/damithch/Repos/git-mastery/git-mastery.github.io/lessons/trail/remoteBranches/index.md
2026-09-23T09:41:27.767Z - [32minfo[39m: Synchronizing opened pages list before reload
2026-09-23T09:41:27.767Z - [32minfo[39m: Current opened pages, from most-to-least recent:
2026-09-23T09:41:27.767Z - [32minfo[39m: 1. lessons/trail/backingUpOnCloud/end
2026-09-23T09:41:27.868Z - [32minfo[39m: [17:41:27] Reload for file change: /Users/damithch/Repos/git-mastery/git-mastery.github.io/lessons/trail/remoteBranches/text.md
2026-09-23T09:41:27.868Z - [32minfo[39m: Synchronizing opened pages list before reload
2026-09-23T09:41:27.868Z - [32minfo[39m: Current opened pages, from most-to-least recent:
2026-09-23T09:41:27.868Z - [32minfo[39m: 1. lessons/trail/backingUpOnCloud/end
2026-09-23T09:41:27.948Z - [32minfo[39m: No pages needed to be rebuilt
2026-09-23T09:41:27.970Z - [32minfo[39m: [17:41:27] Reload for file add: /Users/damithch/Repos/git-mastery/git-mastery.github.io/lessons/trail/remoteBranches/all.md
2026-09-23T09:41:27.970Z - [32minfo[39m: Synchronizing opened pages list before reload
2026-09-23T09:41:27.970Z - [32minfo[39m: Current opened pages, from most-to-least recent:
2026-09-23T09:41:27.971Z - [32minfo[39m: 1. lessons/trail/backingUpOnCloud/end
2026-09-23T09:41:28.020Z - [32minfo[39m: [17:41:28] Reload for file add: /Users/damithch/Repos/git-mastery/git-mastery.github.io/lessons/trail/remoteBranches/end.md
2026-09-23T09:41:28.020Z - [32minfo[39m: Synchronizing opened pages list before reload
2026-09-23T09:41:28.020Z - [32minfo[39m: Current opened pages, from most-to-least recent:
2026-09-23T09:41:28.020Z - [32minfo[39m: 1. lessons/trail/backingUpOnCloud/end
2026-09-23T09:41:28.067Z - [32minfo[39m: [17:41:28] Reload for file change: /Users/damithch/Repos/git-mastery/git-mastery.github.io/lessons/trail/workingWithPrs/index.md
2026-09-23T09:41:28.067Z - [32minfo[39m: Synchronizing opened pages list before reload
2026-09-23T09:41:28.067Z - [32minfo[39m: Current opened pages, from most-to-least recent:
2026-09-23T09:41:28.067Z - [32minfo[39m: 1. lessons/trail/backingUpOnCloud/end
2026-09-23T09:41:28.168Z - [32minfo[39m: [17:41:28] Reload for file change: /Users/damithch/Repos/git-mastery/git-mastery.github.io/lessons/trail/workingWithPrs/text.md
2026-09-23T09:41:28.168Z - [32minfo[39m: Synchronizing opened pages list before reload
2026-09-23T09:41:28.168Z - [32minfo[39m: Current opened pages, from most-to-least recent:
2026-09-23T09:41:28.168Z - [32minfo[39m: 1. lessons/trail/backingUpOnCloud/end
2026-09-23T09:41:28.169Z - [32minfo[39m: [17:41:28] Reload for file add: /Users/damithch/Repos/git-mastery/git-mastery.github.io/lessons/trail/workingWithPrs/all.md
2026-09-23T09:41:28.169Z - [32minfo[39m: Synchronizing opened pages list before reload
2026-09-23T09:41:28.169Z - [32minfo[39m: Current opened pages, from most-to-least recent:
2026-09-23T09:41:28.169Z - [32minfo[39m: 1. lessons/trail/backingUpOnCloud/end
2026-09-23T09:41:28.260Z - [32minfo[39m: Building /Users/damithch/Repos/git-mastery/git-mastery.github.io/lessons/trail/backingUpOnCloud/end as some of its dependencies were changed since the last visit
2026-09-23T09:41:28.367Z - [32minfo[39m: [17:41:28] Reload for file change: /Users/damithch/Repos/git-mastery/git-mastery.github.io/lessons/trail/managingProjects/index.md
2026-09-23T09:41:28.367Z - [32minfo[39m: Synchronizing opened pages list before reload
2026-09-23T09:41:28.367Z - [32minfo[39m: Current opened pages, from most-to-least recent:
2026-09-23T09:41:28.367Z - [32minfo[39m: 1. lessons/trail/backingUpOnCloud/end
2026-09-23T09:41:28.370Z - [32minfo[39m: [17:41:28] Reload for file add: /Users/damithch/Repos/git-mastery/git-mastery.github.io/lessons/trail/workingWithPrs/end.md
2026-09-23T09:41:28.370Z - [32minfo[39m: Synchronizing opened pages list before reload
2026-09-23T09:41:28.370Z - [32minfo[39m: Current opened pages, from most-to-least recent:
2026-09-23T09:41:28.370Z - [32minfo[39m: 1. lessons/trail/backingUpOnCloud/end
2026-09-23T09:41:28.617Z - [36mverbose[39m: Rendering page: /Users/damithch/Repos/git-mastery/git-mastery.github.io/lessons/trail/backingUpOnCloud/end.md
2026-09-23T09:41:28.630Z - [32minfo[39m: [17:41:28] Reload for file change: /Users/damithch/Repos/git-mastery/git-mastery.github.io/lessons/trail/managingProjects/text.md
2026-09-23T09:41:28.630Z - [32minfo[39m: Synchronizing opened pages list before reload
2026-09-23T09:41:28.630Z - [32minfo[39m: Current opened pages, from most-to-least recent:
2026-09-23T09:41:28.630Z - [32minfo[39m: 1. lessons/trail/backingUpOnCloud/end
2026-09-23T09:41:28.633Z - [33mwarn[39m: You might have an invalid intra-link! Ignore this warning if it was intended.
'/lessons/trail/branchingLocally/end.html' found in file '/Users/damithch/Repos/git-mastery/git-mastery.github.io/_markbind/layouts/lessons.md'
2026-09-23T09:41:28.633Z - [33mwarn[39m: You might have an invalid intra-link! Ignore this warning if it was intended.
'/lessons/trail/syncingBranches/end.html' found in file '/Users/damithch/Repos/git-mastery/git-mastery.github.io/_markbind/layouts/lessons.md'
2026-09-23T09:41:28.633Z - [33mwarn[39m: You might have an invalid intra-link! Ignore this warning if it was intended.
'/lessons/trail/remoteBranches/end.html' found in file '/Users/damithch/Repos/git-mastery/git-mastery.github.io/_markbind/layouts/lessons.md'
2026-09-23T09:41:28.633Z - [33mwarn[39m: You might have an invalid intra-link! Ignore this warning if it was intended.
'/lessons/trail/workingWithPrs/end.html' found in file '/Users/damithch/Repos/git-mastery/git-mastery.github.io/_markbind/layouts/lessons.md'
2026-09-23T09:41:28.633Z - [33mwarn[39m: You might have an invalid intra-link! Ignore this warning if it was intended.
'/lessons/trail/managingProjects/end.html' found in file '/Users/damithch/Repos/git-mastery/git-mastery.github.io/_markbind/layouts/lessons.md'
2026-09-23T09:41:28.634Z - [32minfo[39m: Site data built
2026-09-23T09:41:28.634Z - [32minfo[39m: Lazy website regeneration complete! Total build time: 0.374s
2026-09-23T09:41:28.634Z - [32minfo[39m: Pages or site config modified, updating pages...
2026-09-23T09:41:28.719Z - [32minfo[39m: [17:41:28] Reload for file add: /Users/damithch/Repos/git-mastery/git-mastery.github.io/lessons/trail/managingProjects/all.md
2026-09-23T09:41:28.719Z - [32minfo[39m: Synchronizing opened pages list before reload
2026-09-23T09:41:28.719Z - [32minfo[39m: No pages are currently opened
2026-09-23T09:41:28.820Z - [32minfo[39m: [17:41:28] Reload for file add: /Users/damithch/Repos/git-mastery/git-mastery.github.io/lessons/trail/managingProjects/end.md
2026-09-23T09:41:28.820Z - [32minfo[39m: Synchronizing opened pages list before reload
2026-09-23T09:41:28.820Z - [32minfo[39m: No pages are currently opened
2026-09-23T09:41:29.070Z - [32minfo[39m: No pages needed to be rebuilt
2026-09-23T09:41:29.630Z - [32minfo[39m: Assets built
2026-09-23T09:41:29.701Z - [33mwarn[39m: RangeError: Invalid array length
    at ProgressBar.render (file:///opt/homebrew/lib/node_modules/markbind-cli/node_modules/@markbind/core/src/lib/progress/node-progress.js:156:20)
    at SiteGenerationManager.<anonymous> (file:///opt/homebrew/lib/node_modules/markbind-cli/node_modules/@markbind/core/src/Site/SiteGenerationManager.js:514:25)
    at Generator.next (<anonymous>)
    at file:///opt/homebrew/lib/node_modules/markbind-cli/node_modules/@markbind/core/src/Site/SiteGenerationManager.js:7:71
    at new Promise (<anonymous>)
    at __awaiter (file:///opt/homebrew/lib/node_modules/markbind-cli/node_modules/@markbind/core/src/Site/SiteGenerationManager.js:3:12)
    at SiteGenerationManager.runPageGenerationTasks (file:///opt/homebrew/lib/node_modules/markbind-cli/node_modules/@markbind/core/src/Site/SiteGenerationManager.js:511:16)
    at SiteGenerationManager.<anonymous> (file:///opt/homebrew/lib/node_modules/markbind-cli/node_modules/@markbind/core/src/Site/SiteGenerationManager.js:386:28)
    at Generator.next (<anonymous>)
    at file:///opt/homebrew/lib/node_modules/markbind-cli/node_modules/@markbind/core/src/Site/SiteGenerationManager.js:7:71
2026-09-23T09:41:29.760Z - [32minfo[39m: Pages or site config modified, updating pages...
2026-09-23T09:41:30.864Z - [33mwarn[39m: RangeError: Invalid array length
    at ProgressBar.render (file:///opt/homebrew/lib/node_modules/markbind-cli/node_modules/@markbind/core/src/lib/progress/node-progress.js:156:20)
    at SiteGenerationManager.<anonymous> (file:///opt/homebrew/lib/node_modules/markbind-cli/node_modules/@markbind/core/src/Site/SiteGenerationManager.js:514:25)
    at Generator.next (<anonymous>)
    at file:///opt/homebrew/lib/node_modules/markbind-cli/node_modules/@markbind/core/src/Site/SiteGenerationManager.js:7:71
    at new Promise (<anonymous>)
    at __awaiter (file:///opt/homebrew/lib/node_modules/markbind-cli/node_modules/@markbind/core/src/Site/SiteGenerationManager.js:3:12)
    at SiteGenerationManager.runPageGenerationTasks (file:///opt/homebrew/lib/node_modules/markbind-cli/node_modules/@markbind/core/src/Site/SiteGenerationManager.js:511:16)
    at SiteGenerationManager.<anonymous> (file:///opt/homebrew/lib/node_modules/markbind-cli/node_modules/@markbind/core/src/Site/SiteGenerationManager.js:386:28)
    at Generator.next (<anonymous>)
    at file:///opt/homebrew/lib/node_modules/markbind-cli/node_modules/@markbind/core/src/Site/SiteGenerationManager.js:7:71
2026-09-23T09:41:30.873Z - [32minfo[39m: Building /Users/damithch/Repos/git-mastery/git-mastery.github.io/lessons/trail/backingUpOnCloud/end as some of its dependencies were changed since the last visit
2026-09-23T09:41:30.980Z - [36mverbose[39m: Rendering page: /Users/damithch/Repos/git-mastery/git-mastery.github.io/lessons/trail/backingUpOnCloud/end.md
2026-09-23T09:41:30.990Z - [32minfo[39m: Site data built
2026-09-23T09:41:30.990Z - [32minfo[39m: Lazy website regeneration complete! Total build time: 0.117s
2026-09-23T09:41:33.901Z - [32minfo[39m: [17:41:33] Reload for file change: /Users/damithch/Repos/git-mastery/git-mastery.github.io/lessons/trail/workingWithRemotes/text.md
2026-09-23T09:41:33.902Z - [32minfo[39m: Synchronizing opened pages list before reload
2026-09-23T09:41:33.902Z - [32minfo[39m: No pages are currently opened
2026-09-23T09:41:34.903Z - [32minfo[39m: Assets built
2026-09-23T09:41:55.278Z - [32minfo[39m: Website generation started at 5:41:55 PM
2026-09-23T09:41:55.443Z - [32minfo[39m: Building assets...
2026-09-23T09:41:55.576Z - [32minfo[39m: Assets built
2026-09-23T09:41:55.577Z - [32minfo[39m: Generating pages...
2026-09-23T09:41:56.232Z - [36mverbose[39m: Rendering page: /Users/damithch/Repos/git-mastery/git-mastery.github.io/about/index.md
2026-09-23T09:41:56.241Z - [36mverbose[39m: Rendering page: /Users/damithch/Repos/git-mastery/git-mastery.github.io/exercises-directory/index.md
2026-09-23T09:41:56.275Z - [36mverbose[39m: Rendering page: /Users/damithch/Repos/git-mastery/git-mastery.github.io/faq/index.md
2026-09-23T09:41:56.277Z - [36mverbose[39m: Rendering page: /Users/damithch/Repos/git-mastery/git-mastery.github.io/companion-app/index.md
2026-09-23T09:41:56.308Z - [31merror[39m: Template render error: (/Users/damithch/Repos/git-mastery/git-mastery.github.io/lessons/trail/workingWithRemotes/text.md) [Line 34, Column 202]
  Template render error: (/Users/damithch/Repos/git-mastery/git-mastery.github.io/lessons/trail/workingWithRemotes/text.md) [Line 853, Column 44]
  Error: Unable to call `show_previous_link`, which is undefined or falsey
    at Object._prettifyError (/opt/homebrew/lib/node_modules/markbind-cli/node_modules/nunjucks/src/lib.js:32:11)
    at file:///opt/homebrew/lib/node_modules/markbind-cli/node_modules/@markbind/core/src/patches/nunjucks/context-overrides-frame.js:336:23
    at Template.root [as rootRenderFunc] (eval at _compile (/opt/homebrew/lib/node_modules/markbind-cli/node_modules/nunjucks/src/environment.js:527:18), <anonymous>:79:3)
    at Template.render (file:///opt/homebrew/lib/node_modules/markbind-cli/node_modules/@markbind/core/src/patches/nunjucks/context-overrides-frame.js:326:10)
    at file:///opt/homebrew/lib/node_modules/markbind-cli/node_modules/@markbind/core/src/patches/nunjucks/context-overrides-frame.js:55:31
    at createTemplate (file:///opt/homebrew/lib/node_modules/markbind-cli/node_modules/@markbind/core/src/patches/nunjucks/load-event.js:110:13)
    at handle (file:///opt/homebrew/lib/node_modules/markbind-cli/node_modules/@markbind/core/src/patches/nunjucks/load-event.js:123:17)
    at file:///opt/homebrew/lib/node_modules/markbind-cli/node_modules/@markbind/core/src/patches/nunjucks/load-event.js:134:13
    at next (/opt/homebrew/lib/node_modules/markbind-cli/node_modules/nunjucks/src/lib.js:258:7)
    at Object.asyncIter (/opt/homebrew/lib/node_modules/markbind-cli/node_modules/nunjucks/src/lib.js:263:3)
2026-09-23T09:41:56.309Z - [31merror[39m: Template render error: (/Users/damithch/Repos/git-mastery/git-mastery.github.io/lessons/trail/workingWithRemotes/text.md) [Line 34, Column 202]
  Template render error: (/Users/damithch/Repos/git-mastery/git-mastery.github.io/lessons/trail/workingWithRemotes/text.md) [Line 853, Column 44]
  Error: Unable to call `show_previous_link`, which is undefined or falsey
    at Object._prettifyError (/opt/homebrew/lib/node_modules/markbind-cli/node_modules/nunjucks/src/lib.js:32:11)
    at file:///opt/homebrew/lib/node_modules/markbind-cli/node_modules/@markbind/core/src/patches/nunjucks/context-overrides-frame.js:336:23
    at Template.root [as rootRenderFunc] (eval at _compile (/opt/homebrew/lib/node_modules/markbind-cli/node_modules/nunjucks/src/environment.js:527:18), <anonymous>:79:3)
    at Template.render (file:///opt/homebrew/lib/node_modules/markbind-cli/node_modules/@markbind/core/src/patches/nunjucks/context-overrides-frame.js:326:10)
    at file:///opt/homebrew/lib/node_modules/markbind-cli/node_modules/@markbind/core/src/patches/nunjucks/context-overrides-frame.js:55:31
    at Environment.getTemplate (file:///opt/homebrew/lib/node_modules/markbind-cli/node_modules/@markbind/core/src/patches/nunjucks/load-event.js:78:13)
    at Environment.render (file:///opt/homebrew/lib/node_modules/markbind-cli/node_modules/@markbind/core/src/patches/nunjucks/context-overrides-frame.js:47:10)
    at VariableRenderer.renderFile (file:///opt/homebrew/lib/node_modules/markbind-cli/node_modules/@markbind/core/src/variables/VariableRenderer.js:44:24)
    at VariableProcessor.renderWithSiteVariables (file:///opt/homebrew/lib/node_modules/markbind-cli/node_modules/@markbind/core/src/variables/VariableProcessor.js:125:57)
    at VariableProcessor.renderIncludeFile (file:///opt/homebrew/lib/node_modules/markbind-cli/node_modules/@markbind/core/src/variables/VariableProcessor.js:202:38)
2026-09-23T09:41:56.310Z - [31merror[39m: Template render error: (/Users/damithch/Repos/git-mastery/git-mastery.github.io/lessons/trail/workingWithRemotes/text.md) [Line 34, Column 202]
  Template render error: (/Users/damithch/Repos/git-mastery/git-mastery.github.io/lessons/trail/workingWithRemotes/text.md) [Line 853, Column 44]
  Error: Unable to call `show_previous_link`, which is undefined or falsey
    at Object._prettifyError (/opt/homebrew/lib/node_modules/markbind-cli/node_modules/nunjucks/src/lib.js:32:11)
    at file:///opt/homebrew/lib/node_modules/markbind-cli/node_modules/@markbind/core/src/patches/nunjucks/context-overrides-frame.js:336:23
    at Template.root [as rootRenderFunc] (eval at _compile (/opt/homebrew/lib/node_modules/markbind-cli/node_modules/nunjucks/src/environment.js:527:18), <anonymous>:79:3)
    at Template.render (file:///opt/homebrew/lib/node_modules/markbind-cli/node_modules/@markbind/core/src/patches/nunjucks/context-overrides-frame.js:326:10)
    at file:///opt/homebrew/lib/node_modules/markbind-cli/node_modules/@markbind/core/src/patches/nunjucks/context-overrides-frame.js:55:31
    at Environment.getTemplate (file:///opt/homebrew/lib/node_modules/markbind-cli/node_modules/@markbind/core/src/patches/nunjucks/load-event.js:78:13)
    at Environment.render (file:///opt/homebrew/lib/node_modules/markbind-cli/node_modules/@markbind/core/src/patches/nunjucks/context-overrides-frame.js:47:10)
    at VariableRenderer.renderFile (file:///opt/homebrew/lib/node_modules/markbind-cli/node_modules/@markbind/core/src/variables/VariableRenderer.js:44:24)
    at VariableProcessor.renderWithSiteVariables (file:///opt/homebrew/lib/node_modules/markbind-cli/node_modules/@markbind/core/src/variables/VariableProcessor.js:125:57)
    at VariableProcessor.renderIncludeFile (file:///opt/homebrew/lib/node_modules/markbind-cli/node_modules/@markbind/core/src/variables/VariableProcessor.js:202:38)
2026-09-23T09:41:56.310Z - [31merror[39m: Template render error: (/Users/damithch/Repos/git-mastery/git-mastery.github.io/lessons/trail/workingWithRemotes/text.md) [Line 34, Column 202]
  Template render error: (/Users/damithch/Repos/git-mastery/git-mastery.github.io/lessons/trail/workingWithRemotes/text.md) [Line 853, Column 44]
  Error: Unable to call `show_previous_link`, which is undefined or falsey
    at Object._prettifyError (/opt/homebrew/lib/node_modules/markbind-cli/node_modules/nunjucks/src/lib.js:32:11)
    at file:///opt/homebrew/lib/node_modules/markbind-cli/node_modules/@markbind/core/src/patches/nunjucks/context-overrides-frame.js:336:23
    at Template.root [as rootRenderFunc] (eval at _compile (/opt/homebrew/lib/node_modules/markbind-cli/node_modules/nunjucks/src/environment.js:527:18), <anonymous>:79:3)
    at Template.render (file:///opt/homebrew/lib/node_modules/markbind-cli/node_modules/@markbind/core/src/patches/nunjucks/context-overrides-frame.js:326:10)
    at file:///opt/homebrew/lib/node_modules/markbind-cli/node_modules/@markbind/core/src/patches/nunjucks/context-overrides-frame.js:55:31
    at Environment.getTemplate (file:///opt/homebrew/lib/node_modules/markbind-cli/node_modules/@markbind/core/src/patches/nunjucks/load-event.js:78:13)
    at Environment.render (file:///opt/homebrew/lib/node_modules/markbind-cli/node_modules/@markbind/core/src/patches/nunjucks/context-overrides-frame.js:47:10)
    at VariableRenderer.renderFile (file:///opt/homebrew/lib/node_modules/markbind-cli/node_modules/@markbind/core/src/variables/VariableRenderer.js:44:24)
    at VariableProcessor.renderWithSiteVariables (file:///opt/homebrew/lib/node_modules/markbind-cli/node_modules/@markbind/core/src/variables/VariableProcessor.js:125:57)
    at VariableProcessor.renderIncludeFile (file:///opt/homebrew/lib/node_modules/markbind-cli/node_modules/@markbind/core/src/variables/VariableProcessor.js:202:38)
2026-09-23T09:41:56.332Z - [31merror[39m: Template render error: (/Users/damithch/Repos/git-mastery/git-mastery.github.io/lessons/trail/workingWithPrs/text.md) [Line 27, Column 201]
  Template render error: (/Users/damithch/Repos/git-mastery/git-mastery.github.io/lessons/trail/workingWithPrs/text.md) [Line 853, Column 44]
  Error: Unable to call `show_previous_link`, which is undefined or falsey
    at Object._prettifyError (/opt/homebrew/lib/node_modules/markbind-cli/node_modules/nunjucks/src/lib.js:32:11)
    at file:///opt/homebrew/lib/node_modules/markbind-cli/node_modules/@markbind/core/src/patches/nunjucks/context-overrides-frame.js:336:23
    at Template.root [as rootRenderFunc] (eval at _compile (/opt/homebrew/lib/node_modules/markbind-cli/node_modules/nunjucks/src/environment.js:527:18), <anonymous>:79:3)
    at Template.render (file:///opt/homebrew/lib/node_modules/markbind-cli/node_modules/@markbind/core/src/patches/nunjucks/context-overrides-frame.js:326:10)
    at file:///opt/homebrew/lib/node_modules/markbind-cli/node_modules/@markbind/core/src/patches/nunjucks/context-overrides-frame.js:55:31
    at createTemplate (file:///opt/homebrew/lib/node_modules/markbind-cli/node_modules/@markbind/core/src/patches/nunjucks/load-event.js:110:13)
    at handle (file:///opt/homebrew/lib/node_modules/markbind-cli/node_modules/@markbind/core/src/patches/nunjucks/load-event.js:123:17)
    at file:///opt/homebrew/lib/node_modules/markbind-cli/node_modules/@markbind/core/src/patches/nunjucks/load-event.js:134:13
    at next (/opt/homebrew/lib/node_modules/markbind-cli/node_modules/nunjucks/src/lib.js:258:7)
    at Object.asyncIter (/opt/homebrew/lib/node_modules/markbind-cli/node_modules/nunjucks/src/lib.js:263:3)
2026-09-23T09:41:56.333Z - [31merror[39m: Template render error: (/Users/damithch/Repos/git-mastery/git-mastery.github.io/lessons/trail/workingWithPrs/text.md) [Line 27, Column 201]
  Template render error: (/Users/damithch/Repos/git-mastery/git-mastery.github.io/lessons/trail/workingWithPrs/text.md) [Line 853, Column 44]
  Error: Unable to call `show_previous_link`, which is undefined or falsey
    at Object._prettifyError (/opt/homebrew/lib/node_modules/markbind-cli/node_modules/nunjucks/src/lib.js:32:11)
    at file:///opt/homebrew/lib/node_modules/markbind-cli/node_modules/@markbind/core/src/patches/nunjucks/context-overrides-frame.js:336:23
    at Template.root [as rootRenderFunc] (eval at _compile (/opt/homebrew/lib/node_modules/markbind-cli/node_modules/nunjucks/src/environment.js:527:18), <anonymous>:79:3)
    at Template.render (file:///opt/homebrew/lib/node_modules/markbind-cli/node_modules/@markbind/core/src/patches/nunjucks/context-overrides-frame.js:326:10)
    at file:///opt/homebrew/lib/node_modules/markbind-cli/node_modules/@markbind/core/src/patches/nunjucks/context-overrides-frame.js:55:31
    at Environment.getTemplate (file:///opt/homebrew/lib/node_modules/markbind-cli/node_modules/@markbind/core/src/patches/nunjucks/load-event.js:78:13)
    at Environment.render (file:///opt/homebrew/lib/node_modules/markbind-cli/node_modules/@markbind/core/src/patches/nunjucks/context-overrides-frame.js:47:10)
    at VariableRenderer.renderFile (file:///opt/homebrew/lib/node_modules/markbind-cli/node_modules/@markbind/core/src/variables/VariableRenderer.js:44:24)
    at VariableProcessor.renderWithSiteVariables (file:///opt/homebrew/lib/node_modules/markbind-cli/node_modules/@markbind/core/src/variables/VariableProcessor.js:125:57)
    at VariableProcessor.renderIncludeFile (file:///opt/homebrew/lib/node_modules/markbind-cli/node_modules/@markbind/core/src/variables/VariableProcessor.js:202:38)
2026-09-23T09:41:56.333Z - [31merror[39m: Template render error: (/Users/damithch/Repos/git-mastery/git-mastery.github.io/lessons/trail/workingWithPrs/text.md) [Line 27, Column 201]
  Template render error: (/Users/damithch/Repos/git-mastery/git-mastery.github.io/lessons/trail/workingWithPrs/text.md) [Line 853, Column 44]
  Error: Unable to call `show_previous_link`, which is undefined or falsey
    at Object._prettifyError (/opt/homebrew/lib/node_modules/markbind-cli/node_modules/nunjucks/src/lib.js:32:11)
    at file:///opt/homebrew/lib/node_modules/markbind-cli/node_modules/@markbind/core/src/patches/nunjucks/context-overrides-frame.js:336:23
    at Template.root [as rootRenderFunc] (eval at _compile (/opt/homebrew/lib/node_modules/markbind-cli/node_modules/nunjucks/src/environment.js:527:18), <anonymous>:79:3)
    at Template.render (file:///opt/homebrew/lib/node_modules/markbind-cli/node_modules/@markbind/core/src/patches/nunjucks/context-overrides-frame.js:326:10)
    at file:///opt/homebrew/lib/node_modules/markbind-cli/node_modules/@markbind/core/src/patches/nunjucks/context-overrides-frame.js:55:31
    at Environment.getTemplate (file:///opt/homebrew/lib/node_modules/markbind-cli/node_modules/@markbind/core/src/patches/nunjucks/load-event.js:78:13)
    at Environment.render (file:///opt/homebrew/lib/node_modules/markbind-cli/node_modules/@markbind/core/src/patches/nunjucks/context-overrides-frame.js:47:10)
    at VariableRenderer.renderFile (file:///opt/homebrew/lib/node_modules/markbind-cli/node_modules/@markbind/core/src/variables/VariableRenderer.js:44:24)
    at VariableProcessor.renderWithSiteVariables (file:///opt/homebrew/lib/node_modules/markbind-cli/node_modules/@markbind/core/src/variables/VariableProcessor.js:125:57)
    at VariableProcessor.renderIncludeFile (file:///opt/homebrew/lib/node_modules/markbind-cli/node_modules/@markbind/core/src/variables/VariableProcessor.js:202:38)
2026-09-23T09:41:56.334Z - [31merror[39m: Template render error: (/Users/damithch/Repos/git-mastery/git-mastery.github.io/lessons/trail/workingWithPrs/text.md) [Line 27, Column 201]
  Template render error: (/Users/damithch/Repos/git-mastery/git-mastery.github.io/lessons/trail/workingWithPrs/text.md) [Line 853, Column 44]
  Error: Unable to call `show_previous_link`, which is undefined or falsey
    at Object._prettifyError (/opt/homebrew/lib/node_modules/markbind-cli/node_modules/nunjucks/src/lib.js:32:11)
    at file:///opt/homebrew/lib/node_modules/markbind-cli/node_modules/@markbind/core/src/patches/nunjucks/context-overrides-frame.js:336:23
    at Template.root [as rootRenderFunc] (eval at _compile (/opt/homebrew/lib/node_modules/markbind-cli/node_modules/nunjucks/src/environment.js:527:18), <anonymous>:79:3)
    at Template.render (file:///opt/homebrew/lib/node_modules/markbind-cli/node_modules/@markbind/core/src/patches/nunjucks/context-overrides-frame.js:326:10)
    at file:///opt/homebrew/lib/node_modules/markbind-cli/node_modules/@markbind/core/src/patches/nunjucks/context-overrides-frame.js:55:31
    at Environment.getTemplate (file:///opt/homebrew/lib/node_modules/markbind-cli/node_modules/@markbind/core/src/patches/nunjucks/load-event.js:78:13)
    at Environment.render (file:///opt/homebrew/lib/node_modules/markbind-cli/node_modules/@markbind/core/src/patches/nunjucks/context-overrides-frame.js:47:10)
    at VariableRenderer.renderFile (file:///opt/homebrew/lib/node_modules/markbind-cli/node_modules/@markbind/core/src/variables/VariableRenderer.js:44:24)
    at VariableProcessor.renderWithSiteVariables (file:///opt/homebrew/lib/node_modules/markbind-cli/node_modules/@markbind/core/src/variables/VariableProcessor.js:125:57)
    at VariableProcessor.renderIncludeFile (file:///opt/homebrew/lib/node_modules/markbind-cli/node_modules/@markbind/core/src/variables/VariableProcessor.js:202:38)
2026-09-23T09:41:56.341Z - [36mverbose[39m: Rendering page: /Users/damithch/Repos/git-mastery/git-mastery.github.io/versions/cs2113/insertions.md
2026-09-23T09:41:56.343Z - [36mverbose[39m: Rendering page: /Users/damithch/Repos/git-mastery/git-mastery.github.io/versions/cs2103/insertions.md
2026-09-23T09:41:56.348Z - [31merror[39m: Template render error: (/Users/damithch/Repos/git-mastery/git-mastery.github.io/lessons/trail/usingRevisionHistory/text.md) [Line 28, Column 206]
  Template render error: (/Users/damithch/Repos/git-mastery/git-mastery.github.io/lessons/trail/usingRevisionHistory/text.md) [Line 853, Column 44]
  Error: Unable to call `show_previous_link`, which is undefined or falsey
    at Object._prettifyError (/opt/homebrew/lib/node_modules/markbind-cli/node_modules/nunjucks/src/lib.js:32:11)
    at file:///opt/homebrew/lib/node_modules/markbind-cli/node_modules/@markbind/core/src/patches/nunjucks/context-overrides-frame.js:336:23
    at Template.root [as rootRenderFunc] (eval at _compile (/opt/homebrew/lib/node_modules/markbind-cli/node_modules/nunjucks/src/environment.js:527:18), <anonymous>:79:3)
    at Template.render (file:///opt/homebrew/lib/node_modules/markbind-cli/node_modules/@markbind/core/src/patches/nunjucks/context-overrides-frame.js:326:10)
    at file:///opt/homebrew/lib/node_modules/markbind-cli/node_modules/@markbind/core/src/patches/nunjucks/context-overrides-frame.js:55:31
    at createTemplate (file:///opt/homebrew/lib/node_modules/markbind-cli/node_modules/@markbind/core/src/patches/nunjucks/load-event.js:110:13)
    at handle (file:///opt/homebrew/lib/node_modules/markbind-cli/node_modules/@markbind/core/src/patches/nunjucks/load-event.js:123:17)
    at file:///opt/homebrew/lib/node_modules/markbind-cli/node_modules/@markbind/core/src/patches/nunjucks/load-event.js:134:13
    at next (/opt/homebrew/lib/node_modules/markbind-cli/node_modules/nunjucks/src/lib.js:258:7)
    at Object.asyncIter (/opt/homebrew/lib/node_modules/markbind-cli/node_modules/nunjucks/src/lib.js:263:3)
2026-09-23T09:41:56.349Z - [31merror[39m: Template render error: (/Users/damithch/Repos/git-mastery/git-mastery.github.io/lessons/trail/usingRevisionHistory/text.md) [Line 28, Column 206]
  Template render error: (/Users/damithch/Repos/git-mastery/git-mastery.github.io/lessons/trail/usingRevisionHistory/text.md) [Line 853, Column 44]
  Error: Unable to call `show_previous_link`, which is undefined or falsey
    at Object._prettifyError (/opt/homebrew/lib/node_modules/markbind-cli/node_modules/nunjucks/src/lib.js:32:11)
    at file:///opt/homebrew/lib/node_modules/markbind-cli/node_modules/@markbind/core/src/patches/nunjucks/context-overrides-frame.js:336:23
    at Template.root [as rootRenderFunc] (eval at _compile (/opt/homebrew/lib/node_modules/markbind-cli/node_modules/nunjucks/src/environment.js:527:18), <anonymous>:79:3)
    at Template.render (file:///opt/homebrew/lib/node_modules/markbind-cli/node_modules/@markbind/core/src/patches/nunjucks/context-overrides-frame.js:326:10)
    at file:///opt/homebrew/lib/node_modules/markbind-cli/node_modules/@markbind/core/src/patches/nunjucks/context-overrides-frame.js:55:31
    at Environment.getTemplate (file:///opt/homebrew/lib/node_modules/markbind-cli/node_modules/@markbind/core/src/patches/nunjucks/load-event.js:78:13)
    at Environment.render (file:///opt/homebrew/lib/node_modules/markbind-cli/node_modules/@markbind/core/src/patches/nunjucks/context-overrides-frame.js:47:10)
    at VariableRenderer.renderFile (file:///opt/homebrew/lib/node_modules/markbind-cli/node_modules/@markbind/core/src/variables/VariableRenderer.js:44:24)
    at VariableProcessor.renderWithSiteVariables (file:///opt/homebrew/lib/node_modules/markbind-cli/node_modules/@markbind/core/src/variables/VariableProcessor.js:125:57)
    at VariableProcessor.renderIncludeFile (file:///opt/homebrew/lib/node_modules/markbind-cli/node_modules/@markbind/core/src/variables/VariableProcessor.js:202:38)
2026-09-23T09:41:56.350Z - [31merror[39m: Template render error: (/Users/damithch/Repos/git-mastery/git-mastery.github.io/lessons/trail/usingRevisionHistory/text.md) [Line 28, Column 206]
  Template render error: (/Users/damithch/Repos/git-mastery/git-mastery.github.io/lessons/trail/usingRevisionHistory/text.md) [Line 853, Column 44]
  Error: Unable to call `show_previous_link`, which is undefined or falsey
    at Object._prettifyError (/opt/homebrew/lib/node_modules/markbind-cli/node_modules/nunjucks/src/lib.js:32:11)
    at file:///opt/homebrew/lib/node_modules/markbind-cli/node_modules/@markbind/core/src/patches/nunjucks/context-overrides-frame.js:336:23
    at Template.root [as rootRenderFunc] (eval at _compile (/opt/homebrew/lib/node_modules/markbind-cli/node_modules/nunjucks/src/environment.js:527:18), <anonymous>:79:3)
    at Template.render (file:///opt/homebrew/lib/node_modules/markbind-cli/node_modules/@markbind/core/src/patches/nunjucks/context-overrides-frame.js:326:10)
    at file:///opt/homebrew/lib/node_modules/markbind-cli/node_modules/@markbind/core/src/patches/nunjucks/context-overrides-frame.js:55:31
    at Environment.getTemplate (file:///opt/homebrew/lib/node_modules/markbind-cli/node_modules/@markbind/core/src/patches/nunjucks/load-event.js:78:13)
    at Environment.render (file:///opt/homebrew/lib/node_modules/markbind-cli/node_modules/@markbind/core/src/patches/nunjucks/context-overrides-frame.js:47:10)
    at VariableRenderer.renderFile (file:///opt/homebrew/lib/node_modules/markbind-cli/node_modules/@markbind/core/src/variables/VariableRenderer.js:44:24)
    at VariableProcessor.renderWithSiteVariables (file:///opt/homebrew/lib/node_modules/markbind-cli/node_modules/@markbind/core/src/variables/VariableProcessor.js:125:57)
    at VariableProcessor.renderIncludeFile (file:///opt/homebrew/lib/node_modules/markbind-cli/node_modules/@markbind/core/src/variables/VariableProcessor.js:202:38)
2026-09-23T09:41:56.350Z - [31merror[39m: Template render error: (/Users/damithch/Repos/git-mastery/git-mastery.github.io/lessons/trail/usingRevisionHistory/text.md) [Line 28, Column 206]
  Template render error: (/Users/damithch/Repos/git-mastery/git-mastery.github.io/lessons/trail/usingRevisionHistory/text.md) [Line 853, Column 44]
  Error: Unable to call `show_previous_link`, which is undefined or falsey
    at Object._prettifyError (/opt/homebrew/lib/node_modules/markbind-cli/node_modules/nunjucks/src/lib.js:32:11)
    at file:///opt/homebrew/lib/node_modules/markbind-cli/node_modules/@markbind/core/src/patches/nunjucks/context-overrides-frame.js:336:23
    at Template.root [as rootRenderFunc] (eval at _compile (/opt/homebrew/lib/node_modules/markbind-cli/node_modules/nunjucks/src/environment.js:527:18), <anonymous>:79:3)
    at Template.render (file:///opt/homebrew/lib/node_modules/markbind-cli/node_modules/@markbind/core/src/patches/nunjucks/context-overrides-frame.js:326:10)
    at file:///opt/homebrew/lib/node_modules/markbind-cli/node_modules/@markbind/core/src/patches/nunjucks/context-overrides-frame.js:55:31
    at Environment.getTemplate (file:///opt/homebrew/lib/node_modules/markbind-cli/node_modules/@markbind/core/src/patches/nunjucks/load-event.js:78:13)
    at Environment.render (file:///opt/homebrew/lib/node_modules/markbind-cli/node_modules/@markbind/core/src/patches/nunjucks/context-overrides-frame.js:47:10)
    at VariableRenderer.renderFile (file:///opt/homebrew/lib/node_modules/markbind-cli/node_modules/@markbind/core/src/variables/VariableRenderer.js:44:24)
    at VariableProcessor.renderWithSiteVariables (file:///opt/homebrew/lib/node_modules/markbind-cli/node_modules/@markbind/core/src/variables/VariableProcessor.js:125:57)
    at VariableProcessor.renderIncludeFile (file:///opt/homebrew/lib/node_modules/markbind-cli/node_modules/@markbind/core/src/variables/VariableProcessor.js:202:38)
2026-09-23T09:41:56.358Z - [36mverbose[39m: Rendering page: /Users/damithch/Repos/git-mastery/git-mastery.github.io/lessons/trail/workingWithRemotes/end.md
2026-09-23T09:41:56.365Z - [31merror[39m: Template render error: (/Users/damithch/Repos/git-mastery/git-mastery.github.io/lessons/trail/syncingBranches/text.md) [Line 24, Column 206]
  Template render error: (/Users/damithch/Repos/git-mastery/git-mastery.github.io/lessons/trail/syncingBranches/text.md) [Line 853, Column 44]
  Error: Unable to call `show_previous_link`, which is undefined or falsey
    at Object._prettifyError (/opt/homebrew/lib/node_modules/markbind-cli/node_modules/nunjucks/src/lib.js:32:11)
    at file:///opt/homebrew/lib/node_modules/markbind-cli/node_modules/@markbind/core/src/patches/nunjucks/context-overrides-frame.js:336:23
    at Template.root [as rootRenderFunc] (eval at _compile (/opt/homebrew/lib/node_modules/markbind-cli/node_modules/nunjucks/src/environment.js:527:18), <anonymous>:79:3)
    at Template.render (file:///opt/homebrew/lib/node_modules/markbind-cli/node_modules/@markbind/core/src/patches/nunjucks/context-overrides-frame.js:326:10)
    at file:///opt/homebrew/lib/node_modules/markbind-cli/node_modules/@markbind/core/src/patches/nunjucks/context-overrides-frame.js:55:31
    at createTemplate (file:///opt/homebrew/lib/node_modules/markbind-cli/node_modules/@markbind/core/src/patches/nunjucks/load-event.js:110:13)
    at handle (file:///opt/homebrew/lib/node_modules/markbind-cli/node_modules/@markbind/core/src/patches/nunjucks/load-event.js:123:17)
    at file:///opt/homebrew/lib/node_modules/markbind-cli/node_modules/@markbind/core/src/patches/nunjucks/load-event.js:134:13
    at next (/opt/homebrew/lib/node_modules/markbind-cli/node_modules/nunjucks/src/lib.js:258:7)
    at Object.asyncIter (/opt/homebrew/lib/node_modules/markbind-cli/node_modules/nunjucks/src/lib.js:263:3)
2026-09-23T09:41:56.365Z - [31merror[39m: Template render error: (/Users/damithch/Repos/git-mastery/git-mastery.github.io/lessons/trail/syncingBranches/text.md) [Line 24, Column 206]
  Template render error: (/Users/damithch/Repos/git-mastery/git-mastery.github.io/lessons/trail/syncingBranches/text.md) [Line 853, Column 44]
  Error: Unable to call `show_previous_link`, which is undefined or falsey
    at Object._prettifyError (/opt/homebrew/lib/node_modules/markbind-cli/node_modules/nunjucks/src/lib.js:32:11)
    at file:///opt/homebrew/lib/node_modules/markbind-cli/node_modules/@markbind/core/src/patches/nunjucks/context-overrides-frame.js:336:23
    at Template.root [as rootRenderFunc] (eval at _compile (/opt/homebrew/lib/node_modules/markbind-cli/node_modules/nunjucks/src/environment.js:527:18), <anonymous>:79:3)
    at Template.render (file:///opt/homebrew/lib/node_modules/markbind-cli/node_modules/@markbind/core/src/patches/nunjucks/context-overrides-frame.js:326:10)
    at file:///opt/homebrew/lib/node_modules/markbind-cli/node_modules/@markbind/core/src/patches/nunjucks/context-overrides-frame.js:55:31
    at Environment.getTemplate (file:///opt/homebrew/lib/node_modules/markbind-cli/node_modules/@markbind/core/src/patches/nunjucks/load-event.js:78:13)
    at Environment.render (file:///opt/homebrew/lib/node_modules/markbind-cli/node_modules/@markbind/core/src/patches/nunjucks/context-overrides-frame.js:47:10)
    at VariableRenderer.renderFile (file:///opt/homebrew/lib/node_modules/markbind-cli/node_modules/@markbind/core/src/variables/VariableRenderer.js:44:24)
    at VariableProcessor.renderWithSiteVariables (file:///opt/homebrew/lib/node_modules/markbind-cli/node_modules/@markbind/core/src/variables/VariableProcessor.js:125:57)
    at VariableProcessor.renderIncludeFile (file:///opt/homebrew/lib/node_modules/markbind-cli/node_modules/@markbind/core/src/variables/VariableProcessor.js:202:38)
2026-09-23T09:41:56.366Z - [31merror[39m: Template render error: (/Users/damithch/Repos/git-mastery/git-mastery.github.io/lessons/trail/syncingBranches/text.md) [Line 24, Column 206]
  Template render error: (/Users/damithch/Repos/git-mastery/git-mastery.github.io/lessons/trail/syncingBranches/text.md) [Line 853, Column 44]
  Error: Unable to call `show_previous_link`, which is undefined or falsey
    at Object._prettifyError (/opt/homebrew/lib/node_modules/markbind-cli/node_modules/nunjucks/src/lib.js:32:11)
    at file:///opt/homebrew/lib/node_modules/markbind-cli/node_modules/@markbind/core/src/patches/nunjucks/context-overrides-frame.js:336:23
    at Template.root [as rootRenderFunc] (eval at _compile (/opt/homebrew/lib/node_modules/markbind-cli/node_modules/nunjucks/src/environment.js:527:18), <anonymous>:79:3)
    at Template.render (file:///opt/homebrew/lib/node_modules/markbind-cli/node_modules/@markbind/core/src/patches/nunjucks/context-overrides-frame.js:326:10)
    at file:///opt/homebrew/lib/node_modules/markbind-cli/node_modules/@markbind/core/src/patches/nunjucks/context-overrides-frame.js:55:31
    at Environment.getTemplate (file:///opt/homebrew/lib/node_modules/markbind-cli/node_modules/@markbind/core/src/patches/nunjucks/load-event.js:78:13)
    at Environment.render (file:///opt/homebrew/lib/node_modules/markbind-cli/node_modules/@markbind/core/src/patches/nunjucks/context-overrides-frame.js:47:10)
    at VariableRenderer.renderFile (file:///opt/homebrew/lib/node_modules/markbind-cli/node_modules/@markbind/core/src/variables/VariableRenderer.js:44:24)
    at VariableProcessor.renderWithSiteVariables (file:///opt/homebrew/lib/node_modules/markbind-cli/node_modules/@markbind/core/src/variables/VariableProcessor.js:125:57)
    at VariableProcessor.renderIncludeFile (file:///opt/homebrew/lib/node_modules/markbind-cli/node_modules/@markbind/core/src/variables/VariableProcessor.js:202:38)
2026-09-23T09:41:56.366Z - [31merror[39m: Template render error: (/Users/damithch/Repos/git-mastery/git-mastery.github.io/lessons/trail/syncingBranches/text.md) [Line 24, Column 206]
  Template render error: (/Users/damithch/Repos/git-mastery/git-mastery.github.io/lessons/trail/syncingBranches/text.md) [Line 853, Column 44]
  Error: Unable to call `show_previous_link`, which is undefined or falsey
    at Object._prettifyError (/opt/homebrew/lib/node_modules/markbind-cli/node_modules/nunjucks/src/lib.js:32:11)
    at file:///opt/homebrew/lib/node_modules/markbind-cli/node_modules/@markbind/core/src/patches/nunjucks/context-overrides-frame.js:336:23
    at Template.root [as rootRenderFunc] (eval at _compile (/opt/homebrew/lib/node_modules/markbind-cli/node_modules/nunjucks/src/environment.js:527:18), <anonymous>:79:3)
    at Template.render (file:///opt/homebrew/lib/node_modules/markbind-cli/node_modules/@markbind/core/src/patches/nunjucks/context-overrides-frame.js:326:10)
    at file:///opt/homebrew/lib/node_modules/markbind-cli/node_modules/@markbind/core/src/patches/nunjucks/context-overrides-frame.js:55:31
    at Environment.getTemplate (file:///opt/homebrew/lib/node_modules/markbind-cli/node_modules/@markbind/core/src/patches/nunjucks/load-event.js:78:13)
    at Environment.render (file:///opt/homebrew/lib/node_modules/markbind-cli/node_modules/@markbind/core/src/patches/nunjucks/context-overrides-frame.js:47:10)
    at VariableRenderer.renderFile (file:///opt/homebrew/lib/node_modules/markbind-cli/node_modules/@markbind/core/src/variables/VariableRenderer.js:44:24)
    at VariableProcessor.renderWithSiteVariables (file:///opt/homebrew/lib/node_modules/markbind-cli/node_modules/@markbind/core/src/variables/VariableProcessor.js:125:57)
    at VariableProcessor.renderIncludeFile (file:///opt/homebrew/lib/node_modules/markbind-cli/node_modules/@markbind/core/src/variables/VariableProcessor.js:202:38)
2026-09-23T09:41:56.373Z - [36mverbose[39m: Rendering page: /Users/damithch/Repos/git-mastery/git-mastery.github.io/lessons/trail/workingWithPrs/end.md
2026-09-23T09:41:56.379Z - [31merror[39m: Template render error: (/Users/damithch/Repos/git-mastery/git-mastery.github.io/lessons/trail/remoteBranches/text.md) [Line 24, Column 209]
  Template render error: (/Users/damithch/Repos/git-mastery/git-mastery.github.io/lessons/trail/remoteBranches/text.md) [Line 853, Column 44]
  Error: Unable to call `show_previous_link`, which is undefined or falsey
    at Object._prettifyError (/opt/homebrew/lib/node_modules/markbind-cli/node_modules/nunjucks/src/lib.js:32:11)
    at file:///opt/homebrew/lib/node_modules/markbind-cli/node_modules/@markbind/core/src/patches/nunjucks/context-overrides-frame.js:336:23
    at Template.root [as rootRenderFunc] (eval at _compile (/opt/homebrew/lib/node_modules/markbind-cli/node_modules/nunjucks/src/environment.js:527:18), <anonymous>:79:3)
    at Template.render (file:///opt/homebrew/lib/node_modules/markbind-cli/node_modules/@markbind/core/src/patches/nunjucks/context-overrides-frame.js:326:10)
    at file:///opt/homebrew/lib/node_modules/markbind-cli/node_modules/@markbind/core/src/patches/nunjucks/context-overrides-frame.js:55:31
    at createTemplate (file:///opt/homebrew/lib/node_modules/markbind-cli/node_modules/@markbind/core/src/patches/nunjucks/load-event.js:110:13)
    at handle (file:///opt/homebrew/lib/node_modules/markbind-cli/node_modules/@markbind/core/src/patches/nunjucks/load-event.js:123:17)
    at file:///opt/homebrew/lib/node_modules/markbind-cli/node_modules/@markbind/core/src/patches/nunjucks/load-event.js:134:13
    at next (/opt/homebrew/lib/node_modules/markbind-cli/node_modules/nunjucks/src/lib.js:258:7)
    at Object.asyncIter (/opt/homebrew/lib/node_modules/markbind-cli/node_modules/nunjucks/src/lib.js:263:3)
2026-09-23T09:41:56.380Z - [31merror[39m: Template render error: (/Users/damithch/Repos/git-mastery/git-mastery.github.io/lessons/trail/remoteBranches/text.md) [Line 24, Column 209]
  Template render error: (/Users/damithch/Repos/git-mastery/git-mastery.github.io/lessons/trail/remoteBranches/text.md) [Line 853, Column 44]
  Error: Unable to call `show_previous_link`, which is undefined or falsey
    at Object._prettifyError (/opt/homebrew/lib/node_modules/markbind-cli/node_modules/nunjucks/src/lib.js:32:11)
    at file:///opt/homebrew/lib/node_modules/markbind-cli/node_modules/@markbind/core/src/patches/nunjucks/context-overrides-frame.js:336:23
    at Template.root [as rootRenderFunc] (eval at _compile (/opt/homebrew/lib/node_modules/markbind-cli/node_modules/nunjucks/src/environment.js:527:18), <anonymous>:79:3)
    at Template.render (file:///opt/homebrew/lib/node_modules/markbind-cli/node_modules/@markbind/core/src/patches/nunjucks/context-overrides-frame.js:326:10)
    at file:///opt/homebrew/lib/node_modules/markbind-cli/node_modules/@markbind/core/src/patches/nunjucks/context-overrides-frame.js:55:31
    at Environment.getTemplate (file:///opt/homebrew/lib/node_modules/markbind-cli/node_modules/@markbind/core/src/patches/nunjucks/load-event.js:78:13)
    at Environment.render (file:///opt/homebrew/lib/node_modules/markbind-cli/node_modules/@markbind/core/src/patches/nunjucks/context-overrides-frame.js:47:10)
    at VariableRenderer.renderFile (file:///opt/homebrew/lib/node_modules/markbind-cli/node_modules/@markbind/core/src/variables/VariableRenderer.js:44:24)
    at VariableProcessor.renderWithSiteVariables (file:///opt/homebrew/lib/node_modules/markbind-cli/node_modules/@markbind/core/src/variables/VariableProcessor.js:125:57)
    at VariableProcessor.renderIncludeFile (file:///opt/homebrew/lib/node_modules/markbind-cli/node_modules/@markbind/core/src/variables/VariableProcessor.js:202:38)
2026-09-23T09:41:56.381Z - [31merror[39m: Template render error: (/Users/damithch/Repos/git-mastery/git-mastery.github.io/lessons/trail/remoteBranches/text.md) [Line 24, Column 209]
  Template render error: (/Users/damithch/Repos/git-mastery/git-mastery.github.io/lessons/trail/remoteBranches/text.md) [Line 853, Column 44]
  Error: Unable to call `show_previous_link`, which is undefined or falsey
    at Object._prettifyError (/opt/homebrew/lib/node_modules/markbind-cli/node_modules/nunjucks/src/lib.js:32:11)
    at file:///opt/homebrew/lib/node_modules/markbind-cli/node_modules/@markbind/core/src/patches/nunjucks/context-overrides-frame.js:336:23
    at Template.root [as rootRenderFunc] (eval at _compile (/opt/homebrew/lib/node_modules/markbind-cli/node_modules/nunjucks/src/environment.js:527:18), <anonymous>:79:3)
    at Template.render (file:///opt/homebrew/lib/node_modules/markbind-cli/node_modules/@markbind/core/src/patches/nunjucks/context-overrides-frame.js:326:10)
    at file:///opt/homebrew/lib/node_modules/markbind-cli/node_modules/@markbind/core/src/patches/nunjucks/context-overrides-frame.js:55:31
    at Environment.getTemplate (file:///opt/homebrew/lib/node_modules/markbind-cli/node_modules/@markbind/core/src/patches/nunjucks/load-event.js:78:13)
    at Environment.render (file:///opt/homebrew/lib/node_modules/markbind-cli/node_modules/@markbind/core/src/patches/nunjucks/context-overrides-frame.js:47:10)
    at VariableRenderer.renderFile (file:///opt/homebrew/lib/node_modules/markbind-cli/node_modules/@markbind/core/src/variables/VariableRenderer.js:44:24)
    at VariableProcessor.renderWithSiteVariables (file:///opt/homebrew/lib/node_modules/markbind-cli/node_modules/@markbind/core/src/variables/VariableProcessor.js:125:57)
    at VariableProcessor.renderIncludeFile (file:///opt/homebrew/lib/node_modules/markbind-cli/node_modules/@markbind/core/src/variables/VariableProcessor.js:202:38)
2026-09-23T09:41:56.381Z - [31merror[39m: Template render error: (/Users/damithch/Repos/git-mastery/git-mastery.github.io/lessons/trail/remoteBranches/text.md) [Line 24, Column 209]
  Template render error: (/Users/damithch/Repos/git-mastery/git-mastery.github.io/lessons/trail/remoteBranches/text.md) [Line 853, Column 44]
  Error: Unable to call `show_previous_link`, which is undefined or falsey
    at Object._prettifyError (/opt/homebrew/lib/node_modules/markbind-cli/node_modules/nunjucks/src/lib.js:32:11)
    at file:///opt/homebrew/lib/node_modules/markbind-cli/node_modules/@markbind/core/src/patches/nunjucks/context-overrides-frame.js:336:23
    at Template.root [as rootRenderFunc] (eval at _compile (/opt/homebrew/lib/node_modules/markbind-cli/node_modules/nunjucks/src/environment.js:527:18), <anonymous>:79:3)
    at Template.render (file:///opt/homebrew/lib/node_modules/markbind-cli/node_modules/@markbind/core/src/patches/nunjucks/context-overrides-frame.js:326:10)
    at file:///opt/homebrew/lib/node_modules/markbind-cli/node_modules/@markbind/core/src/patches/nunjucks/context-overrides-frame.js:55:31
    at Environment.getTemplate (file:///opt/homebrew/lib/node_modules/markbind-cli/node_modules/@markbind/core/src/patches/nunjucks/load-event.js:78:13)
    at Environment.render (file:///opt/homebrew/lib/node_modules/markbind-cli/node_modules/@markbind/core/src/patches/nunjucks/context-overrides-frame.js:47:10)
    at VariableRenderer.renderFile (file:///opt/homebrew/lib/node_modules/markbind-cli/node_modules/@markbind/core/src/variables/VariableRenderer.js:44:24)
    at VariableProcessor.renderWithSiteVariables (file:///opt/homebrew/lib/node_modules/markbind-cli/node_modules/@markbind/core/src/variables/VariableProcessor.js:125:57)
    at VariableProcessor.renderIncludeFile (file:///opt/homebrew/lib/node_modules/markbind-cli/node_modules/@markbind/core/src/variables/VariableProcessor.js:202:38)
2026-09-23T09:41:56.388Z - [36mverbose[39m: Rendering page: /Users/damithch/Repos/git-mastery/git-mastery.github.io/lessons/trail/usingRevisionHistory/end.md
2026-09-23T09:41:56.413Z - [36mverbose[39m: Rendering page: /Users/damithch/Repos/git-mastery/git-mastery.github.io/lessons/trail/syncingBranches/end.md
2026-09-23T09:41:56.420Z - [31merror[39m: Template render error: (/Users/damithch/Repos/git-mastery/git-mastery.github.io/lessons/trail/managingProjects/text.md) [Line 27, Column 203]
  Template render error: (/Users/damithch/Repos/git-mastery/git-mastery.github.io/lessons/trail/managingProjects/text.md) [Line 853, Column 44]
  Error: Unable to call `show_previous_link`, which is undefined or falsey
    at Object._prettifyError (/opt/homebrew/lib/node_modules/markbind-cli/node_modules/nunjucks/src/lib.js:32:11)
    at file:///opt/homebrew/lib/node_modules/markbind-cli/node_modules/@markbind/core/src/patches/nunjucks/context-overrides-frame.js:336:23
    at Template.root [as rootRenderFunc] (eval at _compile (/opt/homebrew/lib/node_modules/markbind-cli/node_modules/nunjucks/src/environment.js:527:18), <anonymous>:76:3)
    at Template.render (file:///opt/homebrew/lib/node_modules/markbind-cli/node_modules/@markbind/core/src/patches/nunjucks/context-overrides-frame.js:326:10)
    at file:///opt/homebrew/lib/node_modules/markbind-cli/node_modules/@markbind/core/src/patches/nunjucks/context-overrides-frame.js:55:31
    at createTemplate (file:///opt/homebrew/lib/node_modules/markbind-cli/node_modules/@markbind/core/src/patches/nunjucks/load-event.js:110:13)
    at handle (file:///opt/homebrew/lib/node_modules/markbind-cli/node_modules/@markbind/core/src/patches/nunjucks/load-event.js:123:17)
    at file:///opt/homebrew/lib/node_modules/markbind-cli/node_modules/@markbind/core/src/patches/nunjucks/load-event.js:134:13
    at next (/opt/homebrew/lib/node_modules/markbind-cli/node_modules/nunjucks/src/lib.js:258:7)
    at Object.asyncIter (/opt/homebrew/lib/node_modules/markbind-cli/node_modules/nunjucks/src/lib.js:263:3)
2026-09-23T09:41:56.421Z - [31merror[39m: Template render error: (/Users/damithch/Repos/git-mastery/git-mastery.github.io/lessons/trail/managingProjects/text.md) [Line 27, Column 203]
  Template render error: (/Users/damithch/Repos/git-mastery/git-mastery.github.io/lessons/trail/managingProjects/text.md) [Line 853, Column 44]
  Error: Unable to call `show_previous_link`, which is undefined or falsey
    at Object._prettifyError (/opt/homebrew/lib/node_modules/markbind-cli/node_modules/nunjucks/src/lib.js:32:11)
    at file:///opt/homebrew/lib/node_modules/markbind-cli/node_modules/@markbind/core/src/patches/nunjucks/context-overrides-frame.js:336:23
    at Template.root [as rootRenderFunc] (eval at _compile (/opt/homebrew/lib/node_modules/markbind-cli/node_modules/nunjucks/src/environment.js:527:18), <anonymous>:76:3)
    at Template.render (file:///opt/homebrew/lib/node_modules/markbind-cli/node_modules/@markbind/core/src/patches/nunjucks/context-overrides-frame.js:326:10)
    at file:///opt/homebrew/lib/node_modules/markbind-cli/node_modules/@markbind/core/src/patches/nunjucks/context-overrides-frame.js:55:31
    at Environment.getTemplate (file:///opt/homebrew/lib/node_modules/markbind-cli/node_modules/@markbind/core/src/patches/nunjucks/load-event.js:78:13)
    at Environment.render (file:///opt/homebrew/lib/node_modules/markbind-cli/node_modules/@markbind/core/src/patches/nunjucks/context-overrides-frame.js:47:10)
    at VariableRenderer.renderFile (file:///opt/homebrew/lib/node_modules/markbind-cli/node_modules/@markbind/core/src/variables/VariableRenderer.js:44:24)
    at VariableProcessor.renderWithSiteVariables (file:///opt/homebrew/lib/node_modules/markbind-cli/node_modules/@markbind/core/src/variables/VariableProcessor.js:125:57)
    at VariableProcessor.renderIncludeFile (file:///opt/homebrew/lib/node_modules/markbind-cli/node_modules/@markbind/core/src/variables/VariableProcessor.js:202:38)
2026-09-23T09:41:56.422Z - [31merror[39m: Template render error: (/Users/damithch/Repos/git-mastery/git-mastery.github.io/lessons/trail/managingProjects/text.md) [Line 27, Column 203]
  Template render error: (/Users/damithch/Repos/git-mastery/git-mastery.github.io/lessons/trail/managingProjects/text.md) [Line 853, Column 44]
  Error: Unable to call `show_previous_link`, which is undefined or falsey
    at Object._prettifyError (/opt/homebrew/lib/node_modules/markbind-cli/node_modules/nunjucks/src/lib.js:32:11)
    at file:///opt/homebrew/lib/node_modules/markbind-cli/node_modules/@markbind/core/src/patches/nunjucks/context-overrides-frame.js:336:23
    at Template.root [as rootRenderFunc] (eval at _compile (/opt/homebrew/lib/node_modules/markbind-cli/node_modules/nunjucks/src/environment.js:527:18), <anonymous>:76:3)
    at Template.render (file:///opt/homebrew/lib/node_modules/markbind-cli/node_modules/@markbind/core/src/patches/nunjucks/context-overrides-frame.js:326:10)
    at file:///opt/homebrew/lib/node_modules/markbind-cli/node_modules/@markbind/core/src/patches/nunjucks/context-overrides-frame.js:55:31
    at Environment.getTemplate (file:///opt/homebrew/lib/node_modules/markbind-cli/node_modules/@markbind/core/src/patches/nunjucks/load-event.js:78:13)
    at Environment.render (file:///opt/homebrew/lib/node_modules/markbind-cli/node_modules/@markbind/core/src/patches/nunjucks/context-overrides-frame.js:47:10)
    at VariableRenderer.renderFile (file:///opt/homebrew/lib/node_modules/markbind-cli/node_modules/@markbind/core/src/variables/VariableRenderer.js:44:24)
    at VariableProcessor.renderWithSiteVariables (file:///opt/homebrew/lib/node_modules/markbind-cli/node_modules/@markbind/core/src/variables/VariableProcessor.js:125:57)
    at VariableProcessor.renderIncludeFile (file:///opt/homebrew/lib/node_modules/markbind-cli/node_modules/@markbind/core/src/variables/VariableProcessor.js:202:38)
2026-09-23T09:41:56.423Z - [31merror[39m: Template render error: (/Users/damithch/Repos/git-mastery/git-mastery.github.io/lessons/trail/managingProjects/text.md) [Line 27, Column 203]
  Template render error: (/Users/damithch/Repos/git-mastery/git-mastery.github.io/lessons/trail/managingProjects/text.md) [Line 853, Column 44]
  Error: Unable to call `show_previous_link`, which is undefined or falsey
    at Object._prettifyError (/opt/homebrew/lib/node_modules/markbind-cli/node_modules/nunjucks/src/lib.js:32:11)
    at file:///opt/homebrew/lib/node_modules/markbind-cli/node_modules/@markbind/core/src/patches/nunjucks/context-overrides-frame.js:336:23
    at Template.root [as rootRenderFunc] (eval at _compile (/opt/homebrew/lib/node_modules/markbind-cli/node_modules/nunjucks/src/environment.js:527:18), <anonymous>:76:3)
    at Template.render (file:///opt/homebrew/lib/node_modules/markbind-cli/node_modules/@markbind/core/src/patches/nunjucks/context-overrides-frame.js:326:10)
    at file:///opt/homebrew/lib/node_modules/markbind-cli/node_modules/@markbind/core/src/patches/nunjucks/context-overrides-frame.js:55:31
    at Environment.getTemplate (file:///opt/homebrew/lib/node_modules/markbind-cli/node_modules/@markbind/core/src/patches/nunjucks/load-event.js:78:13)
    at Environment.render (file:///opt/homebrew/lib/node_modules/markbind-cli/node_modules/@markbind/core/src/patches/nunjucks/context-overrides-frame.js:47:10)
    at VariableRenderer.renderFile (file:///opt/homebrew/lib/node_modules/markbind-cli/node_modules/@markbind/core/src/variables/VariableRenderer.js:44:24)
    at VariableProcessor.renderWithSiteVariables (file:///opt/homebrew/lib/node_modules/markbind-cli/node_modules/@markbind/core/src/variables/VariableProcessor.js:125:57)
    at VariableProcessor.renderIncludeFile (file:///opt/homebrew/lib/node_modules/markbind-cli/node_modules/@markbind/core/src/variables/VariableProcessor.js:202:38)
2026-09-23T09:41:56.429Z - [36mverbose[39m: Rendering page: /Users/damithch/Repos/git-mastery/git-mastery.github.io/lessons/trail/remoteBranches/end.md
2026-09-23T09:41:56.437Z - [31merror[39m: Template render error: (/Users/damithch/Repos/git-mastery/git-mastery.github.io/lessons/trail/fineTuningHistory/text.md) [Line 24, Column 215]
  Template render error: (/Users/damithch/Repos/git-mastery/git-mastery.github.io/lessons/trail/fineTuningHistory/text.md) [Line 853, Column 44]
  Error: Unable to call `show_previous_link`, which is undefined or falsey
    at Object._prettifyError (/opt/homebrew/lib/node_modules/markbind-cli/node_modules/nunjucks/src/lib.js:32:11)
    at file:///opt/homebrew/lib/node_modules/markbind-cli/node_modules/@markbind/core/src/patches/nunjucks/context-overrides-frame.js:336:23
    at Template.root [as rootRenderFunc] (eval at _compile (/opt/homebrew/lib/node_modules/markbind-cli/node_modules/nunjucks/src/environment.js:527:18), <anonymous>:79:3)
    at Template.render (file:///opt/homebrew/lib/node_modules/markbind-cli/node_modules/@markbind/core/src/patches/nunjucks/context-overrides-frame.js:326:10)
    at file:///opt/homebrew/lib/node_modules/markbind-cli/node_modules/@markbind/core/src/patches/nunjucks/context-overrides-frame.js:55:31
    at createTemplate (file:///opt/homebrew/lib/node_modules/markbind-cli/node_modules/@markbind/core/src/patches/nunjucks/load-event.js:110:13)
    at handle (file:///opt/homebrew/lib/node_modules/markbind-cli/node_modules/@markbind/core/src/patches/nunjucks/load-event.js:123:17)
    at file:///opt/homebrew/lib/node_modules/markbind-cli/node_modules/@markbind/core/src/patches/nunjucks/load-event.js:134:13
    at next (/opt/homebrew/lib/node_modules/markbind-cli/node_modules/nunjucks/src/lib.js:258:7)
    at Object.asyncIter (/opt/homebrew/lib/node_modules/markbind-cli/node_modules/nunjucks/src/lib.js:263:3)
2026-09-23T09:41:56.439Z - [31merror[39m: Template render error: (/Users/damithch/Repos/git-mastery/git-mastery.github.io/lessons/trail/fineTuningHistory/text.md) [Line 24, Column 215]
  Template render error: (/Users/damithch/Repos/git-mastery/git-mastery.github.io/lessons/trail/fineTuningHistory/text.md) [Line 853, Column 44]
  Error: Unable to call `show_previous_link`, which is undefined or falsey
    at Object._prettifyError (/opt/homebrew/lib/node_modules/markbind-cli/node_modules/nunjucks/src/lib.js:32:11)
    at file:///opt/homebrew/lib/node_modules/markbind-cli/node_modules/@markbind/core/src/patches/nunjucks/context-overrides-frame.js:336:23
    at Template.root [as rootRenderFunc] (eval at _compile (/opt/homebrew/lib/node_modules/markbind-cli/node_modules/nunjucks/src/environment.js:527:18), <anonymous>:79:3)
    at Template.render (file:///opt/homebrew/lib/node_modules/markbind-cli/node_modules/@markbind/core/src/patches/nunjucks/context-overrides-frame.js:326:10)
    at file:///opt/homebrew/lib/node_modules/markbind-cli/node_modules/@markbind/core/src/patches/nunjucks/context-overrides-frame.js:55:31
    at Environment.getTemplate (file:///opt/homebrew/lib/node_modules/markbind-cli/node_modules/@markbind/core/src/patches/nunjucks/load-event.js:78:13)
    at Environment.render (file:///opt/homebrew/lib/node_modules/markbind-cli/node_modules/@markbind/core/src/patches/nunjucks/context-overrides-frame.js:47:10)
    at VariableRenderer.renderFile (file:///opt/homebrew/lib/node_modules/markbind-cli/node_modules/@markbind/core/src/variables/VariableRenderer.js:44:24)
    at VariableProcessor.renderWithSiteVariables (file:///opt/homebrew/lib/node_modules/markbind-cli/node_modules/@markbind/core/src/variables/VariableProcessor.js:125:57)
    at VariableProcessor.renderIncludeFile (file:///opt/homebrew/lib/node_modules/markbind-cli/node_modules/@markbind/core/src/variables/VariableProcessor.js:202:38)
2026-09-23T09:41:56.440Z - [31merror[39m: Template render error: (/Users/damithch/Repos/git-mastery/git-mastery.github.io/lessons/trail/fineTuningHistory/text.md) [Line 24, Column 215]
  Template render error: (/Users/damithch/Repos/git-mastery/git-mastery.github.io/lessons/trail/fineTuningHistory/text.md) [Line 853, Column 44]
  Error: Unable to call `show_previous_link`, which is undefined or falsey
    at Object._prettifyError (/opt/homebrew/lib/node_modules/markbind-cli/node_modules/nunjucks/src/lib.js:32:11)
    at file:///opt/homebrew/lib/node_modules/markbind-cli/node_modules/@markbind/core/src/patches/nunjucks/context-overrides-frame.js:336:23
    at Template.root [as rootRenderFunc] (eval at _compile (/opt/homebrew/lib/node_modules/markbind-cli/node_modules/nunjucks/src/environment.js:527:18), <anonymous>:79:3)
    at Template.render (file:///opt/homebrew/lib/node_modules/markbind-cli/node_modules/@markbind/core/src/patches/nunjucks/context-overrides-frame.js:326:10)
    at file:///opt/homebrew/lib/node_modules/markbind-cli/node_modules/@markbind/core/src/patches/nunjucks/context-overrides-frame.js:55:31
    at Environment.getTemplate (file:///opt/homebrew/lib/node_modules/markbind-cli/node_modules/@markbind/core/src/patches/nunjucks/load-event.js:78:13)
    at Environment.render (file:///opt/homebrew/lib/node_modules/markbind-cli/node_modules/@markbind/core/src/patches/nunjucks/context-overrides-frame.js:47:10)
    at VariableRenderer.renderFile (file:///opt/homebrew/lib/node_modules/markbind-cli/node_modules/@markbind/core/src/variables/VariableRenderer.js:44:24)
    at VariableProcessor.renderWithSiteVariables (file:///opt/homebrew/lib/node_modules/markbind-cli/node_modules/@markbind/core/src/variables/VariableProcessor.js:125:57)
    at VariableProcessor.renderIncludeFile (file:///opt/homebrew/lib/node_modules/markbind-cli/node_modules/@markbind/core/src/variables/VariableProcessor.js:202:38)
2026-09-23T09:41:56.440Z - [31merror[39m: Template render error: (/Users/damithch/Repos/git-mastery/git-mastery.github.io/lessons/trail/fineTuningHistory/text.md) [Line 24, Column 215]
  Template render error: (/Users/damithch/Repos/git-mastery/git-mastery.github.io/lessons/trail/fineTuningHistory/text.md) [Line 853, Column 44]
  Error: Unable to call `show_previous_link`, which is undefined or falsey
    at Object._prettifyError (/opt/homebrew/lib/node_modules/markbind-cli/node_modules/nunjucks/src/lib.js:32:11)
    at file:///opt/homebrew/lib/node_modules/markbind-cli/node_modules/@markbind/core/src/patches/nunjucks/context-overrides-frame.js:336:23
    at Template.root [as rootRenderFunc] (eval at _compile (/opt/homebrew/lib/node_modules/markbind-cli/node_modules/nunjucks/src/environment.js:527:18), <anonymous>:79:3)
    at Template.render (file:///opt/homebrew/lib/node_modules/markbind-cli/node_modules/@markbind/core/src/patches/nunjucks/context-overrides-frame.js:326:10)
    at file:///opt/homebrew/lib/node_modules/markbind-cli/node_modules/@markbind/core/src/patches/nunjucks/context-overrides-frame.js:55:31
    at Environment.getTemplate (file:///opt/homebrew/lib/node_modules/markbind-cli/node_modules/@markbind/core/src/patches/nunjucks/load-event.js:78:13)
    at Environment.render (file:///opt/homebrew/lib/node_modules/markbind-cli/node_modules/@markbind/core/src/patches/nunjucks/context-overrides-frame.js:47:10)
    at VariableRenderer.renderFile (file:///opt/homebrew/lib/node_modules/markbind-cli/node_modules/@markbind/core/src/variables/VariableRenderer.js:44:24)
    at VariableProcessor.renderWithSiteVariables (file:///opt/homebrew/lib/node_modules/markbind-cli/node_modules/@markbind/core/src/variables/VariableProcessor.js:125:57)
    at VariableProcessor.renderIncludeFile (file:///opt/homebrew/lib/node_modules/markbind-cli/node_modules/@markbind/core/src/variables/VariableProcessor.js:202:38)
2026-09-23T09:41:56.448Z - [36mverbose[39m: Rendering page: /Users/damithch/Repos/git-mastery/git-mastery.github.io/lessons/trail/recordingFolderHistory/end.md
2026-09-23T09:41:56.455Z - [31merror[39m: Template render error: (/Users/damithch/Repos/git-mastery/git-mastery.github.io/lessons/trail/branchingLocally/text.md) [Line 24, Column 203]
  Template render error: (/Users/damithch/Repos/git-mastery/git-mastery.github.io/lessons/trail/branchingLocally/text.md) [Line 853, Column 44]
  Error: Unable to call `show_previous_link`, which is undefined or falsey
    at Object._prettifyError (/opt/homebrew/lib/node_modules/markbind-cli/node_modules/nunjucks/src/lib.js:32:11)
    at file:///opt/homebrew/lib/node_modules/markbind-cli/node_modules/@markbind/core/src/patches/nunjucks/context-overrides-frame.js:336:23
    at Template.root [as rootRenderFunc] (eval at _compile (/opt/homebrew/lib/node_modules/markbind-cli/node_modules/nunjucks/src/environment.js:527:18), <anonymous>:79:3)
    at Template.render (file:///opt/homebrew/lib/node_modules/markbind-cli/node_modules/@markbind/core/src/patches/nunjucks/context-overrides-frame.js:326:10)
    at file:///opt/homebrew/lib/node_modules/markbind-cli/node_modules/@markbind/core/src/patches/nunjucks/context-overrides-frame.js:55:31
    at createTemplate (file:///opt/homebrew/lib/node_modules/markbind-cli/node_modules/@markbind/core/src/patches/nunjucks/load-event.js:110:13)
    at handle (file:///opt/homebrew/lib/node_modules/markbind-cli/node_modules/@markbind/core/src/patches/nunjucks/load-event.js:123:17)
    at file:///opt/homebrew/lib/node_modules/markbind-cli/node_modules/@markbind/core/src/patches/nunjucks/load-event.js:134:13
    at next (/opt/homebrew/lib/node_modules/markbind-cli/node_modules/nunjucks/src/lib.js:258:7)
    at Object.asyncIter (/opt/homebrew/lib/node_modules/markbind-cli/node_modules/nunjucks/src/lib.js:263:3)
2026-09-23T09:41:56.456Z - [31merror[39m: Template render error: (/Users/damithch/Repos/git-mastery/git-mastery.github.io/lessons/trail/branchingLocally/text.md) [Line 24, Column 203]
  Template render error: (/Users/damithch/Repos/git-mastery/git-mastery.github.io/lessons/trail/branchingLocally/text.md) [Line 853, Column 44]
  Error: Unable to call `show_previous_link`, which is undefined or falsey
    at Object._prettifyError (/opt/homebrew/lib/node_modules/markbind-cli/node_modules/nunjucks/src/lib.js:32:11)
    at file:///opt/homebrew/lib/node_modules/markbind-cli/node_modules/@markbind/core/src/patches/nunjucks/context-overrides-frame.js:336:23
    at Template.root [as rootRenderFunc] (eval at _compile (/opt/homebrew/lib/node_modules/markbind-cli/node_modules/nunjucks/src/environment.js:527:18), <anonymous>:79:3)
    at Template.render (file:///opt/homebrew/lib/node_modules/markbind-cli/node_modules/@markbind/core/src/patches/nunjucks/context-overrides-frame.js:326:10)
    at file:///opt/homebrew/lib/node_modules/markbind-cli/node_modules/@markbind/core/src/patches/nunjucks/context-overrides-frame.js:55:31
    at Environment.getTemplate (file:///opt/homebrew/lib/node_modules/markbind-cli/node_modules/@markbind/core/src/patches/nunjucks/load-event.js:78:13)
    at Environment.render (file:///opt/homebrew/lib/node_modules/markbind-cli/node_modules/@markbind/core/src/patches/nunjucks/context-overrides-frame.js:47:10)
    at VariableRenderer.renderFile (file:///opt/homebrew/lib/node_modules/markbind-cli/node_modules/@markbind/core/src/variables/VariableRenderer.js:44:24)
    at VariableProcessor.renderWithSiteVariables (file:///opt/homebrew/lib/node_modules/markbind-cli/node_modules/@markbind/core/src/variables/VariableProcessor.js:125:57)
    at VariableProcessor.renderIncludeFile (file:///opt/homebrew/lib/node_modules/markbind-cli/node_modules/@markbind/core/src/variables/VariableProcessor.js:202:38)
2026-09-23T09:41:56.456Z - [31merror[39m: Template render error: (/Users/damithch/Repos/git-mastery/git-mastery.github.io/lessons/trail/branchingLocally/text.md) [Line 24, Column 203]
  Template render error: (/Users/damithch/Repos/git-mastery/git-mastery.github.io/lessons/trail/branchingLocally/text.md) [Line 853, Column 44]
  Error: Unable to call `show_previous_link`, which is undefined or falsey
    at Object._prettifyError (/opt/homebrew/lib/node_modules/markbind-cli/node_modules/nunjucks/src/lib.js:32:11)
    at file:///opt/homebrew/lib/node_modules/markbind-cli/node_modules/@markbind/core/src/patches/nunjucks/context-overrides-frame.js:336:23
    at Template.root [as rootRenderFunc] (eval at _compile (/opt/homebrew/lib/node_modules/markbind-cli/node_modules/nunjucks/src/environment.js:527:18), <anonymous>:79:3)
    at Template.render (file:///opt/homebrew/lib/node_modules/markbind-cli/node_modules/@markbind/core/src/patches/nunjucks/context-overrides-frame.js:326:10)
    at file:///opt/homebrew/lib/node_modules/markbind-cli/node_modules/@markbind/core/src/patches/nunjucks/context-overrides-frame.js:55:31
    at Environment.getTemplate (file:///opt/homebrew/lib/node_modules/markbind-cli/node_modules/@markbind/core/src/patches/nunjucks/load-event.js:78:13)
    at Environment.render (file:///opt/homebrew/lib/node_modules/markbind-cli/node_modules/@markbind/core/src/patches/nunjucks/context-overrides-frame.js:47:10)
    at VariableRenderer.renderFile (file:///opt/homebrew/lib/node_modules/markbind-cli/node_modules/@markbind/core/src/variables/VariableRenderer.js:44:24)
    at VariableProcessor.renderWithSiteVariables (file:///opt/homebrew/lib/node_modules/markbind-cli/node_modules/@markbind/core/src/variables/VariableProcessor.js:125:57)
    at VariableProcessor.renderIncludeFile (file:///opt/homebrew/lib/node_modules/markbind-cli/node_modules/@markbind/core/src/variables/VariableProcessor.js:202:38)
2026-09-23T09:41:56.456Z - [31merror[39m: Template render error: (/Users/damithch/Repos/git-mastery/git-mastery.github.io/lessons/trail/branchingLocally/text.md) [Line 24, Column 203]
  Template render error: (/Users/damithch/Repos/git-mastery/git-mastery.github.io/lessons/trail/branchingLocally/text.md) [Line 853, Column 44]
  Error: Unable to call `show_previous_link`, which is undefined or falsey
    at Object._prettifyError (/opt/homebrew/lib/node_modules/markbind-cli/node_modules/nunjucks/src/lib.js:32:11)
    at file:///opt/homebrew/lib/node_modules/markbind-cli/node_modules/@markbind/core/src/patches/nunjucks/context-overrides-frame.js:336:23
    at Template.root [as rootRenderFunc] (eval at _compile (/opt/homebrew/lib/node_modules/markbind-cli/node_modules/nunjucks/src/environment.js:527:18), <anonymous>:79:3)
    at Template.render (file:///opt/homebrew/lib/node_modules/markbind-cli/node_modules/@markbind/core/src/patches/nunjucks/context-overrides-frame.js:326:10)
    at file:///opt/homebrew/lib/node_modules/markbind-cli/node_modules/@markbind/core/src/patches/nunjucks/context-overrides-frame.js:55:31
    at Environment.getTemplate (file:///opt/homebrew/lib/node_modules/markbind-cli/node_modules/@markbind/core/src/patches/nunjucks/load-event.js:78:13)
    at Environment.render (file:///opt/homebrew/lib/node_modules/markbind-cli/node_modules/@markbind/core/src/patches/nunjucks/context-overrides-frame.js:47:10)
    at VariableRenderer.renderFile (file:///opt/homebrew/lib/node_modules/markbind-cli/node_modules/@markbind/core/src/variables/VariableRenderer.js:44:24)
    at VariableProcessor.renderWithSiteVariables (file:///opt/homebrew/lib/node_modules/markbind-cli/node_modules/@markbind/core/src/variables/VariableProcessor.js:125:57)
    at VariableProcessor.renderIncludeFile (file:///opt/homebrew/lib/node_modules/markbind-cli/node_modules/@markbind/core/src/variables/VariableProcessor.js:202:38)
2026-09-23T09:41:56.466Z - [36mverbose[39m: Rendering page: /Users/damithch/Repos/git-mastery/git-mastery.github.io/lessons/trail/managingProjects/end.md
2026-09-23T09:41:56.487Z - [36mverbose[39m: Rendering page: /Users/damithch/Repos/git-mastery/git-mastery.github.io/lessons/trail/fineTuningHistory/end.md
2026-09-23T09:41:56.493Z - [36mverbose[39m: Rendering page: /Users/damithch/Repos/git-mastery/git-mastery.github.io/lessons/trail/branchingLocally/end.md
2026-09-23T09:41:56.888Z - [36mverbose[39m: Rendering page: /Users/damithch/Repos/git-mastery/git-mastery.github.io/lessons/trail/backingUpOnCloud/end.md
2026-09-23T09:41:57.769Z - [36mverbose[39m: Rendering page: /Users/damithch/Repos/git-mastery/git-mastery.github.io/lessons/trail/workingWithRemotes/all.md
2026-09-23T09:41:57.885Z - [36mverbose[39m: Rendering page: /Users/damithch/Repos/git-mastery/git-mastery.github.io/lessons/trail/workingWithPrs/all.md
2026-09-23T09:41:57.912Z - [36mverbose[39m: Rendering page: /Users/damithch/Repos/git-mastery/git-mastery.github.io/lessons/trail/usingRevisionHistory/all.md
2026-09-23T09:41:58.208Z - [36mverbose[39m: Rendering page: /Users/damithch/Repos/git-mastery/git-mastery.github.io/lessons/trail/syncingBranches/all.md
2026-09-23T09:41:58.737Z - [36mverbose[39m: Rendering page: /Users/damithch/Repos/git-mastery/git-mastery.github.io/lessons/trail/remoteBranches/all.md
2026-09-23T09:41:58.837Z - [36mverbose[39m: Rendering page: /Users/damithch/Repos/git-mastery/git-mastery.github.io/lessons/trail/recordingFolderHistory/all.md
2026-09-23T09:41:58.890Z - [36mverbose[39m: Rendering page: /Users/damithch/Repos/git-mastery/git-mastery.github.io/lessons/trail/managingProjects/all.md
2026-09-23T09:41:59.626Z - [36mverbose[39m: Rendering page: /Users/damithch/Repos/git-mastery/git-mastery.github.io/lessons/trail/fineTuningHistory/all.md
2026-09-23T09:42:02.928Z - [36mverbose[39m: Rendering page: /Users/damithch/Repos/git-mastery/git-mastery.github.io/lessons/trail/branchingLocally/all.md
2026-09-23T09:42:03.005Z - [36mverbose[39m: Rendering page: /Users/damithch/Repos/git-mastery/git-mastery.github.io/lessons/trail/backingUpOnCloud/all.md
2026-09-23T09:42:03.054Z - [36mverbose[39m: Rendering page: /Users/damithch/Repos/git-mastery/git-mastery.github.io/lessons/trail/all.md
2026-09-23T09:42:03.307Z - [36mverbose[39m: Rendering page: /Users/damithch/Repos/git-mastery/git-mastery.github.io/lessons/tag/exercise-tags-update.md
2026-09-23T09:42:03.310Z - [36mverbose[39m: Rendering page: /Users/damithch/Repos/git-mastery/git-mastery.github.io/lessons/tag/exercise-tags-push.md
2026-09-23T09:42:03.320Z - [36mverbose[39m: Rendering page: /Users/damithch/Repos/git-mastery/git-mastery.github.io/lessons/tag/exercise-tags-add.md
2026-09-23T09:42:03.331Z - [36mverbose[39m: Rendering page: /Users/damithch/Repos/git-mastery/git-mastery.github.io/lessons/stage/exercise-stage-fright.md
2026-09-23T09:42:03.353Z - [36mverbose[39m: Rendering page: /Users/damithch/Repos/git-mastery/git-mastery.github.io/lessons/setRemote/exercise-link-me.md
2026-09-23T09:42:03.355Z - [36mverbose[39m: Rendering page: /Users/damithch/Repos/git-mastery/git-mastery.github.io/lessons/show/exercise-view-commits.md
2026-09-23T09:42:03.369Z - [36mverbose[39m: Rendering page: /Users/damithch/Repos/git-mastery/git-mastery.github.io/lessons/revert/exercise-sensors-revert.md
2026-09-23T09:42:03.371Z - [36mverbose[39m: Rendering page: /Users/damithch/Repos/git-mastery/git-mastery.github.io/lessons/reset/exercise-sensors-reset.md
2026-09-23T09:42:03.416Z - [36mverbose[39m: Rendering page: /Users/damithch/Repos/git-mastery/git-mastery.github.io/lessons/remoteBranchRename/exercise-remote-branch-rename.md
2026-09-23T09:42:03.419Z - [36mverbose[39m: Rendering page: /Users/damithch/Repos/git-mastery/git-mastery.github.io/lessons/remoteBranchRename/exercise-glossary-branch-rename.md
2026-09-23T09:42:03.421Z - [36mverbose[39m: Rendering page: /Users/damithch/Repos/git-mastery/git-mastery.github.io/lessons/remoteBranchPull/exercise-glossary-branch-pull.md
2026-09-23T09:42:03.423Z - [36mverbose[39m: Rendering page: /Users/damithch/Repos/git-mastery/git-mastery.github.io/lessons/remoteBranchPush/exercise-glossary-branch-push.md
2026-09-23T09:42:03.473Z - [36mverbose[39m: Rendering page: /Users/damithch/Repos/git-mastery/git-mastery.github.io/lessons/remoteBranchDelete/exercise-glossary-branch-delete.md
2026-09-23T09:42:03.476Z - [36mverbose[39m: Rendering page: /Users/damithch/Repos/git-mastery/git-mastery.github.io/lessons/push/exercise-push-over.md
2026-09-23T09:42:03.478Z - [36mverbose[39m: Rendering page: /Users/damithch/Repos/git-mastery/git-mastery.github.io/lessons/pull/exercise-fetch-and-pull.md
2026-09-23T09:42:03.480Z - [36mverbose[39m: Rendering page: /Users/damithch/Repos/git-mastery/git-mastery.github.io/lessons/prsCreate/exercise-create-pr-from-main.md
2026-09-23T09:42:03.521Z - [36mverbose[39m: Rendering page: /Users/damithch/Repos/git-mastery/git-mastery.github.io/lessons/merge/exercise-merge-undo.md
2026-09-23T09:42:03.524Z - [36mverbose[39m: Rendering page: /Users/damithch/Repos/git-mastery/git-mastery.github.io/lessons/mergeConflicts/exercise-conflict-mediator.md
2026-09-23T09:42:03.526Z - [36mverbose[39m: Rendering page: /Users/damithch/Repos/git-mastery/git-mastery.github.io/lessons/merge/exercise-merge-squash.md
2026-09-23T09:42:03.528Z - [36mverbose[39m: Rendering page: /Users/damithch/Repos/git-mastery/git-mastery.github.io/lessons/merge/exercise-ff-undo.md
2026-09-23T09:42:03.562Z - [36mverbose[39m: Rendering page: /Users/damithch/Repos/git-mastery/git-mastery.github.io/lessons/merge/exercise-branch-forward.md
2026-09-23T09:42:03.565Z - [36mverbose[39m: Rendering page: /Users/damithch/Repos/git-mastery/git-mastery.github.io/lessons/merge/exercise-branch-compare.md
2026-09-23T09:42:03.568Z - [36mverbose[39m: Rendering page: /Users/damithch/Repos/git-mastery/git-mastery.github.io/lessons/merge/exercise-branch-bender.md
2026-09-23T09:42:03.571Z - [36mverbose[39m: Rendering page: /Users/damithch/Repos/git-mastery/git-mastery.github.io/lessons/log/exercise-log-and-order.md
2026-09-23T09:42:03.606Z - [36mverbose[39m: Rendering page: /Users/damithch/Repos/git-mastery/git-mastery.github.io/lessons/init/exercise-undo-init.md
2026-09-23T09:42:03.611Z - [36mverbose[39m: Rendering page: /Users/damithch/Repos/git-mastery/git-mastery.github.io/lessons/init/exercise-under-control.md
2026-09-23T09:42:03.616Z - [36mverbose[39m: Rendering page: /Users/damithch/Repos/git-mastery/git-mastery.github.io/lessons/ignore/exercise-ignoring-somethings.md
2026-09-23T09:42:03.618Z - [36mverbose[39m: Rendering page: /Users/damithch/Repos/git-mastery/git-mastery.github.io/lessons/fork/exercise-fork-repo.md
2026-09-23T09:42:03.680Z - [36mverbose[39m: Rendering page: /Users/damithch/Repos/git-mastery/git-mastery.github.io/lessons/diff/exercise-sensors-diff.md
2026-09-23T09:42:03.702Z - [36mverbose[39m: Rendering page: /Users/damithch/Repos/git-mastery/git-mastery.github.io/lessons/createRemoteRepo/exercise-remote-control.md
2026-09-23T09:42:03.731Z - [36mverbose[39m: Rendering page: /Users/damithch/Repos/git-mastery/git-mastery.github.io/lessons/commit/exercise-staging-intervention.md
2026-09-23T09:42:03.780Z - [36mverbose[39m: Rendering page: /Users/damithch/Repos/git-mastery/git-mastery.github.io/lessons/commit/exercise-grocery-shopping.md
2026-09-23T09:42:03.863Z - [36mverbose[39m: Rendering page: /Users/damithch/Repos/git-mastery/git-mastery.github.io/lessons/checkout/exercise-sensors-checkout.md
2026-09-23T09:42:03.866Z - [36mverbose[39m: Rendering page: /Users/damithch/Repos/git-mastery/git-mastery.github.io/lessons/clone/exercise-clone-repo.md
2026-09-23T09:42:03.871Z - [36mverbose[39m: Rendering page: /Users/damithch/Repos/git-mastery/git-mastery.github.io/lessons/branchRename/exercise-branch-rename.md
2026-09-23T09:42:03.873Z - [36mverbose[39m: Rendering page: /Users/damithch/Repos/git-mastery/git-mastery.github.io/lessons/branchDelete/exercise-mix-messy-graph.md
2026-09-23T09:42:03.918Z - [36mverbose[39m: Rendering page: /Users/damithch/Repos/git-mastery/git-mastery.github.io/lessons/branchDelete/exercise-mix-messy-docs.md
2026-09-23T09:42:03.922Z - [36mverbose[39m: Rendering page: /Users/damithch/Repos/git-mastery/git-mastery.github.io/lessons/branchDelete/exercise-branch-delete.md
2026-09-23T09:42:03.925Z - [36mverbose[39m: Rendering page: /Users/damithch/Repos/git-mastery/git-mastery.github.io/lessons/branch/exercise-branch-previous.md
2026-09-23T09:42:03.927Z - [36mverbose[39m: Rendering page: /Users/damithch/Repos/git-mastery/git-mastery.github.io/lessons/branch/exercise-side-track.md
2026-09-23T09:42:04.011Z - [36mverbose[39m: Rendering page: /Users/damithch/Repos/git-mastery/git-mastery.github.io/versions/cs2113/index.md
2026-09-23T09:42:04.012Z - [36mverbose[39m: Rendering page: /Users/damithch/Repos/git-mastery/git-mastery.github.io/versions/cs2103/index.md
2026-09-23T09:42:04.014Z - [36mverbose[39m: Rendering page: /Users/damithch/Repos/git-mastery/git-mastery.github.io/lessons/worktrees/index.md
2026-09-23T09:42:04.025Z - [31merror[39m: Template render error: (/Users/damithch/Repos/git-mastery/git-mastery.github.io/lessons/trail/workingWithRemotes/text.md) [Line 34, Column 43]
  Template render error: (/Users/damithch/Repos/git-mastery/git-mastery.github.io/lessons/trail/workingWithRemotes/text.md) [Line 748, Column 193]
  Error: Unable to call `show_previous_link`, which is undefined or falsey
    at Object._prettifyError (/opt/homebrew/lib/node_modules/markbind-cli/node_modules/nunjucks/src/lib.js:32:11)
    at file:///opt/homebrew/lib/node_modules/markbind-cli/node_modules/@markbind/core/src/patches/nunjucks/context-overrides-frame.js:336:23
    at Template.root [as rootRenderFunc] (eval at _compile (/opt/homebrew/lib/node_modules/markbind-cli/node_modules/nunjucks/src/environment.js:527:18), <anonymous>:79:3)
    at Template.render (file:///opt/homebrew/lib/node_modules/markbind-cli/node_modules/@markbind/core/src/patches/nunjucks/context-overrides-frame.js:326:10)
    at file:///opt/homebrew/lib/node_modules/markbind-cli/node_modules/@markbind/core/src/patches/nunjucks/context-overrides-frame.js:55:31
    at Environment.getTemplate (file:///opt/homebrew/lib/node_modules/markbind-cli/node_modules/@markbind/core/src/patches/nunjucks/load-event.js:78:13)
    at Environment.render (file:///opt/homebrew/lib/node_modules/markbind-cli/node_modules/@markbind/core/src/patches/nunjucks/context-overrides-frame.js:47:10)
    at VariableRenderer.renderFile (file:///opt/homebrew/lib/node_modules/markbind-cli/node_modules/@markbind/core/src/variables/VariableRenderer.js:44:24)
    at VariableProcessor.renderWithSiteVariables (file:///opt/homebrew/lib/node_modules/markbind-cli/node_modules/@markbind/core/src/variables/VariableProcessor.js:125:57)
    at VariableProcessor.renderIncludeFile (file:///opt/homebrew/lib/node_modules/markbind-cli/node_modules/@markbind/core/src/variables/VariableProcessor.js:202:38)
2026-09-23T09:42:04.026Z - [31merror[39m: Template render error: (/Users/damithch/Repos/git-mastery/git-mastery.github.io/lessons/trail/workingWithRemotes/text.md) [Line 34, Column 43]
  Template render error: (/Users/damithch/Repos/git-mastery/git-mastery.github.io/lessons/trail/workingWithRemotes/text.md) [Line 748, Column 193]
  Error: Unable to call `show_previous_link`, which is undefined or falsey
    at Object._prettifyError (/opt/homebrew/lib/node_modules/markbind-cli/node_modules/nunjucks/src/lib.js:32:11)
    at file:///opt/homebrew/lib/node_modules/markbind-cli/node_modules/@markbind/core/src/patches/nunjucks/context-overrides-frame.js:336:23
    at Template.root [as rootRenderFunc] (eval at _compile (/opt/homebrew/lib/node_modules/markbind-cli/node_modules/nunjucks/src/environment.js:527:18), <anonymous>:79:3)
    at Template.render (file:///opt/homebrew/lib/node_modules/markbind-cli/node_modules/@markbind/core/src/patches/nunjucks/context-overrides-frame.js:326:10)
    at file:///opt/homebrew/lib/node_modules/markbind-cli/node_modules/@markbind/core/src/patches/nunjucks/context-overrides-frame.js:55:31
    at Environment.getTemplate (file:///opt/homebrew/lib/node_modules/markbind-cli/node_modules/@markbind/core/src/patches/nunjucks/load-event.js:78:13)
    at Environment.render (file:///opt/homebrew/lib/node_modules/markbind-cli/node_modules/@markbind/core/src/patches/nunjucks/context-overrides-frame.js:47:10)
    at VariableRenderer.renderFile (file:///opt/homebrew/lib/node_modules/markbind-cli/node_modules/@markbind/core/src/variables/VariableRenderer.js:44:24)
    at VariableProcessor.renderWithSiteVariables (file:///opt/homebrew/lib/node_modules/markbind-cli/node_modules/@markbind/core/src/variables/VariableProcessor.js:125:57)
    at VariableProcessor.renderIncludeFile (file:///opt/homebrew/lib/node_modules/markbind-cli/node_modules/@markbind/core/src/variables/VariableProcessor.js:202:38)
2026-09-23T09:42:04.027Z - [31merror[39m: Template render error: (/Users/damithch/Repos/git-mastery/git-mastery.github.io/lessons/trail/workingWithRemotes/text.md) [Line 34, Column 43]
  Template render error: (/Users/damithch/Repos/git-mastery/git-mastery.github.io/lessons/trail/workingWithRemotes/text.md) [Line 748, Column 193]
  Error: Unable to call `show_previous_link`, which is undefined or falsey
    at Object._prettifyError (/opt/homebrew/lib/node_modules/markbind-cli/node_modules/nunjucks/src/lib.js:32:11)
    at file:///opt/homebrew/lib/node_modules/markbind-cli/node_modules/@markbind/core/src/patches/nunjucks/context-overrides-frame.js:336:23
    at Template.root [as rootRenderFunc] (eval at _compile (/opt/homebrew/lib/node_modules/markbind-cli/node_modules/nunjucks/src/environment.js:527:18), <anonymous>:79:3)
    at Template.render (file:///opt/homebrew/lib/node_modules/markbind-cli/node_modules/@markbind/core/src/patches/nunjucks/context-overrides-frame.js:326:10)
    at file:///opt/homebrew/lib/node_modules/markbind-cli/node_modules/@markbind/core/src/patches/nunjucks/context-overrides-frame.js:55:31
    at Environment.getTemplate (file:///opt/homebrew/lib/node_modules/markbind-cli/node_modules/@markbind/core/src/patches/nunjucks/load-event.js:78:13)
    at Environment.render (file:///opt/homebrew/lib/node_modules/markbind-cli/node_modules/@markbind/core/src/patches/nunjucks/context-overrides-frame.js:47:10)
    at VariableRenderer.renderFile (file:///opt/homebrew/lib/node_modules/markbind-cli/node_modules/@markbind/core/src/variables/VariableRenderer.js:44:24)
    at VariableProcessor.renderWithSiteVariables (file:///opt/homebrew/lib/node_modules/markbind-cli/node_modules/@markbind/core/src/variables/VariableProcessor.js:125:57)
    at VariableProcessor.renderIncludeFile (file:///opt/homebrew/lib/node_modules/markbind-cli/node_modules/@markbind/core/src/variables/VariableProcessor.js:202:38)
2026-09-23T09:42:04.027Z - [31merror[39m: Template render error: (/Users/damithch/Repos/git-mastery/git-mastery.github.io/lessons/trail/workingWithRemotes/text.md) [Line 34, Column 43]
  Template render error: (/Users/damithch/Repos/git-mastery/git-mastery.github.io/lessons/trail/workingWithRemotes/text.md) [Line 748, Column 193]
  Error: Unable to call `show_previous_link`, which is undefined or falsey
    at Object._prettifyError (/opt/homebrew/lib/node_modules/markbind-cli/node_modules/nunjucks/src/lib.js:32:11)
    at file:///opt/homebrew/lib/node_modules/markbind-cli/node_modules/@markbind/core/src/patches/nunjucks/context-overrides-frame.js:336:23
    at Template.root [as rootRenderFunc] (eval at _compile (/opt/homebrew/lib/node_modules/markbind-cli/node_modules/nunjucks/src/environment.js:527:18), <anonymous>:79:3)
    at Template.render (file:///opt/homebrew/lib/node_modules/markbind-cli/node_modules/@markbind/core/src/patches/nunjucks/context-overrides-frame.js:326:10)
    at file:///opt/homebrew/lib/node_modules/markbind-cli/node_modules/@markbind/core/src/patches/nunjucks/context-overrides-frame.js:55:31
    at Environment.getTemplate (file:///opt/homebrew/lib/node_modules/markbind-cli/node_modules/@markbind/core/src/patches/nunjucks/load-event.js:78:13)
    at Environment.render (file:///opt/homebrew/lib/node_modules/markbind-cli/node_modules/@markbind/core/src/patches/nunjucks/context-overrides-frame.js:47:10)
    at VariableRenderer.renderFile (file:///opt/homebrew/lib/node_modules/markbind-cli/node_modules/@markbind/core/src/variables/VariableRenderer.js:44:24)
    at VariableProcessor.renderWithSiteVariables (file:///opt/homebrew/lib/node_modules/markbind-cli/node_modules/@markbind/core/src/variables/VariableProcessor.js:125:57)
    at VariableProcessor.renderIncludeFile (file:///opt/homebrew/lib/node_modules/markbind-cli/node_modules/@markbind/core/src/variables/VariableProcessor.js:202:38)
2026-09-23T09:42:04.035Z - [31merror[39m: Template render error: (/Users/damithch/Repos/git-mastery/git-mastery.github.io/lessons/trail/workingWithPrs/text.md) [Line 27, Column 43]
  Template render error: (/Users/damithch/Repos/git-mastery/git-mastery.github.io/lessons/trail/workingWithPrs/text.md) [Line 748, Column 193]
  Error: Unable to call `show_previous_link`, which is undefined or falsey
    at Object._prettifyError (/opt/homebrew/lib/node_modules/markbind-cli/node_modules/nunjucks/src/lib.js:32:11)
    at file:///opt/homebrew/lib/node_modules/markbind-cli/node_modules/@markbind/core/src/patches/nunjucks/context-overrides-frame.js:336:23
    at Template.root [as rootRenderFunc] (eval at _compile (/opt/homebrew/lib/node_modules/markbind-cli/node_modules/nunjucks/src/environment.js:527:18), <anonymous>:79:3)
    at Template.render (file:///opt/homebrew/lib/node_modules/markbind-cli/node_modules/@markbind/core/src/patches/nunjucks/context-overrides-frame.js:326:10)
    at file:///opt/homebrew/lib/node_modules/markbind-cli/node_modules/@markbind/core/src/patches/nunjucks/context-overrides-frame.js:55:31
    at Environment.getTemplate (file:///opt/homebrew/lib/node_modules/markbind-cli/node_modules/@markbind/core/src/patches/nunjucks/load-event.js:78:13)
    at Environment.render (file:///opt/homebrew/lib/node_modules/markbind-cli/node_modules/@markbind/core/src/patches/nunjucks/context-overrides-frame.js:47:10)
    at VariableRenderer.renderFile (file:///opt/homebrew/lib/node_modules/markbind-cli/node_modules/@markbind/core/src/variables/VariableRenderer.js:44:24)
    at VariableProcessor.renderWithSiteVariables (file:///opt/homebrew/lib/node_modules/markbind-cli/node_modules/@markbind/core/src/variables/VariableProcessor.js:125:57)
    at VariableProcessor.renderIncludeFile (file:///opt/homebrew/lib/node_modules/markbind-cli/node_modules/@markbind/core/src/variables/VariableProcessor.js:202:38)
2026-09-23T09:42:04.036Z - [31merror[39m: Template render error: (/Users/damithch/Repos/git-mastery/git-mastery.github.io/lessons/trail/workingWithPrs/text.md) [Line 27, Column 43]
  Template render error: (/Users/damithch/Repos/git-mastery/git-mastery.github.io/lessons/trail/workingWithPrs/text.md) [Line 748, Column 193]
  Error: Unable to call `show_previous_link`, which is undefined or falsey
    at Object._prettifyError (/opt/homebrew/lib/node_modules/markbind-cli/node_modules/nunjucks/src/lib.js:32:11)
    at file:///opt/homebrew/lib/node_modules/markbind-cli/node_modules/@markbind/core/src/patches/nunjucks/context-overrides-frame.js:336:23
    at Template.root [as rootRenderFunc] (eval at _compile (/opt/homebrew/lib/node_modules/markbind-cli/node_modules/nunjucks/src/environment.js:527:18), <anonymous>:79:3)
    at Template.render (file:///opt/homebrew/lib/node_modules/markbind-cli/node_modules/@markbind/core/src/patches/nunjucks/context-overrides-frame.js:326:10)
    at file:///opt/homebrew/lib/node_modules/markbind-cli/node_modules/@markbind/core/src/patches/nunjucks/context-overrides-frame.js:55:31
    at Environment.getTemplate (file:///opt/homebrew/lib/node_modules/markbind-cli/node_modules/@markbind/core/src/patches/nunjucks/load-event.js:78:13)
    at Environment.render (file:///opt/homebrew/lib/node_modules/markbind-cli/node_modules/@markbind/core/src/patches/nunjucks/context-overrides-frame.js:47:10)
    at VariableRenderer.renderFile (file:///opt/homebrew/lib/node_modules/markbind-cli/node_modules/@markbind/core/src/variables/VariableRenderer.js:44:24)
    at VariableProcessor.renderWithSiteVariables (file:///opt/homebrew/lib/node_modules/markbind-cli/node_modules/@markbind/core/src/variables/VariableProcessor.js:125:57)
    at VariableProcessor.renderIncludeFile (file:///opt/homebrew/lib/node_modules/markbind-cli/node_modules/@markbind/core/src/variables/VariableProcessor.js:202:38)
2026-09-23T09:42:04.036Z - [31merror[39m: Template render error: (/Users/damithch/Repos/git-mastery/git-mastery.github.io/lessons/trail/workingWithPrs/text.md) [Line 27, Column 43]
  Template render error: (/Users/damithch/Repos/git-mastery/git-mastery.github.io/lessons/trail/workingWithPrs/text.md) [Line 748, Column 193]
  Error: Unable to call `show_previous_link`, which is undefined or falsey
    at Object._prettifyError (/opt/homebrew/lib/node_modules/markbind-cli/node_modules/nunjucks/src/lib.js:32:11)
    at file:///opt/homebrew/lib/node_modules/markbind-cli/node_modules/@markbind/core/src/patches/nunjucks/context-overrides-frame.js:336:23
    at Template.root [as rootRenderFunc] (eval at _compile (/opt/homebrew/lib/node_modules/markbind-cli/node_modules/nunjucks/src/environment.js:527:18), <anonymous>:79:3)
    at Template.render (file:///opt/homebrew/lib/node_modules/markbind-cli/node_modules/@markbind/core/src/patches/nunjucks/context-overrides-frame.js:326:10)
    at file:///opt/homebrew/lib/node_modules/markbind-cli/node_modules/@markbind/core/src/patches/nunjucks/context-overrides-frame.js:55:31
    at Environment.getTemplate (file:///opt/homebrew/lib/node_modules/markbind-cli/node_modules/@markbind/core/src/patches/nunjucks/load-event.js:78:13)
    at Environment.render (file:///opt/homebrew/lib/node_modules/markbind-cli/node_modules/@markbind/core/src/patches/nunjucks/context-overrides-frame.js:47:10)
    at VariableRenderer.renderFile (file:///opt/homebrew/lib/node_modules/markbind-cli/node_modules/@markbind/core/src/variables/VariableRenderer.js:44:24)
    at VariableProcessor.renderWithSiteVariables (file:///opt/homebrew/lib/node_modules/markbind-cli/node_modules/@markbind/core/src/variables/VariableProcessor.js:125:57)
    at VariableProcessor.renderIncludeFile (file:///opt/homebrew/lib/node_modules/markbind-cli/node_modules/@markbind/core/src/variables/VariableProcessor.js:202:38)
2026-09-23T09:42:04.037Z - [31merror[39m: Template render error: (/Users/damithch/Repos/git-mastery/git-mastery.github.io/lessons/trail/workingWithPrs/text.md) [Line 27, Column 43]
  Template render error: (/Users/damithch/Repos/git-mastery/git-mastery.github.io/lessons/trail/workingWithPrs/text.md) [Line 748, Column 193]
  Error: Unable to call `show_previous_link`, which is undefined or falsey
    at Object._prettifyError (/opt/homebrew/lib/node_modules/markbind-cli/node_modules/nunjucks/src/lib.js:32:11)
    at file:///opt/homebrew/lib/node_modules/markbind-cli/node_modules/@markbind/core/src/patches/nunjucks/context-overrides-frame.js:336:23
    at Template.root [as rootRenderFunc] (eval at _compile (/opt/homebrew/lib/node_modules/markbind-cli/node_modules/nunjucks/src/environment.js:527:18), <anonymous>:79:3)
    at Template.render (file:///opt/homebrew/lib/node_modules/markbind-cli/node_modules/@markbind/core/src/patches/nunjucks/context-overrides-frame.js:326:10)
    at file:///opt/homebrew/lib/node_modules/markbind-cli/node_modules/@markbind/core/src/patches/nunjucks/context-overrides-frame.js:55:31
    at Environment.getTemplate (file:///opt/homebrew/lib/node_modules/markbind-cli/node_modules/@markbind/core/src/patches/nunjucks/load-event.js:78:13)
    at Environment.render (file:///opt/homebrew/lib/node_modules/markbind-cli/node_modules/@markbind/core/src/patches/nunjucks/context-overrides-frame.js:47:10)
    at VariableRenderer.renderFile (file:///opt/homebrew/lib/node_modules/markbind-cli/node_modules/@markbind/core/src/variables/VariableRenderer.js:44:24)
    at VariableProcessor.renderWithSiteVariables (file:///opt/homebrew/lib/node_modules/markbind-cli/node_modules/@markbind/core/src/variables/VariableProcessor.js:125:57)
    at VariableProcessor.renderIncludeFile (file:///opt/homebrew/lib/node_modules/markbind-cli/node_modules/@markbind/core/src/variables/VariableProcessor.js:202:38)
2026-09-23T09:42:04.041Z - [36mverbose[39m: Rendering page: /Users/damithch/Repos/git-mastery/git-mastery.github.io/lessons/workflows/index.md
2026-09-23T09:42:04.049Z - [31merror[39m: Template render error: (/Users/damithch/Repos/git-mastery/git-mastery.github.io/lessons/trail/usingRevisionHistory/text.md) [Line 28, Column 43]
  Template render error: (/Users/damithch/Repos/git-mastery/git-mastery.github.io/lessons/trail/usingRevisionHistory/text.md) [Line 748, Column 193]
  Error: Unable to call `show_previous_link`, which is undefined or falsey
    at Object._prettifyError (/opt/homebrew/lib/node_modules/markbind-cli/node_modules/nunjucks/src/lib.js:32:11)
    at file:///opt/homebrew/lib/node_modules/markbind-cli/node_modules/@markbind/core/src/patches/nunjucks/context-overrides-frame.js:336:23
    at Template.root [as rootRenderFunc] (eval at _compile (/opt/homebrew/lib/node_modules/markbind-cli/node_modules/nunjucks/src/environment.js:527:18), <anonymous>:79:3)
    at Template.render (file:///opt/homebrew/lib/node_modules/markbind-cli/node_modules/@markbind/core/src/patches/nunjucks/context-overrides-frame.js:326:10)
    at file:///opt/homebrew/lib/node_modules/markbind-cli/node_modules/@markbind/core/src/patches/nunjucks/context-overrides-frame.js:55:31
    at Environment.getTemplate (file:///opt/homebrew/lib/node_modules/markbind-cli/node_modules/@markbind/core/src/patches/nunjucks/load-event.js:78:13)
    at Environment.render (file:///opt/homebrew/lib/node_modules/markbind-cli/node_modules/@markbind/core/src/patches/nunjucks/context-overrides-frame.js:47:10)
    at VariableRenderer.renderFile (file:///opt/homebrew/lib/node_modules/markbind-cli/node_modules/@markbind/core/src/variables/VariableRenderer.js:44:24)
    at VariableProcessor.renderWithSiteVariables (file:///opt/homebrew/lib/node_modules/markbind-cli/node_modules/@markbind/core/src/variables/VariableProcessor.js:125:57)
    at VariableProcessor.renderIncludeFile (file:///opt/homebrew/lib/node_modules/markbind-cli/node_modules/@markbind/core/src/variables/VariableProcessor.js:202:38)
2026-09-23T09:42:04.050Z - [31merror[39m: Template render error: (/Users/damithch/Repos/git-mastery/git-mastery.github.io/lessons/trail/usingRevisionHistory/text.md) [Line 28, Column 43]
  Template render error: (/Users/damithch/Repos/git-mastery/git-mastery.github.io/lessons/trail/usingRevisionHistory/text.md) [Line 748, Column 193]
  Error: Unable to call `show_previous_link`, which is undefined or falsey
    at Object._prettifyError (/opt/homebrew/lib/node_modules/markbind-cli/node_modules/nunjucks/src/lib.js:32:11)
    at file:///opt/homebrew/lib/node_modules/markbind-cli/node_modules/@markbind/core/src/patches/nunjucks/context-overrides-frame.js:336:23
    at Template.root [as rootRenderFunc] (eval at _compile (/opt/homebrew/lib/node_modules/markbind-cli/node_modules/nunjucks/src/environment.js:527:18), <anonymous>:79:3)
    at Template.render (file:///opt/homebrew/lib/node_modules/markbind-cli/node_modules/@markbind/core/src/patches/nunjucks/context-overrides-frame.js:326:10)
    at file:///opt/homebrew/lib/node_modules/markbind-cli/node_modules/@markbind/core/src/patches/nunjucks/context-overrides-frame.js:55:31
    at Environment.getTemplate (file:///opt/homebrew/lib/node_modules/markbind-cli/node_modules/@markbind/core/src/patches/nunjucks/load-event.js:78:13)
    at Environment.render (file:///opt/homebrew/lib/node_modules/markbind-cli/node_modules/@markbind/core/src/patches/nunjucks/context-overrides-frame.js:47:10)
    at VariableRenderer.renderFile (file:///opt/homebrew/lib/node_modules/markbind-cli/node_modules/@markbind/core/src/variables/VariableRenderer.js:44:24)
    at VariableProcessor.renderWithSiteVariables (file:///opt/homebrew/lib/node_modules/markbind-cli/node_modules/@markbind/core/src/variables/VariableProcessor.js:125:57)
    at VariableProcessor.renderIncludeFile (file:///opt/homebrew/lib/node_modules/markbind-cli/node_modules/@markbind/core/src/variables/VariableProcessor.js:202:38)
2026-09-23T09:42:04.050Z - [31merror[39m: Template render error: (/Users/damithch/Repos/git-mastery/git-mastery.github.io/lessons/trail/usingRevisionHistory/text.md) [Line 28, Column 43]
  Template render error: (/Users/damithch/Repos/git-mastery/git-mastery.github.io/lessons/trail/usingRevisionHistory/text.md) [Line 748, Column 193]
  Error: Unable to call `show_previous_link`, which is undefined or falsey
    at Object._prettifyError (/opt/homebrew/lib/node_modules/markbind-cli/node_modules/nunjucks/src/lib.js:32:11)
    at file:///opt/homebrew/lib/node_modules/markbind-cli/node_modules/@markbind/core/src/patches/nunjucks/context-overrides-frame.js:336:23
    at Template.root [as rootRenderFunc] (eval at _compile (/opt/homebrew/lib/node_modules/markbind-cli/node_modules/nunjucks/src/environment.js:527:18), <anonymous>:79:3)
    at Template.render (file:///opt/homebrew/lib/node_modules/markbind-cli/node_modules/@markbind/core/src/patches/nunjucks/context-overrides-frame.js:326:10)
    at file:///opt/homebrew/lib/node_modules/markbind-cli/node_modules/@markbind/core/src/patches/nunjucks/context-overrides-frame.js:55:31
    at Environment.getTemplate (file:///opt/homebrew/lib/node_modules/markbind-cli/node_modules/@markbind/core/src/patches/nunjucks/load-event.js:78:13)
    at Environment.render (file:///opt/homebrew/lib/node_modules/markbind-cli/node_modules/@markbind/core/src/patches/nunjucks/context-overrides-frame.js:47:10)
    at VariableRenderer.renderFile (file:///opt/homebrew/lib/node_modules/markbind-cli/node_modules/@markbind/core/src/variables/VariableRenderer.js:44:24)
    at VariableProcessor.renderWithSiteVariables (file:///opt/homebrew/lib/node_modules/markbind-cli/node_modules/@markbind/core/src/variables/VariableProcessor.js:125:57)
    at VariableProcessor.renderIncludeFile (file:///opt/homebrew/lib/node_modules/markbind-cli/node_modules/@markbind/core/src/variables/VariableProcessor.js:202:38)
2026-09-23T09:42:04.051Z - [31merror[39m: Template render error: (/Users/damithch/Repos/git-mastery/git-mastery.github.io/lessons/trail/usingRevisionHistory/text.md) [Line 28, Column 43]
  Template render error: (/Users/damithch/Repos/git-mastery/git-mastery.github.io/lessons/trail/usingRevisionHistory/text.md) [Line 748, Column 193]
  Error: Unable to call `show_previous_link`, which is undefined or falsey
    at Object._prettifyError (/opt/homebrew/lib/node_modules/markbind-cli/node_modules/nunjucks/src/lib.js:32:11)
    at file:///opt/homebrew/lib/node_modules/markbind-cli/node_modules/@markbind/core/src/patches/nunjucks/context-overrides-frame.js:336:23
    at Template.root [as rootRenderFunc] (eval at _compile (/opt/homebrew/lib/node_modules/markbind-cli/node_modules/nunjucks/src/environment.js:527:18), <anonymous>:79:3)
    at Template.render (file:///opt/homebrew/lib/node_modules/markbind-cli/node_modules/@markbind/core/src/patches/nunjucks/context-overrides-frame.js:326:10)
    at file:///opt/homebrew/lib/node_modules/markbind-cli/node_modules/@markbind/core/src/patches/nunjucks/context-overrides-frame.js:55:31
    at Environment.getTemplate (file:///opt/homebrew/lib/node_modules/markbind-cli/node_modules/@markbind/core/src/patches/nunjucks/load-event.js:78:13)
    at Environment.render (file:///opt/homebrew/lib/node_modules/markbind-cli/node_modules/@markbind/core/src/patches/nunjucks/context-overrides-frame.js:47:10)
    at VariableRenderer.renderFile (file:///opt/homebrew/lib/node_modules/markbind-cli/node_modules/@markbind/core/src/variables/VariableRenderer.js:44:24)
    at VariableProcessor.renderWithSiteVariables (file:///opt/homebrew/lib/node_modules/markbind-cli/node_modules/@markbind/core/src/variables/VariableProcessor.js:125:57)
    at VariableProcessor.renderIncludeFile (file:///opt/homebrew/lib/node_modules/markbind-cli/node_modules/@markbind/core/src/variables/VariableProcessor.js:202:38)
2026-09-23T09:42:04.057Z - [36mverbose[39m: Rendering page: /Users/damithch/Repos/git-mastery/git-mastery.github.io/lessons/trail/workingWithRemotes/index.md
2026-09-23T09:42:04.060Z - [36mverbose[39m: Rendering page: /Users/damithch/Repos/git-mastery/git-mastery.github.io/lessons/trail/workingWithPrs/index.md
2026-09-23T09:42:04.064Z - [31merror[39m: Template render error: (/Users/damithch/Repos/git-mastery/git-mastery.github.io/lessons/trail/syncingBranches/text.md) [Line 24, Column 43]
  Template render error: (/Users/damithch/Repos/git-mastery/git-mastery.github.io/lessons/trail/syncingBranches/text.md) [Line 748, Column 193]
  Error: Unable to call `show_previous_link`, which is undefined or falsey
    at Object._prettifyError (/opt/homebrew/lib/node_modules/markbind-cli/node_modules/nunjucks/src/lib.js:32:11)
    at file:///opt/homebrew/lib/node_modules/markbind-cli/node_modules/@markbind/core/src/patches/nunjucks/context-overrides-frame.js:336:23
    at Template.root [as rootRenderFunc] (eval at _compile (/opt/homebrew/lib/node_modules/markbind-cli/node_modules/nunjucks/src/environment.js:527:18), <anonymous>:79:3)
    at Template.render (file:///opt/homebrew/lib/node_modules/markbind-cli/node_modules/@markbind/core/src/patches/nunjucks/context-overrides-frame.js:326:10)
    at file:///opt/homebrew/lib/node_modules/markbind-cli/node_modules/@markbind/core/src/patches/nunjucks/context-overrides-frame.js:55:31
    at Environment.getTemplate (file:///opt/homebrew/lib/node_modules/markbind-cli/node_modules/@markbind/core/src/patches/nunjucks/load-event.js:78:13)
    at Environment.render (file:///opt/homebrew/lib/node_modules/markbind-cli/node_modules/@markbind/core/src/patches/nunjucks/context-overrides-frame.js:47:10)
    at VariableRenderer.renderFile (file:///opt/homebrew/lib/node_modules/markbind-cli/node_modules/@markbind/core/src/variables/VariableRenderer.js:44:24)
    at VariableProcessor.renderWithSiteVariables (file:///opt/homebrew/lib/node_modules/markbind-cli/node_modules/@markbind/core/src/variables/VariableProcessor.js:125:57)
    at VariableProcessor.renderIncludeFile (file:///opt/homebrew/lib/node_modules/markbind-cli/node_modules/@markbind/core/src/variables/VariableProcessor.js:202:38)
2026-09-23T09:42:04.065Z - [31merror[39m: Template render error: (/Users/damithch/Repos/git-mastery/git-mastery.github.io/lessons/trail/syncingBranches/text.md) [Line 24, Column 43]
  Template render error: (/Users/damithch/Repos/git-mastery/git-mastery.github.io/lessons/trail/syncingBranches/text.md) [Line 748, Column 193]
  Error: Unable to call `show_previous_link`, which is undefined or falsey
    at Object._prettifyError (/opt/homebrew/lib/node_modules/markbind-cli/node_modules/nunjucks/src/lib.js:32:11)
    at file:///opt/homebrew/lib/node_modules/markbind-cli/node_modules/@markbind/core/src/patches/nunjucks/context-overrides-frame.js:336:23
    at Template.root [as rootRenderFunc] (eval at _compile (/opt/homebrew/lib/node_modules/markbind-cli/node_modules/nunjucks/src/environment.js:527:18), <anonymous>:79:3)
    at Template.render (file:///opt/homebrew/lib/node_modules/markbind-cli/node_modules/@markbind/core/src/patches/nunjucks/context-overrides-frame.js:326:10)
    at file:///opt/homebrew/lib/node_modules/markbind-cli/node_modules/@markbind/core/src/patches/nunjucks/context-overrides-frame.js:55:31
    at Environment.getTemplate (file:///opt/homebrew/lib/node_modules/markbind-cli/node_modules/@markbind/core/src/patches/nunjucks/load-event.js:78:13)
    at Environment.render (file:///opt/homebrew/lib/node_modules/markbind-cli/node_modules/@markbind/core/src/patches/nunjucks/context-overrides-frame.js:47:10)
    at VariableRenderer.renderFile (file:///opt/homebrew/lib/node_modules/markbind-cli/node_modules/@markbind/core/src/variables/VariableRenderer.js:44:24)
    at VariableProcessor.renderWithSiteVariables (file:///opt/homebrew/lib/node_modules/markbind-cli/node_modules/@markbind/core/src/variables/VariableProcessor.js:125:57)
    at VariableProcessor.renderIncludeFile (file:///opt/homebrew/lib/node_modules/markbind-cli/node_modules/@markbind/core/src/variables/VariableProcessor.js:202:38)
2026-09-23T09:42:04.065Z - [31merror[39m: Template render error: (/Users/damithch/Repos/git-mastery/git-mastery.github.io/lessons/trail/syncingBranches/text.md) [Line 24, Column 43]
  Template render error: (/Users/damithch/Repos/git-mastery/git-mastery.github.io/lessons/trail/syncingBranches/text.md) [Line 748, Column 193]
  Error: Unable to call `show_previous_link`, which is undefined or falsey
    at Object._prettifyError (/opt/homebrew/lib/node_modules/markbind-cli/node_modules/nunjucks/src/lib.js:32:11)
    at file:///opt/homebrew/lib/node_modules/markbind-cli/node_modules/@markbind/core/src/patches/nunjucks/context-overrides-frame.js:336:23
    at Template.root [as rootRenderFunc] (eval at _compile (/opt/homebrew/lib/node_modules/markbind-cli/node_modules/nunjucks/src/environment.js:527:18), <anonymous>:79:3)
    at Template.render (file:///opt/homebrew/lib/node_modules/markbind-cli/node_modules/@markbind/core/src/patches/nunjucks/context-overrides-frame.js:326:10)
    at file:///opt/homebrew/lib/node_modules/markbind-cli/node_modules/@markbind/core/src/patches/nunjucks/context-overrides-frame.js:55:31
    at Environment.getTemplate (file:///opt/homebrew/lib/node_modules/markbind-cli/node_modules/@markbind/core/src/patches/nunjucks/load-event.js:78:13)
    at Environment.render (file:///opt/homebrew/lib/node_modules/markbind-cli/node_modules/@markbind/core/src/patches/nunjucks/context-overrides-frame.js:47:10)
    at VariableRenderer.renderFile (file:///opt/homebrew/lib/node_modules/markbind-cli/node_modules/@markbind/core/src/variables/VariableRenderer.js:44:24)
    at VariableProcessor.renderWithSiteVariables (file:///opt/homebrew/lib/node_modules/markbind-cli/node_modules/@markbind/core/src/variables/VariableProcessor.js:125:57)
    at VariableProcessor.renderIncludeFile (file:///opt/homebrew/lib/node_modules/markbind-cli/node_modules/@markbind/core/src/variables/VariableProcessor.js:202:38)
2026-09-23T09:42:04.066Z - [31merror[39m: Template render error: (/Users/damithch/Repos/git-mastery/git-mastery.github.io/lessons/trail/syncingBranches/text.md) [Line 24, Column 43]
  Template render error: (/Users/damithch/Repos/git-mastery/git-mastery.github.io/lessons/trail/syncingBranches/text.md) [Line 748, Column 193]
  Error: Unable to call `show_previous_link`, which is undefined or falsey
    at Object._prettifyError (/opt/homebrew/lib/node_modules/markbind-cli/node_modules/nunjucks/src/lib.js:32:11)
    at file:///opt/homebrew/lib/node_modules/markbind-cli/node_modules/@markbind/core/src/patches/nunjucks/context-overrides-frame.js:336:23
    at Template.root [as rootRenderFunc] (eval at _compile (/opt/homebrew/lib/node_modules/markbind-cli/node_modules/nunjucks/src/environment.js:527:18), <anonymous>:79:3)
    at Template.render (file:///opt/homebrew/lib/node_modules/markbind-cli/node_modules/@markbind/core/src/patches/nunjucks/context-overrides-frame.js:326:10)
    at file:///opt/homebrew/lib/node_modules/markbind-cli/node_modules/@markbind/core/src/patches/nunjucks/context-overrides-frame.js:55:31
    at Environment.getTemplate (file:///opt/homebrew/lib/node_modules/markbind-cli/node_modules/@markbind/core/src/patches/nunjucks/load-event.js:78:13)
    at Environment.render (file:///opt/homebrew/lib/node_modules/markbind-cli/node_modules/@markbind/core/src/patches/nunjucks/context-overrides-frame.js:47:10)
    at VariableRenderer.renderFile (file:///opt/homebrew/lib/node_modules/markbind-cli/node_modules/@markbind/core/src/variables/VariableRenderer.js:44:24)
    at VariableProcessor.renderWithSiteVariables (file:///opt/homebrew/lib/node_modules/markbind-cli/node_modules/@markbind/core/src/variables/VariableProcessor.js:125:57)
    at VariableProcessor.renderIncludeFile (file:///opt/homebrew/lib/node_modules/markbind-cli/node_modules/@markbind/core/src/variables/VariableProcessor.js:202:38)
2026-09-23T09:42:04.073Z - [36mverbose[39m: Rendering page: /Users/damithch/Repos/git-mastery/git-mastery.github.io/lessons/trail/usingRevisionHistory/index.md
2026-09-23T09:42:04.078Z - [31merror[39m: Template render error: (/Users/damithch/Repos/git-mastery/git-mastery.github.io/lessons/trail/remoteBranches/text.md) [Line 24, Column 43]
  Template render error: (/Users/damithch/Repos/git-mastery/git-mastery.github.io/lessons/trail/remoteBranches/text.md) [Line 748, Column 193]
  Error: Unable to call `show_previous_link`, which is undefined or falsey
    at Object._prettifyError (/opt/homebrew/lib/node_modules/markbind-cli/node_modules/nunjucks/src/lib.js:32:11)
    at file:///opt/homebrew/lib/node_modules/markbind-cli/node_modules/@markbind/core/src/patches/nunjucks/context-overrides-frame.js:336:23
    at Template.root [as rootRenderFunc] (eval at _compile (/opt/homebrew/lib/node_modules/markbind-cli/node_modules/nunjucks/src/environment.js:527:18), <anonymous>:79:3)
    at Template.render (file:///opt/homebrew/lib/node_modules/markbind-cli/node_modules/@markbind/core/src/patches/nunjucks/context-overrides-frame.js:326:10)
    at file:///opt/homebrew/lib/node_modules/markbind-cli/node_modules/@markbind/core/src/patches/nunjucks/context-overrides-frame.js:55:31
    at Environment.getTemplate (file:///opt/homebrew/lib/node_modules/markbind-cli/node_modules/@markbind/core/src/patches/nunjucks/load-event.js:78:13)
    at Environment.render (file:///opt/homebrew/lib/node_modules/markbind-cli/node_modules/@markbind/core/src/patches/nunjucks/context-overrides-frame.js:47:10)
    at VariableRenderer.renderFile (file:///opt/homebrew/lib/node_modules/markbind-cli/node_modules/@markbind/core/src/variables/VariableRenderer.js:44:24)
    at VariableProcessor.renderWithSiteVariables (file:///opt/homebrew/lib/node_modules/markbind-cli/node_modules/@markbind/core/src/variables/VariableProcessor.js:125:57)
    at VariableProcessor.renderIncludeFile (file:///opt/homebrew/lib/node_modules/markbind-cli/node_modules/@markbind/core/src/variables/VariableProcessor.js:202:38)
2026-09-23T09:42:04.078Z - [31merror[39m: Template render error: (/Users/damithch/Repos/git-mastery/git-mastery.github.io/lessons/trail/remoteBranches/text.md) [Line 24, Column 43]
  Template render error: (/Users/damithch/Repos/git-mastery/git-mastery.github.io/lessons/trail/remoteBranches/text.md) [Line 748, Column 193]
  Error: Unable to call `show_previous_link`, which is undefined or falsey
    at Object._prettifyError (/opt/homebrew/lib/node_modules/markbind-cli/node_modules/nunjucks/src/lib.js:32:11)
    at file:///opt/homebrew/lib/node_modules/markbind-cli/node_modules/@markbind/core/src/patches/nunjucks/context-overrides-frame.js:336:23
    at Template.root [as rootRenderFunc] (eval at _compile (/opt/homebrew/lib/node_modules/markbind-cli/node_modules/nunjucks/src/environment.js:527:18), <anonymous>:79:3)
    at Template.render (file:///opt/homebrew/lib/node_modules/markbind-cli/node_modules/@markbind/core/src/patches/nunjucks/context-overrides-frame.js:326:10)
    at file:///opt/homebrew/lib/node_modules/markbind-cli/node_modules/@markbind/core/src/patches/nunjucks/context-overrides-frame.js:55:31
    at Environment.getTemplate (file:///opt/homebrew/lib/node_modules/markbind-cli/node_modules/@markbind/core/src/patches/nunjucks/load-event.js:78:13)
    at Environment.render (file:///opt/homebrew/lib/node_modules/markbind-cli/node_modules/@markbind/core/src/patches/nunjucks/context-overrides-frame.js:47:10)
    at VariableRenderer.renderFile (file:///opt/homebrew/lib/node_modules/markbind-cli/node_modules/@markbind/core/src/variables/VariableRenderer.js:44:24)
    at VariableProcessor.renderWithSiteVariables (file:///opt/homebrew/lib/node_modules/markbind-cli/node_modules/@markbind/core/src/variables/VariableProcessor.js:125:57)
    at VariableProcessor.renderIncludeFile (file:///opt/homebrew/lib/node_modules/markbind-cli/node_modules/@markbind/core/src/variables/VariableProcessor.js:202:38)
2026-09-23T09:42:04.079Z - [31merror[39m: Template render error: (/Users/damithch/Repos/git-mastery/git-mastery.github.io/lessons/trail/remoteBranches/text.md) [Line 24, Column 43]
  Template render error: (/Users/damithch/Repos/git-mastery/git-mastery.github.io/lessons/trail/remoteBranches/text.md) [Line 748, Column 193]
  Error: Unable to call `show_previous_link`, which is undefined or falsey
    at Object._prettifyError (/opt/homebrew/lib/node_modules/markbind-cli/node_modules/nunjucks/src/lib.js:32:11)
    at file:///opt/homebrew/lib/node_modules/markbind-cli/node_modules/@markbind/core/src/patches/nunjucks/context-overrides-frame.js:336:23
    at Template.root [as rootRenderFunc] (eval at _compile (/opt/homebrew/lib/node_modules/markbind-cli/node_modules/nunjucks/src/environment.js:527:18), <anonymous>:79:3)
    at Template.render (file:///opt/homebrew/lib/node_modules/markbind-cli/node_modules/@markbind/core/src/patches/nunjucks/context-overrides-frame.js:326:10)
    at file:///opt/homebrew/lib/node_modules/markbind-cli/node_modules/@markbind/core/src/patches/nunjucks/context-overrides-frame.js:55:31
    at Environment.getTemplate (file:///opt/homebrew/lib/node_modules/markbind-cli/node_modules/@markbind/core/src/patches/nunjucks/load-event.js:78:13)
    at Environment.render (file:///opt/homebrew/lib/node_modules/markbind-cli/node_modules/@markbind/core/src/patches/nunjucks/context-overrides-frame.js:47:10)
    at VariableRenderer.renderFile (file:///opt/homebrew/lib/node_modules/markbind-cli/node_modules/@markbind/core/src/variables/VariableRenderer.js:44:24)
    at VariableProcessor.renderWithSiteVariables (file:///opt/homebrew/lib/node_modules/markbind-cli/node_modules/@markbind/core/src/variables/VariableProcessor.js:125:57)
    at VariableProcessor.renderIncludeFile (file:///opt/homebrew/lib/node_modules/markbind-cli/node_modules/@markbind/core/src/variables/VariableProcessor.js:202:38)
2026-09-23T09:42:04.079Z - [31merror[39m: Template render error: (/Users/damithch/Repos/git-mastery/git-mastery.github.io/lessons/trail/remoteBranches/text.md) [Line 24, Column 43]
  Template render error: (/Users/damithch/Repos/git-mastery/git-mastery.github.io/lessons/trail/remoteBranches/text.md) [Line 748, Column 193]
  Error: Unable to call `show_previous_link`, which is undefined or falsey
    at Object._prettifyError (/opt/homebrew/lib/node_modules/markbind-cli/node_modules/nunjucks/src/lib.js:32:11)
    at file:///opt/homebrew/lib/node_modules/markbind-cli/node_modules/@markbind/core/src/patches/nunjucks/context-overrides-frame.js:336:23
    at Template.root [as rootRenderFunc] (eval at _compile (/opt/homebrew/lib/node_modules/markbind-cli/node_modules/nunjucks/src/environment.js:527:18), <anonymous>:79:3)
    at Template.render (file:///opt/homebrew/lib/node_modules/markbind-cli/node_modules/@markbind/core/src/patches/nunjucks/context-overrides-frame.js:326:10)
    at file:///opt/homebrew/lib/node_modules/markbind-cli/node_modules/@markbind/core/src/patches/nunjucks/context-overrides-frame.js:55:31
    at Environment.getTemplate (file:///opt/homebrew/lib/node_modules/markbind-cli/node_modules/@markbind/core/src/patches/nunjucks/load-event.js:78:13)
    at Environment.render (file:///opt/homebrew/lib/node_modules/markbind-cli/node_modules/@markbind/core/src/patches/nunjucks/context-overrides-frame.js:47:10)
    at VariableRenderer.renderFile (file:///opt/homebrew/lib/node_modules/markbind-cli/node_modules/@markbind/core/src/variables/VariableRenderer.js:44:24)
    at VariableProcessor.renderWithSiteVariables (file:///opt/homebrew/lib/node_modules/markbind-cli/node_modules/@markbind/core/src/variables/VariableProcessor.js:125:57)
    at VariableProcessor.renderIncludeFile (file:///opt/homebrew/lib/node_modules/markbind-cli/node_modules/@markbind/core/src/variables/VariableProcessor.js:202:38)
2026-09-23T09:42:04.117Z - [36mverbose[39m: Rendering page: /Users/damithch/Repos/git-mastery/git-mastery.github.io/lessons/trail/syncingBranches/index.md
2026-09-23T09:42:04.124Z - [31merror[39m: Template render error: (/Users/damithch/Repos/git-mastery/git-mastery.github.io/lessons/trail/managingProjects/text.md) [Line 27, Column 43]
  Template render error: (/Users/damithch/Repos/git-mastery/git-mastery.github.io/lessons/trail/managingProjects/text.md) [Line 748, Column 193]
  Error: Unable to call `show_previous_link`, which is undefined or falsey
    at Object._prettifyError (/opt/homebrew/lib/node_modules/markbind-cli/node_modules/nunjucks/src/lib.js:32:11)
    at file:///opt/homebrew/lib/node_modules/markbind-cli/node_modules/@markbind/core/src/patches/nunjucks/context-overrides-frame.js:336:23
    at Template.root [as rootRenderFunc] (eval at _compile (/opt/homebrew/lib/node_modules/markbind-cli/node_modules/nunjucks/src/environment.js:527:18), <anonymous>:76:3)
    at Template.render (file:///opt/homebrew/lib/node_modules/markbind-cli/node_modules/@markbind/core/src/patches/nunjucks/context-overrides-frame.js:326:10)
    at file:///opt/homebrew/lib/node_modules/markbind-cli/node_modules/@markbind/core/src/patches/nunjucks/context-overrides-frame.js:55:31
    at Environment.getTemplate (file:///opt/homebrew/lib/node_modules/markbind-cli/node_modules/@markbind/core/src/patches/nunjucks/load-event.js:78:13)
    at Environment.render (file:///opt/homebrew/lib/node_modules/markbind-cli/node_modules/@markbind/core/src/patches/nunjucks/context-overrides-frame.js:47:10)
    at VariableRenderer.renderFile (file:///opt/homebrew/lib/node_modules/markbind-cli/node_modules/@markbind/core/src/variables/VariableRenderer.js:44:24)
    at VariableProcessor.renderWithSiteVariables (file:///opt/homebrew/lib/node_modules/markbind-cli/node_modules/@markbind/core/src/variables/VariableProcessor.js:125:57)
    at VariableProcessor.renderIncludeFile (file:///opt/homebrew/lib/node_modules/markbind-cli/node_modules/@markbind/core/src/variables/VariableProcessor.js:202:38)
2026-09-23T09:42:04.125Z - [31merror[39m: Template render error: (/Users/damithch/Repos/git-mastery/git-mastery.github.io/lessons/trail/managingProjects/text.md) [Line 27, Column 43]
  Template render error: (/Users/damithch/Repos/git-mastery/git-mastery.github.io/lessons/trail/managingProjects/text.md) [Line 748, Column 193]
  Error: Unable to call `show_previous_link`, which is undefined or falsey
    at Object._prettifyError (/opt/homebrew/lib/node_modules/markbind-cli/node_modules/nunjucks/src/lib.js:32:11)
    at file:///opt/homebrew/lib/node_modules/markbind-cli/node_modules/@markbind/core/src/patches/nunjucks/context-overrides-frame.js:336:23
    at Template.root [as rootRenderFunc] (eval at _compile (/opt/homebrew/lib/node_modules/markbind-cli/node_modules/nunjucks/src/environment.js:527:18), <anonymous>:76:3)
    at Template.render (file:///opt/homebrew/lib/node_modules/markbind-cli/node_modules/@markbind/core/src/patches/nunjucks/context-overrides-frame.js:326:10)
    at file:///opt/homebrew/lib/node_modules/markbind-cli/node_modules/@markbind/core/src/patches/nunjucks/context-overrides-frame.js:55:31
    at Environment.getTemplate (file:///opt/homebrew/lib/node_modules/markbind-cli/node_modules/@markbind/core/src/patches/nunjucks/load-event.js:78:13)
    at Environment.render (file:///opt/homebrew/lib/node_modules/markbind-cli/node_modules/@markbind/core/src/patches/nunjucks/context-overrides-frame.js:47:10)
    at VariableRenderer.renderFile (file:///opt/homebrew/lib/node_modules/markbind-cli/node_modules/@markbind/core/src/variables/VariableRenderer.js:44:24)
    at VariableProcessor.renderWithSiteVariables (file:///opt/homebrew/lib/node_modules/markbind-cli/node_modules/@markbind/core/src/variables/VariableProcessor.js:125:57)
    at VariableProcessor.renderIncludeFile (file:///opt/homebrew/lib/node_modules/markbind-cli/node_modules/@markbind/core/src/variables/VariableProcessor.js:202:38)
2026-09-23T09:42:04.125Z - [31merror[39m: Template render error: (/Users/damithch/Repos/git-mastery/git-mastery.github.io/lessons/trail/managingProjects/text.md) [Line 27, Column 43]
  Template render error: (/Users/damithch/Repos/git-mastery/git-mastery.github.io/lessons/trail/managingProjects/text.md) [Line 748, Column 193]
  Error: Unable to call `show_previous_link`, which is undefined or falsey
    at Object._prettifyError (/opt/homebrew/lib/node_modules/markbind-cli/node_modules/nunjucks/src/lib.js:32:11)
    at file:///opt/homebrew/lib/node_modules/markbind-cli/node_modules/@markbind/core/src/patches/nunjucks/context-overrides-frame.js:336:23
    at Template.root [as rootRenderFunc] (eval at _compile (/opt/homebrew/lib/node_modules/markbind-cli/node_modules/nunjucks/src/environment.js:527:18), <anonymous>:76:3)
    at Template.render (file:///opt/homebrew/lib/node_modules/markbind-cli/node_modules/@markbind/core/src/patches/nunjucks/context-overrides-frame.js:326:10)
    at file:///opt/homebrew/lib/node_modules/markbind-cli/node_modules/@markbind/core/src/patches/nunjucks/context-overrides-frame.js:55:31
    at Environment.getTemplate (file:///opt/homebrew/lib/node_modules/markbind-cli/node_modules/@markbind/core/src/patches/nunjucks/load-event.js:78:13)
    at Environment.render (file:///opt/homebrew/lib/node_modules/markbind-cli/node_modules/@markbind/core/src/patches/nunjucks/context-overrides-frame.js:47:10)
    at VariableRenderer.renderFile (file:///opt/homebrew/lib/node_modules/markbind-cli/node_modules/@markbind/core/src/variables/VariableRenderer.js:44:24)
    at VariableProcessor.renderWithSiteVariables (file:///opt/homebrew/lib/node_modules/markbind-cli/node_modules/@markbind/core/src/variables/VariableProcessor.js:125:57)
    at VariableProcessor.renderIncludeFile (file:///opt/homebrew/lib/node_modules/markbind-cli/node_modules/@markbind/core/src/variables/VariableProcessor.js:202:38)
2026-09-23T09:42:04.125Z - [31merror[39m: Template render error: (/Users/damithch/Repos/git-mastery/git-mastery.github.io/lessons/trail/managingProjects/text.md) [Line 27, Column 43]
  Template render error: (/Users/damithch/Repos/git-mastery/git-mastery.github.io/lessons/trail/managingProjects/text.md) [Line 748, Column 193]
  Error: Unable to call `show_previous_link`, which is undefined or falsey
    at Object._prettifyError (/opt/homebrew/lib/node_modules/markbind-cli/node_modules/nunjucks/src/lib.js:32:11)
    at file:///opt/homebrew/lib/node_modules/markbind-cli/node_modules/@markbind/core/src/patches/nunjucks/context-overrides-frame.js:336:23
    at Template.root [as rootRenderFunc] (eval at _compile (/opt/homebrew/lib/node_modules/markbind-cli/node_modules/nunjucks/src/environment.js:527:18), <anonymous>:76:3)
    at Template.render (file:///opt/homebrew/lib/node_modules/markbind-cli/node_modules/@markbind/core/src/patches/nunjucks/context-overrides-frame.js:326:10)
    at file:///opt/homebrew/lib/node_modules/markbind-cli/node_modules/@markbind/core/src/patches/nunjucks/context-overrides-frame.js:55:31
    at Environment.getTemplate (file:///opt/homebrew/lib/node_modules/markbind-cli/node_modules/@markbind/core/src/patches/nunjucks/load-event.js:78:13)
    at Environment.render (file:///opt/homebrew/lib/node_modules/markbind-cli/node_modules/@markbind/core/src/patches/nunjucks/context-overrides-frame.js:47:10)
    at VariableRenderer.renderFile (file:///opt/homebrew/lib/node_modules/markbind-cli/node_modules/@markbind/core/src/variables/VariableRenderer.js:44:24)
    at VariableProcessor.renderWithSiteVariables (file:///opt/homebrew/lib/node_modules/markbind-cli/node_modules/@markbind/core/src/variables/VariableProcessor.js:125:57)
    at VariableProcessor.renderIncludeFile (file:///opt/homebrew/lib/node_modules/markbind-cli/node_modules/@markbind/core/src/variables/VariableProcessor.js:202:38)
2026-09-23T09:42:04.130Z - [36mverbose[39m: Rendering page: /Users/damithch/Repos/git-mastery/git-mastery.github.io/lessons/trail/remoteBranches/index.md
2026-09-23T09:42:04.133Z - [36mverbose[39m: Rendering page: /Users/damithch/Repos/git-mastery/git-mastery.github.io/lessons/trail/recordingFolderHistory/index.md
2026-09-23T09:42:04.366Z - [36mverbose[39m: Rendering page: /Users/damithch/Repos/git-mastery/git-mastery.github.io/lessons/trail/managingProjects/index.md
2026-09-23T09:42:04.372Z - [31merror[39m: Template render error: (/Users/damithch/Repos/git-mastery/git-mastery.github.io/lessons/trail/fineTuningHistory/text.md) [Line 24, Column 43]
  Template render error: (/Users/damithch/Repos/git-mastery/git-mastery.github.io/lessons/trail/fineTuningHistory/text.md) [Line 748, Column 193]
  Error: Unable to call `show_previous_link`, which is undefined or falsey
    at Object._prettifyError (/opt/homebrew/lib/node_modules/markbind-cli/node_modules/nunjucks/src/lib.js:32:11)
    at file:///opt/homebrew/lib/node_modules/markbind-cli/node_modules/@markbind/core/src/patches/nunjucks/context-overrides-frame.js:336:23
    at Template.root [as rootRenderFunc] (eval at _compile (/opt/homebrew/lib/node_modules/markbind-cli/node_modules/nunjucks/src/environment.js:527:18), <anonymous>:79:3)
    at Template.render (file:///opt/homebrew/lib/node_modules/markbind-cli/node_modules/@markbind/core/src/patches/nunjucks/context-overrides-frame.js:326:10)
    at file:///opt/homebrew/lib/node_modules/markbind-cli/node_modules/@markbind/core/src/patches/nunjucks/context-overrides-frame.js:55:31
    at Environment.getTemplate (file:///opt/homebrew/lib/node_modules/markbind-cli/node_modules/@markbind/core/src/patches/nunjucks/load-event.js:78:13)
    at Environment.render (file:///opt/homebrew/lib/node_modules/markbind-cli/node_modules/@markbind/core/src/patches/nunjucks/context-overrides-frame.js:47:10)
    at VariableRenderer.renderFile (file:///opt/homebrew/lib/node_modules/markbind-cli/node_modules/@markbind/core/src/variables/VariableRenderer.js:44:24)
    at VariableProcessor.renderWithSiteVariables (file:///opt/homebrew/lib/node_modules/markbind-cli/node_modules/@markbind/core/src/variables/VariableProcessor.js:125:57)
    at VariableProcessor.renderIncludeFile (file:///opt/homebrew/lib/node_modules/markbind-cli/node_modules/@markbind/core/src/variables/VariableProcessor.js:202:38)
2026-09-23T09:42:04.373Z - [31merror[39m: Template render error: (/Users/damithch/Repos/git-mastery/git-mastery.github.io/lessons/trail/fineTuningHistory/text.md) [Line 24, Column 43]
  Template render error: (/Users/damithch/Repos/git-mastery/git-mastery.github.io/lessons/trail/fineTuningHistory/text.md) [Line 748, Column 193]
  Error: Unable to call `show_previous_link`, which is undefined or falsey
    at Object._prettifyError (/opt/homebrew/lib/node_modules/markbind-cli/node_modules/nunjucks/src/lib.js:32:11)
    at file:///opt/homebrew/lib/node_modules/markbind-cli/node_modules/@markbind/core/src/patches/nunjucks/context-overrides-frame.js:336:23
    at Template.root [as rootRenderFunc] (eval at _compile (/opt/homebrew/lib/node_modules/markbind-cli/node_modules/nunjucks/src/environment.js:527:18), <anonymous>:79:3)
    at Template.render (file:///opt/homebrew/lib/node_modules/markbind-cli/node_modules/@markbind/core/src/patches/nunjucks/context-overrides-frame.js:326:10)
    at file:///opt/homebrew/lib/node_modules/markbind-cli/node_modules/@markbind/core/src/patches/nunjucks/context-overrides-frame.js:55:31
    at Environment.getTemplate (file:///opt/homebrew/lib/node_modules/markbind-cli/node_modules/@markbind/core/src/patches/nunjucks/load-event.js:78:13)
    at Environment.render (file:///opt/homebrew/lib/node_modules/markbind-cli/node_modules/@markbind/core/src/patches/nunjucks/context-overrides-frame.js:47:10)
    at VariableRenderer.renderFile (file:///opt/homebrew/lib/node_modules/markbind-cli/node_modules/@markbind/core/src/variables/VariableRenderer.js:44:24)
    at VariableProcessor.renderWithSiteVariables (file:///opt/homebrew/lib/node_modules/markbind-cli/node_modules/@markbind/core/src/variables/VariableProcessor.js:125:57)
    at VariableProcessor.renderIncludeFile (file:///opt/homebrew/lib/node_modules/markbind-cli/node_modules/@markbind/core/src/variables/VariableProcessor.js:202:38)
2026-09-23T09:42:04.374Z - [31merror[39m: Template render error: (/Users/damithch/Repos/git-mastery/git-mastery.github.io/lessons/trail/fineTuningHistory/text.md) [Line 24, Column 43]
  Template render error: (/Users/damithch/Repos/git-mastery/git-mastery.github.io/lessons/trail/fineTuningHistory/text.md) [Line 748, Column 193]
  Error: Unable to call `show_previous_link`, which is undefined or falsey
    at Object._prettifyError (/opt/homebrew/lib/node_modules/markbind-cli/node_modules/nunjucks/src/lib.js:32:11)
    at file:///opt/homebrew/lib/node_modules/markbind-cli/node_modules/@markbind/core/src/patches/nunjucks/context-overrides-frame.js:336:23
    at Template.root [as rootRenderFunc] (eval at _compile (/opt/homebrew/lib/node_modules/markbind-cli/node_modules/nunjucks/src/environment.js:527:18), <anonymous>:79:3)
    at Template.render (file:///opt/homebrew/lib/node_modules/markbind-cli/node_modules/@markbind/core/src/patches/nunjucks/context-overrides-frame.js:326:10)
    at file:///opt/homebrew/lib/node_modules/markbind-cli/node_modules/@markbind/core/src/patches/nunjucks/context-overrides-frame.js:55:31
    at Environment.getTemplate (file:///opt/homebrew/lib/node_modules/markbind-cli/node_modules/@markbind/core/src/patches/nunjucks/load-event.js:78:13)
    at Environment.render (file:///opt/homebrew/lib/node_modules/markbind-cli/node_modules/@markbind/core/src/patches/nunjucks/context-overrides-frame.js:47:10)
    at VariableRenderer.renderFile (file:///opt/homebrew/lib/node_modules/markbind-cli/node_modules/@markbind/core/src/variables/VariableRenderer.js:44:24)
    at VariableProcessor.renderWithSiteVariables (file:///opt/homebrew/lib/node_modules/markbind-cli/node_modules/@markbind/core/src/variables/VariableProcessor.js:125:57)
    at VariableProcessor.renderIncludeFile (file:///opt/homebrew/lib/node_modules/markbind-cli/node_modules/@markbind/core/src/variables/VariableProcessor.js:202:38)
2026-09-23T09:42:04.374Z - [31merror[39m: Template render error: (/Users/damithch/Repos/git-mastery/git-mastery.github.io/lessons/trail/fineTuningHistory/text.md) [Line 24, Column 43]
  Template render error: (/Users/damithch/Repos/git-mastery/git-mastery.github.io/lessons/trail/fineTuningHistory/text.md) [Line 748, Column 193]
  Error: Unable to call `show_previous_link`, which is undefined or falsey
    at Object._prettifyError (/opt/homebrew/lib/node_modules/markbind-cli/node_modules/nunjucks/src/lib.js:32:11)
    at file:///opt/homebrew/lib/node_modules/markbind-cli/node_modules/@markbind/core/src/patches/nunjucks/context-overrides-frame.js:336:23
    at Template.root [as rootRenderFunc] (eval at _compile (/opt/homebrew/lib/node_modules/markbind-cli/node_modules/nunjucks/src/environment.js:527:18), <anonymous>:79:3)
    at Template.render (file:///opt/homebrew/lib/node_modules/markbind-cli/node_modules/@markbind/core/src/patches/nunjucks/context-overrides-frame.js:326:10)
    at file:///opt/homebrew/lib/node_modules/markbind-cli/node_modules/@markbind/core/src/patches/nunjucks/context-overrides-frame.js:55:31
    at Environment.getTemplate (file:///opt/homebrew/lib/node_modules/markbind-cli/node_modules/@markbind/core/src/patches/nunjucks/load-event.js:78:13)
    at Environment.render (file:///opt/homebrew/lib/node_modules/markbind-cli/node_modules/@markbind/core/src/patches/nunjucks/context-overrides-frame.js:47:10)
    at VariableRenderer.renderFile (file:///opt/homebrew/lib/node_modules/markbind-cli/node_modules/@markbind/core/src/variables/VariableRenderer.js:44:24)
    at VariableProcessor.renderWithSiteVariables (file:///opt/homebrew/lib/node_modules/markbind-cli/node_modules/@markbind/core/src/variables/VariableProcessor.js:125:57)
    at VariableProcessor.renderIncludeFile (file:///opt/homebrew/lib/node_modules/markbind-cli/node_modules/@markbind/core/src/variables/VariableProcessor.js:202:38)
2026-09-23T09:42:04.384Z - [31merror[39m: Template render error: (/Users/damithch/Repos/git-mastery/git-mastery.github.io/lessons/trail/branchingLocally/text.md) [Line 24, Column 43]
  Template render error: (/Users/damithch/Repos/git-mastery/git-mastery.github.io/lessons/trail/branchingLocally/text.md) [Line 748, Column 193]
  Error: Unable to call `show_previous_link`, which is undefined or falsey
    at Object._prettifyError (/opt/homebrew/lib/node_modules/markbind-cli/node_modules/nunjucks/src/lib.js:32:11)
    at file:///opt/homebrew/lib/node_modules/markbind-cli/node_modules/@markbind/core/src/patches/nunjucks/context-overrides-frame.js:336:23
    at Template.root [as rootRenderFunc] (eval at _compile (/opt/homebrew/lib/node_modules/markbind-cli/node_modules/nunjucks/src/environment.js:527:18), <anonymous>:79:3)
    at Template.render (file:///opt/homebrew/lib/node_modules/markbind-cli/node_modules/@markbind/core/src/patches/nunjucks/context-overrides-frame.js:326:10)
    at file:///opt/homebrew/lib/node_modules/markbind-cli/node_modules/@markbind/core/src/patches/nunjucks/context-overrides-frame.js:55:31
    at Environment.getTemplate (file:///opt/homebrew/lib/node_modules/markbind-cli/node_modules/@markbind/core/src/patches/nunjucks/load-event.js:78:13)
    at Environment.render (file:///opt/homebrew/lib/node_modules/markbind-cli/node_modules/@markbind/core/src/patches/nunjucks/context-overrides-frame.js:47:10)
    at VariableRenderer.renderFile (file:///opt/homebrew/lib/node_modules/markbind-cli/node_modules/@markbind/core/src/variables/VariableRenderer.js:44:24)
    at VariableProcessor.renderWithSiteVariables (file:///opt/homebrew/lib/node_modules/markbind-cli/node_modules/@markbind/core/src/variables/VariableProcessor.js:125:57)
    at VariableProcessor.renderIncludeFile (file:///opt/homebrew/lib/node_modules/markbind-cli/node_modules/@markbind/core/src/variables/VariableProcessor.js:202:38)
2026-09-23T09:42:04.384Z - [31merror[39m: Template render error: (/Users/damithch/Repos/git-mastery/git-mastery.github.io/lessons/trail/branchingLocally/text.md) [Line 24, Column 43]
  Template render error: (/Users/damithch/Repos/git-mastery/git-mastery.github.io/lessons/trail/branchingLocally/text.md) [Line 748, Column 193]
  Error: Unable to call `show_previous_link`, which is undefined or falsey
    at Object._prettifyError (/opt/homebrew/lib/node_modules/markbind-cli/node_modules/nunjucks/src/lib.js:32:11)
    at file:///opt/homebrew/lib/node_modules/markbind-cli/node_modules/@markbind/core/src/patches/nunjucks/context-overrides-frame.js:336:23
    at Template.root [as rootRenderFunc] (eval at _compile (/opt/homebrew/lib/node_modules/markbind-cli/node_modules/nunjucks/src/environment.js:527:18), <anonymous>:79:3)
    at Template.render (file:///opt/homebrew/lib/node_modules/markbind-cli/node_modules/@markbind/core/src/patches/nunjucks/context-overrides-frame.js:326:10)
    at file:///opt/homebrew/lib/node_modules/markbind-cli/node_modules/@markbind/core/src/patches/nunjucks/context-overrides-frame.js:55:31
    at Environment.getTemplate (file:///opt/homebrew/lib/node_modules/markbind-cli/node_modules/@markbind/core/src/patches/nunjucks/load-event.js:78:13)
    at Environment.render (file:///opt/homebrew/lib/node_modules/markbind-cli/node_modules/@markbind/core/src/patches/nunjucks/context-overrides-frame.js:47:10)
    at VariableRenderer.renderFile (file:///opt/homebrew/lib/node_modules/markbind-cli/node_modules/@markbind/core/src/variables/VariableRenderer.js:44:24)
    at VariableProcessor.renderWithSiteVariables (file:///opt/homebrew/lib/node_modules/markbind-cli/node_modules/@markbind/core/src/variables/VariableProcessor.js:125:57)
    at VariableProcessor.renderIncludeFile (file:///opt/homebrew/lib/node_modules/markbind-cli/node_modules/@markbind/core/src/variables/VariableProcessor.js:202:38)
2026-09-23T09:42:04.385Z - [31merror[39m: Template render error: (/Users/damithch/Repos/git-mastery/git-mastery.github.io/lessons/trail/branchingLocally/text.md) [Line 24, Column 43]
  Template render error: (/Users/damithch/Repos/git-mastery/git-mastery.github.io/lessons/trail/branchingLocally/text.md) [Line 748, Column 193]
  Error: Unable to call `show_previous_link`, which is undefined or falsey
    at Object._prettifyError (/opt/homebrew/lib/node_modules/markbind-cli/node_modules/nunjucks/src/lib.js:32:11)
    at file:///opt/homebrew/lib/node_modules/markbind-cli/node_modules/@markbind/core/src/patches/nunjucks/context-overrides-frame.js:336:23
    at Template.root [as rootRenderFunc] (eval at _compile (/opt/homebrew/lib/node_modules/markbind-cli/node_modules/nunjucks/src/environment.js:527:18), <anonymous>:79:3)
    at Template.render (file:///opt/homebrew/lib/node_modules/markbind-cli/node_modules/@markbind/core/src/patches/nunjucks/context-overrides-frame.js:326:10)
    at file:///opt/homebrew/lib/node_modules/markbind-cli/node_modules/@markbind/core/src/patches/nunjucks/context-overrides-frame.js:55:31
    at Environment.getTemplate (file:///opt/homebrew/lib/node_modules/markbind-cli/node_modules/@markbind/core/src/patches/nunjucks/load-event.js:78:13)
    at Environment.render (file:///opt/homebrew/lib/node_modules/markbind-cli/node_modules/@markbind/core/src/patches/nunjucks/context-overrides-frame.js:47:10)
    at VariableRenderer.renderFile (file:///opt/homebrew/lib/node_modules/markbind-cli/node_modules/@markbind/core/src/variables/VariableRenderer.js:44:24)
    at VariableProcessor.renderWithSiteVariables (file:///opt/homebrew/lib/node_modules/markbind-cli/node_modules/@markbind/core/src/variables/VariableProcessor.js:125:57)
    at VariableProcessor.renderIncludeFile (file:///opt/homebrew/lib/node_modules/markbind-cli/node_modules/@markbind/core/src/variables/VariableProcessor.js:202:38)
2026-09-23T09:42:04.385Z - [31merror[39m: Template render error: (/Users/damithch/Repos/git-mastery/git-mastery.github.io/lessons/trail/branchingLocally/text.md) [Line 24, Column 43]
  Template render error: (/Users/damithch/Repos/git-mastery/git-mastery.github.io/lessons/trail/branchingLocally/text.md) [Line 748, Column 193]
  Error: Unable to call `show_previous_link`, which is undefined or falsey
    at Object._prettifyError (/opt/homebrew/lib/node_modules/markbind-cli/node_modules/nunjucks/src/lib.js:32:11)
    at file:///opt/homebrew/lib/node_modules/markbind-cli/node_modules/@markbind/core/src/patches/nunjucks/context-overrides-frame.js:336:23
    at Template.root [as rootRenderFunc] (eval at _compile (/opt/homebrew/lib/node_modules/markbind-cli/node_modules/nunjucks/src/environment.js:527:18), <anonymous>:79:3)
    at Template.render (file:///opt/homebrew/lib/node_modules/markbind-cli/node_modules/@markbind/core/src/patches/nunjucks/context-overrides-frame.js:326:10)
    at file:///opt/homebrew/lib/node_modules/markbind-cli/node_modules/@markbind/core/src/patches/nunjucks/context-overrides-frame.js:55:31
    at Environment.getTemplate (file:///opt/homebrew/lib/node_modules/markbind-cli/node_modules/@markbind/core/src/patches/nunjucks/load-event.js:78:13)
    at Environment.render (file:///opt/homebrew/lib/node_modules/markbind-cli/node_modules/@markbind/core/src/patches/nunjucks/context-overrides-frame.js:47:10)
    at VariableRenderer.renderFile (file:///opt/homebrew/lib/node_modules/markbind-cli/node_modules/@markbind/core/src/variables/VariableRenderer.js:44:24)
    at VariableProcessor.renderWithSiteVariables (file:///opt/homebrew/lib/node_modules/markbind-cli/node_modules/@markbind/core/src/variables/VariableProcessor.js:125:57)
    at VariableProcessor.renderIncludeFile (file:///opt/homebrew/lib/node_modules/markbind-cli/node_modules/@markbind/core/src/variables/VariableProcessor.js:202:38)
2026-09-23T09:42:04.391Z - [36mverbose[39m: Rendering page: /Users/damithch/Repos/git-mastery/git-mastery.github.io/lessons/trail/index.md
2026-09-23T09:42:04.403Z - [36mverbose[39m: Rendering page: /Users/damithch/Repos/git-mastery/git-mastery.github.io/lessons/trail/fineTuningHistory/index.md
2026-09-23T09:42:04.442Z - [36mverbose[39m: Rendering page: /Users/damithch/Repos/git-mastery/git-mastery.github.io/lessons/trail/branchingLocally/index.md
2026-09-23T09:42:04.460Z - [36mverbose[39m: Rendering page: /Users/damithch/Repos/git-mastery/git-mastery.github.io/lessons/trail/backingUpOnCloud/index.md
2026-09-23T09:42:04.659Z - [36mverbose[39m: Rendering page: /Users/damithch/Repos/git-mastery/git-mastery.github.io/lessons/template/index.md
2026-09-23T09:42:04.665Z - [36mverbose[39m: Rendering page: /Users/damithch/Repos/git-mastery/git-mastery.github.io/lessons/tag/index.md
2026-09-23T09:42:04.680Z - [36mverbose[39m: Rendering page: /Users/damithch/Repos/git-mastery/git-mastery.github.io/lessons/syncByRebase/index.md
2026-09-23T09:42:04.794Z - [36mverbose[39m: Rendering page: /Users/damithch/Repos/git-mastery/git-mastery.github.io/lessons/syncByMerge/index.md
2026-09-23T09:42:04.975Z - [36mverbose[39m: Rendering page: /Users/damithch/Repos/git-mastery/git-mastery.github.io/lessons/stage/index.md
2026-09-23T09:42:04.993Z - [36mverbose[39m: Rendering page: /Users/damithch/Repos/git-mastery/git-mastery.github.io/lessons/show/index.md
2026-09-23T09:42:05.007Z - [36mverbose[39m: Rendering page: /Users/damithch/Repos/git-mastery/git-mastery.github.io/lessons/setRemote/index.md
2026-09-23T09:42:05.018Z - [36mverbose[39m: Rendering page: /Users/damithch/Repos/git-mastery/git-mastery.github.io/lessons/selectiveStage/index.md
2026-09-23T09:42:05.217Z - [36mverbose[39m: Rendering page: /Users/damithch/Repos/git-mastery/git-mastery.github.io/lessons/revert/index.md
2026-09-23T09:42:05.226Z - [36mverbose[39m: Rendering page: /Users/damithch/Repos/git-mastery/git-mastery.github.io/lessons/reset/index.md
2026-09-23T09:42:05.275Z - [36mverbose[39m: Rendering page: /Users/damithch/Repos/git-mastery/git-mastery.github.io/lessons/remoteBranchRename/index.md
2026-09-23T09:42:05.280Z - [36mverbose[39m: Rendering page: /Users/damithch/Repos/git-mastery/git-mastery.github.io/lessons/remoteRepos/index.md
2026-09-23T09:42:05.361Z - [36mverbose[39m: Rendering page: /Users/damithch/Repos/git-mastery/git-mastery.github.io/lessons/remoteBranchPush/index.md
2026-09-23T09:42:05.454Z - [36mverbose[39m: Rendering page: /Users/damithch/Repos/git-mastery/git-mastery.github.io/lessons/remoteBranchPull/index.md
2026-09-23T09:42:05.462Z - [36mverbose[39m: Rendering page: /Users/damithch/Repos/git-mastery/git-mastery.github.io/lessons/remoteBranchDelete/index.md
2026-09-23T09:42:05.587Z - [36mverbose[39m: Rendering page: /Users/damithch/Repos/git-mastery/git-mastery.github.io/lessons/push/index.md
2026-09-23T09:42:05.761Z - [36mverbose[39m: Rendering page: /Users/damithch/Repos/git-mastery/git-mastery.github.io/lessons/pull/index.md
2026-09-23T09:42:05.778Z - [36mverbose[39m: Rendering page: /Users/damithch/Repos/git-mastery/git-mastery.github.io/lessons/prsReview/index.md
2026-09-23T09:42:05.784Z - [36mverbose[39m: Rendering page: /Users/damithch/Repos/git-mastery/git-mastery.github.io/lessons/prsMerge/index.md
2026-09-23T09:42:05.790Z - [36mverbose[39m: Rendering page: /Users/damithch/Repos/git-mastery/git-mastery.github.io/lessons/prsCreate/index.md
2026-09-23T09:42:06.046Z - [36mverbose[39m: Rendering page: /Users/damithch/Repos/git-mastery/git-mastery.github.io/lessons/otherPmFeatures/index.md
2026-09-23T09:42:06.050Z - [36mverbose[39m: Rendering page: /Users/damithch/Repos/git-mastery/git-mastery.github.io/lessons/mergeConflicts/index.md
2026-09-23T09:42:06.056Z - [36mverbose[39m: Rendering page: /Users/damithch/Repos/git-mastery/git-mastery.github.io/lessons/merge/index.md
2026-09-23T09:42:06.072Z - [36mverbose[39m: Rendering page: /Users/damithch/Repos/git-mastery/git-mastery.github.io/lessons/log/index.md
2026-09-23T09:42:06.425Z - [36mverbose[39m: Rendering page: /Users/damithch/Repos/git-mastery/git-mastery.github.io/lessons/intro/index.md
2026-09-23T09:42:06.436Z - [36mverbose[39m: Rendering page: /Users/damithch/Repos/git-mastery/git-mastery.github.io/lessons/interactiveRebase/index.md
2026-09-23T09:42:06.455Z - [36mverbose[39m: Rendering page: /Users/damithch/Repos/git-mastery/git-mastery.github.io/lessons/init/index.md
2026-09-23T09:42:06.465Z - [36mverbose[39m: Rendering page: /Users/damithch/Repos/git-mastery/git-mastery.github.io/lessons/index.md
2026-09-23T09:42:06.750Z - [36mverbose[39m: Rendering page: /Users/damithch/Repos/git-mastery/git-mastery.github.io/lessons/ignore/index.md
2026-09-23T09:42:06.761Z - [36mverbose[39m: Rendering page: /Users/damithch/Repos/git-mastery/git-mastery.github.io/lessons/githubPrep/index.md
2026-09-23T09:42:06.768Z - [36mverbose[39m: Rendering page: /Users/damithch/Repos/git-mastery/git-mastery.github.io/lessons/gitPrep/index.md
2026-09-23T09:42:06.785Z - [36mverbose[39m: Rendering page: /Users/damithch/Repos/git-mastery/git-mastery.github.io/lessons/forkingWorkflow/index.md
2026-09-23T09:42:06.941Z - [36mverbose[39m: Rendering page: /Users/damithch/Repos/git-mastery/git-mastery.github.io/lessons/fork/index.md
2026-09-23T09:42:06.947Z - [36mverbose[39m: Rendering page: /Users/damithch/Repos/git-mastery/git-mastery.github.io/lessons/diff/index.md
2026-09-23T09:42:06.956Z - [36mverbose[39m: Rendering page: /Users/damithch/Repos/git-mastery/git-mastery.github.io/lessons/createRemoteRepo/index.md
2026-09-23T09:42:06.961Z - [36mverbose[39m: Rendering page: /Users/damithch/Repos/git-mastery/git-mastery.github.io/lessons/commitMessage/index.md
2026-09-23T09:42:07.207Z - [36mverbose[39m: Rendering page: /Users/damithch/Repos/git-mastery/git-mastery.github.io/lessons/commit/index.md
2026-09-23T09:42:07.219Z - [36mverbose[39m: Rendering page: /Users/damithch/Repos/git-mastery/git-mastery.github.io/lessons/clone/index.md
2026-09-23T09:42:07.225Z - [36mverbose[39m: Rendering page: /Users/damithch/Repos/git-mastery/git-mastery.github.io/lessons/cherryPick/index.md
2026-09-23T09:42:07.230Z - [36mverbose[39m: Rendering page: /Users/damithch/Repos/git-mastery/git-mastery.github.io/lessons/checkout/index.md
2026-09-23T09:42:07.473Z - [36mverbose[39m: Rendering page: /Users/damithch/Repos/git-mastery/git-mastery.github.io/lessons/branchRename/index.md
2026-09-23T09:42:07.480Z - [36mverbose[39m: Rendering page: /Users/damithch/Repos/git-mastery/git-mastery.github.io/lessons/branchDelete/index.md
2026-09-23T09:42:07.489Z - [36mverbose[39m: Rendering page: /Users/damithch/Repos/git-mastery/git-mastery.github.io/lessons/branch/index.md
2026-09-23T09:42:07.505Z - [36mverbose[39m: Rendering page: /Users/damithch/Repos/git-mastery/git-mastery.github.io/index.md
2026-09-23T09:42:07.517Z - [32minfo[39m: Pages built
2026-09-23T09:42:07.605Z - [32minfo[39m: Site data built
2026-09-23T09:42:07.605Z - [32minfo[39m: Website generation complete! Total build time: 12.387s
2026-09-23T09:42:07.605Z - [32minfo[39m: Build success!
2026-09-23T09:42:19.276Z - [32minfo[39m: [17:42:19] Reload for file change: /Users/damithch/Repos/git-mastery/git-mastery.github.io/lessons/trail/workingWithRemotes/text.md
2026-09-23T09:42:19.278Z - [32minfo[39m: Synchronizing opened pages list before reload
2026-09-23T09:42:19.279Z - [32minfo[39m: No pages are currently opened
2026-09-23T09:42:19.369Z - [32minfo[39m: [17:42:19] Reload for file change: /Users/damithch/Repos/git-mastery/git-mastery.github.io/lessons/trail/usingRevisionHistory/text.md
2026-09-23T09:42:19.369Z - [32minfo[39m: Synchronizing opened pages list before reload
2026-09-23T09:42:19.370Z - [32minfo[39m: No pages are currently opened
2026-09-23T09:42:19.471Z - [32minfo[39m: [17:42:19] Reload for file change: /Users/damithch/Repos/git-mastery/git-mastery.github.io/lessons/trail/fineTuningHistory/text.md
2026-09-23T09:42:19.471Z - [32minfo[39m: Synchronizing opened pages list before reload
2026-09-23T09:42:19.471Z - [32minfo[39m: No pages are currently opened
2026-09-23T09:42:19.570Z - [32minfo[39m: [17:42:19] Reload for file change: /Users/damithch/Repos/git-mastery/git-mastery.github.io/lessons/trail/branchingLocally/text.md
2026-09-23T09:42:19.571Z - [32minfo[39m: Synchronizing opened pages list before reload
2026-09-23T09:42:19.571Z - [32minfo[39m: No pages are currently opened
2026-09-23T09:42:19.572Z - [32minfo[39m: [17:42:19] Reload for file change: /Users/damithch/Repos/git-mastery/git-mastery.github.io/lessons/trail/syncingBranches/text.md
2026-09-23T09:42:19.572Z - [32minfo[39m: Synchronizing opened pages list before reload
2026-09-23T09:42:19.572Z - [32minfo[39m: No pages are currently opened
2026-09-23T09:42:19.672Z - [32minfo[39m: [17:42:19] Reload for file change: /Users/damithch/Repos/git-mastery/git-mastery.github.io/lessons/trail/remoteBranches/text.md
2026-09-23T09:42:19.672Z - [32minfo[39m: Synchronizing opened pages list before reload
2026-09-23T09:42:19.673Z - [32minfo[39m: No pages are currently opened
2026-09-23T09:42:19.673Z - [32minfo[39m: [17:42:19] Reload for file change: /Users/damithch/Repos/git-mastery/git-mastery.github.io/lessons/trail/workingWithPrs/text.md
2026-09-23T09:42:19.673Z - [32minfo[39m: Synchronizing opened pages list before reload
2026-09-23T09:42:19.673Z - [32minfo[39m: No pages are currently opened
2026-09-23T09:42:19.773Z - [32minfo[39m: [17:42:19] Reload for file change: /Users/damithch/Repos/git-mastery/git-mastery.github.io/lessons/trail/managingProjects/text.md
2026-09-23T09:42:19.773Z - [32minfo[39m: Synchronizing opened pages list before reload
2026-09-23T09:42:19.774Z - [32minfo[39m: No pages are currently opened
2026-09-23T09:42:20.282Z - [32minfo[39m: Assets built
2026-09-23T09:42:27.833Z - [32minfo[39m: Website generation started at 5:42:27 PM
2026-09-23T09:42:27.991Z - [32minfo[39m: Building assets...
2026-09-23T09:42:28.100Z - [32minfo[39m: Assets built
2026-09-23T09:42:28.101Z - [32minfo[39m: Generating pages...
2026-09-23T09:42:28.634Z - [36mverbose[39m: Rendering page: /Users/damithch/Repos/git-mastery/git-mastery.github.io/about/index.md
2026-09-23T09:42:28.643Z - [36mverbose[39m: Rendering page: /Users/damithch/Repos/git-mastery/git-mastery.github.io/companion-app/index.md
2026-09-23T09:42:28.662Z - [36mverbose[39m: Rendering page: /Users/damithch/Repos/git-mastery/git-mastery.github.io/faq/index.md
2026-09-23T09:42:28.665Z - [36mverbose[39m: Rendering page: /Users/damithch/Repos/git-mastery/git-mastery.github.io/exercises-directory/index.md
2026-09-23T09:42:28.745Z - [36mverbose[39m: Rendering page: /Users/damithch/Repos/git-mastery/git-mastery.github.io/versions/cs2113/insertions.md
2026-09-23T09:42:28.749Z - [36mverbose[39m: Rendering page: /Users/damithch/Repos/git-mastery/git-mastery.github.io/versions/cs2103/insertions.md
2026-09-23T09:42:28.762Z - [36mverbose[39m: Rendering page: /Users/damithch/Repos/git-mastery/git-mastery.github.io/lessons/trail/workingWithRemotes/end.md
2026-09-23T09:42:28.766Z - [36mverbose[39m: Rendering page: /Users/damithch/Repos/git-mastery/git-mastery.github.io/lessons/trail/workingWithPrs/end.md
2026-09-23T09:42:28.805Z - [36mverbose[39m: Rendering page: /Users/damithch/Repos/git-mastery/git-mastery.github.io/lessons/trail/usingRevisionHistory/end.md
2026-09-23T09:42:28.810Z - [36mverbose[39m: Rendering page: /Users/damithch/Repos/git-mastery/git-mastery.github.io/lessons/trail/syncingBranches/end.md
2026-09-23T09:42:28.825Z - [36mverbose[39m: Rendering page: /Users/damithch/Repos/git-mastery/git-mastery.github.io/lessons/trail/recordingFolderHistory/end.md
2026-09-23T09:42:28.828Z - [36mverbose[39m: Rendering page: /Users/damithch/Repos/git-mastery/git-mastery.github.io/lessons/trail/remoteBranches/end.md
2026-09-23T09:42:28.857Z - [36mverbose[39m: Rendering page: /Users/damithch/Repos/git-mastery/git-mastery.github.io/lessons/trail/managingProjects/end.md
2026-09-23T09:42:28.873Z - [36mverbose[39m: Rendering page: /Users/damithch/Repos/git-mastery/git-mastery.github.io/lessons/trail/fineTuningHistory/end.md
2026-09-23T09:42:29.163Z - [36mverbose[39m: Rendering page: /Users/damithch/Repos/git-mastery/git-mastery.github.io/lessons/trail/branchingLocally/end.md
2026-09-23T09:42:29.166Z - [36mverbose[39m: Rendering page: /Users/damithch/Repos/git-mastery/git-mastery.github.io/lessons/trail/backingUpOnCloud/end.md
2026-09-23T09:42:29.332Z - [36mverbose[39m: Rendering page: /Users/damithch/Repos/git-mastery/git-mastery.github.io/lessons/trail/workingWithRemotes/all.md
2026-09-23T09:42:29.820Z - [36mverbose[39m: Rendering page: /Users/damithch/Repos/git-mastery/git-mastery.github.io/lessons/trail/workingWithPrs/all.md
2026-09-23T09:42:29.947Z - [36mverbose[39m: Rendering page: /Users/damithch/Repos/git-mastery/git-mastery.github.io/lessons/trail/usingRevisionHistory/all.md
2026-09-23T09:42:29.992Z - [36mverbose[39m: Rendering page: /Users/damithch/Repos/git-mastery/git-mastery.github.io/lessons/trail/syncingBranches/all.md
2026-09-23T09:42:30.550Z - [36mverbose[39m: Rendering page: /Users/damithch/Repos/git-mastery/git-mastery.github.io/lessons/trail/remoteBranches/all.md
2026-09-23T09:42:30.564Z - [36mverbose[39m: Rendering page: /Users/damithch/Repos/git-mastery/git-mastery.github.io/lessons/trail/recordingFolderHistory/all.md
2026-09-23T09:42:30.617Z - [36mverbose[39m: Rendering page: /Users/damithch/Repos/git-mastery/git-mastery.github.io/lessons/trail/managingProjects/all.md
2026-09-23T09:42:31.056Z - [36mverbose[39m: Rendering page: /Users/damithch/Repos/git-mastery/git-mastery.github.io/lessons/trail/fineTuningHistory/all.md
2026-09-23T09:42:34.032Z - [36mverbose[39m: Rendering page: /Users/damithch/Repos/git-mastery/git-mastery.github.io/lessons/trail/branchingLocally/all.md
2026-09-23T09:42:34.088Z - [36mverbose[39m: Rendering page: /Users/damithch/Repos/git-mastery/git-mastery.github.io/lessons/trail/backingUpOnCloud/all.md
2026-09-23T09:42:34.120Z - [36mverbose[39m: Rendering page: /Users/damithch/Repos/git-mastery/git-mastery.github.io/lessons/tag/exercise-tags-update.md
2026-09-23T09:42:34.136Z - [36mverbose[39m: Rendering page: /Users/damithch/Repos/git-mastery/git-mastery.github.io/lessons/trail/all.md
2026-09-23T09:42:34.355Z - [36mverbose[39m: Rendering page: /Users/damithch/Repos/git-mastery/git-mastery.github.io/lessons/tag/exercise-tags-push.md
2026-09-23T09:42:34.357Z - [36mverbose[39m: Rendering page: /Users/damithch/Repos/git-mastery/git-mastery.github.io/lessons/tag/exercise-tags-add.md
2026-09-23T09:42:34.365Z - [36mverbose[39m: Rendering page: /Users/damithch/Repos/git-mastery/git-mastery.github.io/lessons/stage/exercise-stage-fright.md
2026-09-23T09:42:34.390Z - [36mverbose[39m: Rendering page: /Users/damithch/Repos/git-mastery/git-mastery.github.io/lessons/show/exercise-view-commits.md
2026-09-23T09:42:34.393Z - [36mverbose[39m: Rendering page: /Users/damithch/Repos/git-mastery/git-mastery.github.io/lessons/setRemote/exercise-link-me.md
2026-09-23T09:42:34.401Z - [36mverbose[39m: Rendering page: /Users/damithch/Repos/git-mastery/git-mastery.github.io/lessons/reset/exercise-sensors-reset.md
2026-09-23T09:42:34.403Z - [36mverbose[39m: Rendering page: /Users/damithch/Repos/git-mastery/git-mastery.github.io/lessons/revert/exercise-sensors-revert.md
2026-09-23T09:42:34.420Z - [36mverbose[39m: Rendering page: /Users/damithch/Repos/git-mastery/git-mastery.github.io/lessons/remoteBranchRename/exercise-remote-branch-rename.md
2026-09-23T09:42:34.431Z - [36mverbose[39m: Rendering page: /Users/damithch/Repos/git-mastery/git-mastery.github.io/lessons/remoteBranchRename/exercise-glossary-branch-rename.md
2026-09-23T09:42:34.441Z - [36mverbose[39m: Rendering page: /Users/damithch/Repos/git-mastery/git-mastery.github.io/lessons/remoteBranchPush/exercise-glossary-branch-push.md
2026-09-23T09:42:34.449Z - [36mverbose[39m: Rendering page: /Users/damithch/Repos/git-mastery/git-mastery.github.io/lessons/remoteBranchPull/exercise-glossary-branch-pull.md
2026-09-23T09:42:34.452Z - [36mverbose[39m: Rendering page: /Users/damithch/Repos/git-mastery/git-mastery.github.io/lessons/remoteBranchDelete/exercise-glossary-branch-delete.md
2026-09-23T09:42:34.472Z - [36mverbose[39m: Rendering page: /Users/damithch/Repos/git-mastery/git-mastery.github.io/lessons/push/exercise-push-over.md
2026-09-23T09:42:34.480Z - [36mverbose[39m: Rendering page: /Users/damithch/Repos/git-mastery/git-mastery.github.io/lessons/pull/exercise-fetch-and-pull.md
2026-09-23T09:42:34.490Z - [36mverbose[39m: Rendering page: /Users/damithch/Repos/git-mastery/git-mastery.github.io/lessons/prsCreate/exercise-create-pr-from-main.md
2026-09-23T09:42:34.502Z - [36mverbose[39m: Rendering page: /Users/damithch/Repos/git-mastery/git-mastery.github.io/lessons/merge/exercise-merge-undo.md
2026-09-23T09:42:34.510Z - [36mverbose[39m: Rendering page: /Users/damithch/Repos/git-mastery/git-mastery.github.io/lessons/mergeConflicts/exercise-conflict-mediator.md
2026-09-23T09:42:34.512Z - [36mverbose[39m: Rendering page: /Users/damithch/Repos/git-mastery/git-mastery.github.io/lessons/merge/exercise-merge-squash.md
2026-09-23T09:42:34.515Z - [36mverbose[39m: Rendering page: /Users/damithch/Repos/git-mastery/git-mastery.github.io/lessons/merge/exercise-ff-undo.md
2026-09-23T09:42:34.547Z - [36mverbose[39m: Rendering page: /Users/damithch/Repos/git-mastery/git-mastery.github.io/lessons/merge/exercise-branch-compare.md
2026-09-23T09:42:34.550Z - [36mverbose[39m: Rendering page: /Users/damithch/Repos/git-mastery/git-mastery.github.io/lessons/merge/exercise-branch-forward.md
2026-09-23T09:42:34.553Z - [36mverbose[39m: Rendering page: /Users/damithch/Repos/git-mastery/git-mastery.github.io/lessons/log/exercise-log-and-order.md
2026-09-23T09:42:34.555Z - [36mverbose[39m: Rendering page: /Users/damithch/Repos/git-mastery/git-mastery.github.io/lessons/merge/exercise-branch-bender.md
2026-09-23T09:42:34.575Z - [36mverbose[39m: Rendering page: /Users/damithch/Repos/git-mastery/git-mastery.github.io/lessons/init/exercise-under-control.md
2026-09-23T09:42:34.587Z - [36mverbose[39m: Rendering page: /Users/damithch/Repos/git-mastery/git-mastery.github.io/lessons/init/exercise-undo-init.md
2026-09-23T09:42:34.603Z - [36mverbose[39m: Rendering page: /Users/damithch/Repos/git-mastery/git-mastery.github.io/lessons/ignore/exercise-ignoring-somethings.md
2026-09-23T09:42:34.613Z - [36mverbose[39m: Rendering page: /Users/damithch/Repos/git-mastery/git-mastery.github.io/lessons/fork/exercise-fork-repo.md
2026-09-23T09:42:34.620Z - [36mverbose[39m: Rendering page: /Users/damithch/Repos/git-mastery/git-mastery.github.io/lessons/diff/exercise-sensors-diff.md
2026-09-23T09:42:34.629Z - [36mverbose[39m: Rendering page: /Users/damithch/Repos/git-mastery/git-mastery.github.io/lessons/createRemoteRepo/exercise-remote-control.md
2026-09-23T09:42:34.631Z - [36mverbose[39m: Rendering page: /Users/damithch/Repos/git-mastery/git-mastery.github.io/lessons/commit/exercise-staging-intervention.md
2026-09-23T09:42:34.649Z - [36mverbose[39m: Rendering page: /Users/damithch/Repos/git-mastery/git-mastery.github.io/lessons/commit/exercise-grocery-shopping.md
2026-09-23T09:42:34.658Z - [36mverbose[39m: Rendering page: /Users/damithch/Repos/git-mastery/git-mastery.github.io/lessons/clone/exercise-clone-repo.md
2026-09-23T09:42:34.671Z - [36mverbose[39m: Rendering page: /Users/damithch/Repos/git-mastery/git-mastery.github.io/lessons/checkout/exercise-sensors-checkout.md
2026-09-23T09:42:34.686Z - [36mverbose[39m: Rendering page: /Users/damithch/Repos/git-mastery/git-mastery.github.io/lessons/branchRename/exercise-branch-rename.md
2026-09-23T09:42:34.694Z - [36mverbose[39m: Rendering page: /Users/damithch/Repos/git-mastery/git-mastery.github.io/lessons/branchDelete/exercise-mix-messy-graph.md
2026-09-23T09:42:34.725Z - [36mverbose[39m: Rendering page: /Users/damithch/Repos/git-mastery/git-mastery.github.io/lessons/branchDelete/exercise-mix-messy-docs.md
2026-09-23T09:42:34.729Z - [36mverbose[39m: Rendering page: /Users/damithch/Repos/git-mastery/git-mastery.github.io/lessons/branchDelete/exercise-branch-delete.md
2026-09-23T09:42:34.742Z - [36mverbose[39m: Rendering page: /Users/damithch/Repos/git-mastery/git-mastery.github.io/lessons/branch/exercise-side-track.md
2026-09-23T09:42:34.748Z - [36mverbose[39m: Rendering page: /Users/damithch/Repos/git-mastery/git-mastery.github.io/lessons/branch/exercise-branch-previous.md
2026-09-23T09:42:34.794Z - [36mverbose[39m: Rendering page: /Users/damithch/Repos/git-mastery/git-mastery.github.io/versions/cs2113/index.md
2026-09-23T09:42:34.796Z - [36mverbose[39m: Rendering page: /Users/damithch/Repos/git-mastery/git-mastery.github.io/versions/cs2103/index.md
2026-09-23T09:42:34.811Z - [36mverbose[39m: Rendering page: /Users/damithch/Repos/git-mastery/git-mastery.github.io/lessons/worktrees/index.md
2026-09-23T09:42:34.857Z - [36mverbose[39m: Rendering page: /Users/damithch/Repos/git-mastery/git-mastery.github.io/lessons/workflows/index.md
2026-09-23T09:42:34.892Z - [36mverbose[39m: Rendering page: /Users/damithch/Repos/git-mastery/git-mastery.github.io/lessons/trail/workingWithPrs/index.md
2026-09-23T09:42:34.895Z - [36mverbose[39m: Rendering page: /Users/damithch/Repos/git-mastery/git-mastery.github.io/lessons/trail/workingWithRemotes/index.md
2026-09-23T09:42:34.899Z - [36mverbose[39m: Rendering page: /Users/damithch/Repos/git-mastery/git-mastery.github.io/lessons/trail/usingRevisionHistory/index.md
2026-09-23T09:42:34.966Z - [36mverbose[39m: Rendering page: /Users/damithch/Repos/git-mastery/git-mastery.github.io/lessons/trail/syncingBranches/index.md
2026-09-23T09:42:34.984Z - [36mverbose[39m: Rendering page: /Users/damithch/Repos/git-mastery/git-mastery.github.io/lessons/trail/remoteBranches/index.md
2026-09-23T09:42:34.988Z - [36mverbose[39m: Rendering page: /Users/damithch/Repos/git-mastery/git-mastery.github.io/lessons/trail/recordingFolderHistory/index.md
2026-09-23T09:42:34.992Z - [36mverbose[39m: Rendering page: /Users/damithch/Repos/git-mastery/git-mastery.github.io/lessons/trail/managingProjects/index.md
2026-09-23T09:42:35.257Z - [36mverbose[39m: Rendering page: /Users/damithch/Repos/git-mastery/git-mastery.github.io/lessons/trail/fineTuningHistory/index.md
2026-09-23T09:42:35.261Z - [36mverbose[39m: Rendering page: /Users/damithch/Repos/git-mastery/git-mastery.github.io/lessons/trail/index.md
2026-09-23T09:42:35.268Z - [36mverbose[39m: Rendering page: /Users/damithch/Repos/git-mastery/git-mastery.github.io/lessons/trail/branchingLocally/index.md
2026-09-23T09:42:35.271Z - [36mverbose[39m: Rendering page: /Users/damithch/Repos/git-mastery/git-mastery.github.io/lessons/trail/backingUpOnCloud/index.md
2026-09-23T09:42:35.419Z - [36mverbose[39m: Rendering page: /Users/damithch/Repos/git-mastery/git-mastery.github.io/lessons/tag/index.md
2026-09-23T09:42:35.431Z - [36mverbose[39m: Rendering page: /Users/damithch/Repos/git-mastery/git-mastery.github.io/lessons/template/index.md
2026-09-23T09:42:35.435Z - [36mverbose[39m: Rendering page: /Users/damithch/Repos/git-mastery/git-mastery.github.io/lessons/syncByRebase/index.md
2026-09-23T09:42:35.531Z - [36mverbose[39m: Rendering page: /Users/damithch/Repos/git-mastery/git-mastery.github.io/lessons/syncByMerge/index.md
2026-09-23T09:42:35.656Z - [36mverbose[39m: Rendering page: /Users/damithch/Repos/git-mastery/git-mastery.github.io/lessons/stage/index.md
2026-09-23T09:42:35.671Z - [36mverbose[39m: Rendering page: /Users/damithch/Repos/git-mastery/git-mastery.github.io/lessons/show/index.md
2026-09-23T09:42:35.680Z - [36mverbose[39m: Rendering page: /Users/damithch/Repos/git-mastery/git-mastery.github.io/lessons/setRemote/index.md
2026-09-23T09:42:35.688Z - [36mverbose[39m: Rendering page: /Users/damithch/Repos/git-mastery/git-mastery.github.io/lessons/selectiveStage/index.md
2026-09-23T09:42:35.859Z - [36mverbose[39m: Rendering page: /Users/damithch/Repos/git-mastery/git-mastery.github.io/lessons/revert/index.md
2026-09-23T09:42:35.865Z - [36mverbose[39m: Rendering page: /Users/damithch/Repos/git-mastery/git-mastery.github.io/lessons/reset/index.md
2026-09-23T09:42:35.879Z - [36mverbose[39m: Rendering page: /Users/damithch/Repos/git-mastery/git-mastery.github.io/lessons/remoteBranchRename/index.md
2026-09-23T09:42:35.884Z - [36mverbose[39m: Rendering page: /Users/damithch/Repos/git-mastery/git-mastery.github.io/lessons/remoteRepos/index.md
2026-09-23T09:42:36.064Z - [36mverbose[39m: Rendering page: /Users/damithch/Repos/git-mastery/git-mastery.github.io/lessons/remoteBranchPush/index.md
2026-09-23T09:42:36.069Z - [36mverbose[39m: Rendering page: /Users/damithch/Repos/git-mastery/git-mastery.github.io/lessons/remoteBranchPull/index.md
2026-09-23T09:42:36.076Z - [36mverbose[39m: Rendering page: /Users/damithch/Repos/git-mastery/git-mastery.github.io/lessons/remoteBranchDelete/index.md
2026-09-23T09:42:36.080Z - [36mverbose[39m: Rendering page: /Users/damithch/Repos/git-mastery/git-mastery.github.io/lessons/push/index.md
2026-09-23T09:42:36.340Z - [36mverbose[39m: Rendering page: /Users/damithch/Repos/git-mastery/git-mastery.github.io/lessons/pull/index.md
2026-09-23T09:42:36.353Z - [36mverbose[39m: Rendering page: /Users/damithch/Repos/git-mastery/git-mastery.github.io/lessons/prsReview/index.md
2026-09-23T09:42:36.358Z - [36mverbose[39m: Rendering page: /Users/damithch/Repos/git-mastery/git-mastery.github.io/lessons/prsMerge/index.md
2026-09-23T09:42:36.366Z - [36mverbose[39m: Rendering page: /Users/damithch/Repos/git-mastery/git-mastery.github.io/lessons/prsCreate/index.md
2026-09-23T09:42:36.595Z - [36mverbose[39m: Rendering page: /Users/damithch/Repos/git-mastery/git-mastery.github.io/lessons/mergeConflicts/index.md
2026-09-23T09:42:36.602Z - [36mverbose[39m: Rendering page: /Users/damithch/Repos/git-mastery/git-mastery.github.io/lessons/merge/index.md
2026-09-23T09:42:36.615Z - [36mverbose[39m: Rendering page: /Users/damithch/Repos/git-mastery/git-mastery.github.io/lessons/otherPmFeatures/index.md
2026-09-23T09:42:36.619Z - [36mverbose[39m: Rendering page: /Users/damithch/Repos/git-mastery/git-mastery.github.io/lessons/log/index.md
2026-09-23T09:42:36.921Z - [36mverbose[39m: Rendering page: /Users/damithch/Repos/git-mastery/git-mastery.github.io/lessons/intro/index.md
2026-09-23T09:42:36.925Z - [36mverbose[39m: Rendering page: /Users/damithch/Repos/git-mastery/git-mastery.github.io/lessons/init/index.md
2026-09-23T09:42:36.933Z - [36mverbose[39m: Rendering page: /Users/damithch/Repos/git-mastery/git-mastery.github.io/lessons/interactiveRebase/index.md
2026-09-23T09:42:36.940Z - [36mverbose[39m: Rendering page: /Users/damithch/Repos/git-mastery/git-mastery.github.io/lessons/index.md
2026-09-23T09:42:37.150Z - [36mverbose[39m: Rendering page: /Users/damithch/Repos/git-mastery/git-mastery.github.io/lessons/ignore/index.md
2026-09-23T09:42:37.161Z - [36mverbose[39m: Rendering page: /Users/damithch/Repos/git-mastery/git-mastery.github.io/lessons/githubPrep/index.md
2026-09-23T09:42:37.169Z - [36mverbose[39m: Rendering page: /Users/damithch/Repos/git-mastery/git-mastery.github.io/lessons/gitPrep/index.md
2026-09-23T09:42:37.182Z - [36mverbose[39m: Rendering page: /Users/damithch/Repos/git-mastery/git-mastery.github.io/lessons/forkingWorkflow/index.md
2026-09-23T09:42:37.300Z - [36mverbose[39m: Rendering page: /Users/damithch/Repos/git-mastery/git-mastery.github.io/lessons/fork/index.md
2026-09-23T09:42:37.304Z - [36mverbose[39m: Rendering page: /Users/damithch/Repos/git-mastery/git-mastery.github.io/lessons/diff/index.md
2026-09-23T09:42:37.315Z - [36mverbose[39m: Rendering page: /Users/damithch/Repos/git-mastery/git-mastery.github.io/lessons/createRemoteRepo/index.md
2026-09-23T09:42:37.393Z - [36mverbose[39m: Rendering page: /Users/damithch/Repos/git-mastery/git-mastery.github.io/lessons/commitMessage/index.md
2026-09-23T09:42:37.449Z - [36mverbose[39m: Rendering page: /Users/damithch/Repos/git-mastery/git-mastery.github.io/lessons/clone/index.md
2026-09-23T09:42:37.509Z - [36mverbose[39m: Rendering page: /Users/damithch/Repos/git-mastery/git-mastery.github.io/lessons/commit/index.md
2026-09-23T09:42:37.522Z - [36mverbose[39m: Rendering page: /Users/damithch/Repos/git-mastery/git-mastery.github.io/lessons/cherryPick/index.md
2026-09-23T09:42:37.559Z - [36mverbose[39m: Rendering page: /Users/damithch/Repos/git-mastery/git-mastery.github.io/lessons/checkout/index.md
2026-09-23T09:42:37.725Z - [36mverbose[39m: Rendering page: /Users/damithch/Repos/git-mastery/git-mastery.github.io/lessons/branchRename/index.md
2026-09-23T09:42:37.742Z - [36mverbose[39m: Rendering page: /Users/damithch/Repos/git-mastery/git-mastery.github.io/lessons/branchDelete/index.md
2026-09-23T09:42:37.752Z - [36mverbose[39m: Rendering page: /Users/damithch/Repos/git-mastery/git-mastery.github.io/lessons/branch/index.md
2026-09-23T09:42:37.764Z - [36mverbose[39m: Rendering page: /Users/damithch/Repos/git-mastery/git-mastery.github.io/index.md
2026-09-23T09:42:37.772Z - [32minfo[39m: Pages built
2026-09-23T09:42:37.854Z - [32minfo[39m: Site data built
2026-09-23T09:42:37.854Z - [32minfo[39m: Website generation complete! Total build time: 10.083s
2026-09-23T09:42:37.854Z - [32minfo[39m: Build success!
2026-09-23T09:48:21.014Z - [32minfo[39m: Website generation (lazy) started at 17:48:20
2026-09-23T09:48:21.187Z - [32minfo[39m: Building assets...
2026-09-23T09:48:21.303Z - [32minfo[39m: Assets built
2026-09-23T09:48:21.303Z - [32minfo[39m: Generating landing page...
2026-09-23T09:48:21.387Z - [36mverbose[39m: Rendering page: /Users/damithch/Repos/git-mastery/git-mastery.github.io/index.md
2026-09-23T09:48:21.408Z - [32minfo[39m: Landing page built, other pages will be built as you navigate to them!
2026-09-23T09:48:21.505Z - [32minfo[39m: Site data built
2026-09-23T09:48:21.505Z - [32minfo[39m: Website generation (lazy) complete! Total build time: 0.631s
2026-09-23T09:48:21.517Z - [32minfo[39m: Serving "/Users/damithch/Repos/git-mastery/git-mastery.github.io/_site" at http://127.0.0.1:8080
2026-09-23T09:48:21.517Z - [32minfo[39m: Press CTRL+C to stop ...
2026-09-23T09:48:23.518Z - [32minfo[39m: Building /Users/damithch/Repos/git-mastery/git-mastery.github.io/versions/cs2103/insertions as some of its dependencies were changed since the last visit
2026-09-23T09:48:23.555Z - [36mverbose[39m: Rendering page: /Users/damithch/Repos/git-mastery/git-mastery.github.io/versions/cs2103/insertions.md
2026-09-23T09:48:23.558Z - [32minfo[39m: Site data built
2026-09-23T09:48:23.558Z - [32minfo[39m: Lazy website regeneration complete! Total build time: 0.041s
2026-09-23T09:48:36.118Z - [32minfo[39m: Building /Users/damithch/Repos/git-mastery/git-mastery.github.io/lessons/index as some of its dependencies were changed since the last visit
2026-09-23T09:48:36.547Z - [36mverbose[39m: Rendering page: /Users/damithch/Repos/git-mastery/git-mastery.github.io/lessons/index.md
2026-09-23T09:48:36.564Z - [32minfo[39m: Site data built
2026-09-23T09:48:36.564Z - [32minfo[39m: Lazy website regeneration complete! Total build time: 0.447s
2026-09-23T09:48:42.479Z - [32minfo[39m: Building /Users/damithch/Repos/git-mastery/git-mastery.github.io/lessons/trail/recordingFolderHistory/index as some of its dependencies were changed since the last visit
2026-09-23T09:48:42.571Z - [36mverbose[39m: Rendering page: /Users/damithch/Repos/git-mastery/git-mastery.github.io/lessons/trail/recordingFolderHistory/index.md
2026-09-23T09:48:42.576Z - [32minfo[39m: Site data built
2026-09-23T09:48:42.576Z - [32minfo[39m: Lazy website regeneration complete! Total build time: 0.099s
2026-09-23T09:48:47.965Z - [32minfo[39m: Building /Users/damithch/Repos/git-mastery/git-mastery.github.io/lessons/intro/index as some of its dependencies were changed since the last visit
2026-09-23T09:48:48.057Z - [36mverbose[39m: Rendering page: /Users/damithch/Repos/git-mastery/git-mastery.github.io/lessons/intro/index.md
2026-09-23T09:48:48.077Z - [32minfo[39m: Site data built
2026-09-23T09:48:48.077Z - [32minfo[39m: Lazy website regeneration complete! Total build time: 0.112s
2026-09-23T09:49:06.770Z - [32minfo[39m: Building /Users/damithch/Repos/git-mastery/git-mastery.github.io/lessons/gitPrep/index as some of its dependencies were changed since the last visit
2026-09-23T09:49:06.945Z - [36mverbose[39m: Rendering page: /Users/damithch/Repos/git-mastery/git-mastery.github.io/lessons/gitPrep/index.md
2026-09-23T09:49:06.970Z - [32minfo[39m: Site data built
2026-09-23T09:49:06.970Z - [32minfo[39m: Lazy website regeneration complete! Total build time: 0.201s
2026-09-23T09:49:16.457Z - [32minfo[39m: Building /Users/damithch/Repos/git-mastery/git-mastery.github.io/lessons/trail/branchingLocally/end as some of its dependencies were changed since the last visit
2026-09-23T09:49:16.532Z - [36mverbose[39m: Rendering page: /Users/damithch/Repos/git-mastery/git-mastery.github.io/lessons/trail/branchingLocally/end.md
2026-09-23T09:49:16.546Z - [32minfo[39m: Site data built
2026-09-23T09:49:16.546Z - [32minfo[39m: Lazy website regeneration complete! Total build time: 0.089s
2026-09-23T09:49:22.795Z - [32minfo[39m: Building /Users/damithch/Repos/git-mastery/git-mastery.github.io/lessons/trail/syncingBranches/index as some of its dependencies were changed since the last visit
2026-09-23T09:49:22.871Z - [36mverbose[39m: Rendering page: /Users/damithch/Repos/git-mastery/git-mastery.github.io/lessons/trail/syncingBranches/index.md
2026-09-23T09:49:22.879Z - [32minfo[39m: Site data built
2026-09-23T09:49:22.879Z - [32minfo[39m: Lazy website regeneration complete! Total build time: 0.087s
2026-09-23T09:50:07.076Z - [32minfo[39m: Website generation started at 17:50:06
2026-09-23T09:50:07.237Z - [32minfo[39m: Building assets...
2026-09-23T09:50:07.364Z - [32minfo[39m: Assets built
2026-09-23T09:50:07.365Z - [32minfo[39m: Generating pages...
2026-09-23T09:50:07.952Z - [36mverbose[39m: Rendering page: /Users/damithch/Repos/git-mastery/git-mastery.github.io/about/index.md
2026-09-23T09:50:07.963Z - [36mverbose[39m: Rendering page: /Users/damithch/Repos/git-mastery/git-mastery.github.io/companion-app/index.md
2026-09-23T09:50:07.984Z - [36mverbose[39m: Rendering page: /Users/damithch/Repos/git-mastery/git-mastery.github.io/faq/index.md
2026-09-23T09:50:07.986Z - [36mverbose[39m: Rendering page: /Users/damithch/Repos/git-mastery/git-mastery.github.io/exercises-directory/index.md
2026-09-23T09:50:08.063Z - [36mverbose[39m: Rendering page: /Users/damithch/Repos/git-mastery/git-mastery.github.io/versions/cs2103/insertions.md
2026-09-23T09:50:08.077Z - [36mverbose[39m: Rendering page: /Users/damithch/Repos/git-mastery/git-mastery.github.io/versions/cs2113/insertions.md
2026-09-23T09:50:08.113Z - [36mverbose[39m: Rendering page: /Users/damithch/Repos/git-mastery/git-mastery.github.io/lessons/trail/workingWithRemotes/end.md
2026-09-23T09:50:08.118Z - [36mverbose[39m: Rendering page: /Users/damithch/Repos/git-mastery/git-mastery.github.io/lessons/trail/workingWithPrs/end.md
2026-09-23T09:50:08.141Z - [36mverbose[39m: Rendering page: /Users/damithch/Repos/git-mastery/git-mastery.github.io/lessons/trail/usingRevisionHistory/end.md
2026-09-23T09:50:08.146Z - [36mverbose[39m: Rendering page: /Users/damithch/Repos/git-mastery/git-mastery.github.io/lessons/trail/syncingBranches/end.md
2026-09-23T09:50:08.181Z - [36mverbose[39m: Rendering page: /Users/damithch/Repos/git-mastery/git-mastery.github.io/lessons/trail/remoteBranches/end.md
2026-09-23T09:50:08.200Z - [36mverbose[39m: Rendering page: /Users/damithch/Repos/git-mastery/git-mastery.github.io/lessons/trail/recordingFolderHistory/end.md
2026-09-23T09:50:08.219Z - [36mverbose[39m: Rendering page: /Users/damithch/Repos/git-mastery/git-mastery.github.io/lessons/trail/managingProjects/end.md
2026-09-23T09:50:08.223Z - [36mverbose[39m: Rendering page: /Users/damithch/Repos/git-mastery/git-mastery.github.io/lessons/trail/fineTuningHistory/end.md
2026-09-23T09:50:08.617Z - [36mverbose[39m: Rendering page: /Users/damithch/Repos/git-mastery/git-mastery.github.io/lessons/trail/branchingLocally/end.md
2026-09-23T09:50:08.624Z - [36mverbose[39m: Rendering page: /Users/damithch/Repos/git-mastery/git-mastery.github.io/lessons/trail/backingUpOnCloud/end.md
2026-09-23T09:50:09.055Z - [36mverbose[39m: Rendering page: /Users/damithch/Repos/git-mastery/git-mastery.github.io/lessons/trail/workingWithPrs/all.md
2026-09-23T09:50:09.072Z - [36mverbose[39m: Rendering page: /Users/damithch/Repos/git-mastery/git-mastery.github.io/lessons/trail/workingWithRemotes/all.md
2026-09-23T09:50:09.299Z - [36mverbose[39m: Rendering page: /Users/damithch/Repos/git-mastery/git-mastery.github.io/lessons/trail/usingRevisionHistory/all.md
2026-09-23T09:50:09.831Z - [36mverbose[39m: Rendering page: /Users/damithch/Repos/git-mastery/git-mastery.github.io/lessons/trail/syncingBranches/all.md
2026-09-23T09:50:09.841Z - [36mverbose[39m: Rendering page: /Users/damithch/Repos/git-mastery/git-mastery.github.io/lessons/trail/remoteBranches/all.md
2026-09-23T09:50:09.913Z - [36mverbose[39m: Rendering page: /Users/damithch/Repos/git-mastery/git-mastery.github.io/lessons/trail/recordingFolderHistory/all.md
2026-09-23T09:50:10.047Z - [36mverbose[39m: Rendering page: /Users/damithch/Repos/git-mastery/git-mastery.github.io/lessons/trail/managingProjects/all.md
2026-09-23T09:50:11.618Z - [36mverbose[39m: Rendering page: /Users/damithch/Repos/git-mastery/git-mastery.github.io/lessons/trail/fineTuningHistory/all.md
2026-09-23T09:50:15.754Z - [36mverbose[39m: Rendering page: /Users/damithch/Repos/git-mastery/git-mastery.github.io/lessons/trail/branchingLocally/all.md
2026-09-23T09:50:15.815Z - [36mverbose[39m: Rendering page: /Users/damithch/Repos/git-mastery/git-mastery.github.io/lessons/trail/backingUpOnCloud/all.md
2026-09-23T09:50:15.848Z - [36mverbose[39m: Rendering page: /Users/damithch/Repos/git-mastery/git-mastery.github.io/lessons/tag/exercise-tags-update.md
2026-09-23T09:50:15.865Z - [36mverbose[39m: Rendering page: /Users/damithch/Repos/git-mastery/git-mastery.github.io/lessons/trail/all.md
2026-09-23T09:50:16.094Z - [36mverbose[39m: Rendering page: /Users/damithch/Repos/git-mastery/git-mastery.github.io/lessons/tag/exercise-tags-push.md
2026-09-23T09:50:16.096Z - [36mverbose[39m: Rendering page: /Users/damithch/Repos/git-mastery/git-mastery.github.io/lessons/tag/exercise-tags-add.md
2026-09-23T09:50:16.105Z - [36mverbose[39m: Rendering page: /Users/damithch/Repos/git-mastery/git-mastery.github.io/lessons/stage/exercise-stage-fright.md
2026-09-23T09:50:16.122Z - [36mverbose[39m: Rendering page: /Users/damithch/Repos/git-mastery/git-mastery.github.io/lessons/show/exercise-view-commits.md
2026-09-23T09:50:16.135Z - [36mverbose[39m: Rendering page: /Users/damithch/Repos/git-mastery/git-mastery.github.io/lessons/setRemote/exercise-link-me.md
2026-09-23T09:50:16.144Z - [36mverbose[39m: Rendering page: /Users/damithch/Repos/git-mastery/git-mastery.github.io/lessons/revert/exercise-sensors-revert.md
2026-09-23T09:50:16.146Z - [36mverbose[39m: Rendering page: /Users/damithch/Repos/git-mastery/git-mastery.github.io/lessons/reset/exercise-sensors-reset.md
2026-09-23T09:50:16.163Z - [36mverbose[39m: Rendering page: /Users/damithch/Repos/git-mastery/git-mastery.github.io/lessons/remoteBranchRename/exercise-remote-branch-rename.md
2026-09-23T09:50:16.177Z - [36mverbose[39m: Rendering page: /Users/damithch/Repos/git-mastery/git-mastery.github.io/lessons/remoteBranchRename/exercise-glossary-branch-rename.md
2026-09-23T09:50:16.188Z - [36mverbose[39m: Rendering page: /Users/damithch/Repos/git-mastery/git-mastery.github.io/lessons/remoteBranchPush/exercise-glossary-branch-push.md
2026-09-23T09:50:16.191Z - [36mverbose[39m: Rendering page: /Users/damithch/Repos/git-mastery/git-mastery.github.io/lessons/remoteBranchPull/exercise-glossary-branch-pull.md
2026-09-23T09:50:16.209Z - [36mverbose[39m: Rendering page: /Users/damithch/Repos/git-mastery/git-mastery.github.io/lessons/remoteBranchDelete/exercise-glossary-branch-delete.md
2026-09-23T09:50:16.224Z - [36mverbose[39m: Rendering page: /Users/damithch/Repos/git-mastery/git-mastery.github.io/lessons/push/exercise-push-over.md
2026-09-23T09:50:16.233Z - [36mverbose[39m: Rendering page: /Users/damithch/Repos/git-mastery/git-mastery.github.io/lessons/pull/exercise-fetch-and-pull.md
2026-09-23T09:50:16.235Z - [36mverbose[39m: Rendering page: /Users/damithch/Repos/git-mastery/git-mastery.github.io/lessons/prsCreate/exercise-create-pr-from-main.md
2026-09-23T09:50:16.256Z - [36mverbose[39m: Rendering page: /Users/damithch/Repos/git-mastery/git-mastery.github.io/lessons/mergeConflicts/exercise-conflict-mediator.md
2026-09-23T09:50:16.269Z - [36mverbose[39m: Rendering page: /Users/damithch/Repos/git-mastery/git-mastery.github.io/lessons/merge/exercise-merge-squash.md
2026-09-23T09:50:16.271Z - [36mverbose[39m: Rendering page: /Users/damithch/Repos/git-mastery/git-mastery.github.io/lessons/merge/exercise-merge-undo.md
2026-09-23T09:50:16.280Z - [36mverbose[39m: Rendering page: /Users/damithch/Repos/git-mastery/git-mastery.github.io/lessons/merge/exercise-ff-undo.md
2026-09-23T09:50:16.299Z - [36mverbose[39m: Rendering page: /Users/damithch/Repos/git-mastery/git-mastery.github.io/lessons/merge/exercise-branch-forward.md
2026-09-23T09:50:16.311Z - [36mverbose[39m: Rendering page: /Users/damithch/Repos/git-mastery/git-mastery.github.io/lessons/merge/exercise-branch-bender.md
2026-09-23T09:50:16.313Z - [36mverbose[39m: Rendering page: /Users/damithch/Repos/git-mastery/git-mastery.github.io/lessons/merge/exercise-branch-compare.md
2026-09-23T09:50:16.322Z - [36mverbose[39m: Rendering page: /Users/damithch/Repos/git-mastery/git-mastery.github.io/lessons/log/exercise-log-and-order.md
2026-09-23T09:50:16.338Z - [36mverbose[39m: Rendering page: /Users/damithch/Repos/git-mastery/git-mastery.github.io/lessons/init/exercise-undo-init.md
2026-09-23T09:50:16.347Z - [36mverbose[39m: Rendering page: /Users/damithch/Repos/git-mastery/git-mastery.github.io/lessons/ignore/exercise-ignoring-somethings.md
2026-09-23T09:50:16.348Z - [36mverbose[39m: Rendering page: /Users/damithch/Repos/git-mastery/git-mastery.github.io/lessons/init/exercise-under-control.md
2026-09-23T09:50:16.360Z - [36mverbose[39m: Rendering page: /Users/damithch/Repos/git-mastery/git-mastery.github.io/lessons/fork/exercise-fork-repo.md
2026-09-23T09:50:16.376Z - [36mverbose[39m: Rendering page: /Users/damithch/Repos/git-mastery/git-mastery.github.io/lessons/diff/exercise-sensors-diff.md
2026-09-23T09:50:16.384Z - [36mverbose[39m: Rendering page: /Users/damithch/Repos/git-mastery/git-mastery.github.io/lessons/createRemoteRepo/exercise-remote-control.md
2026-09-23T09:50:16.386Z - [36mverbose[39m: Rendering page: /Users/damithch/Repos/git-mastery/git-mastery.github.io/lessons/commit/exercise-staging-intervention.md
2026-09-23T09:50:16.398Z - [36mverbose[39m: Rendering page: /Users/damithch/Repos/git-mastery/git-mastery.github.io/lessons/commit/exercise-grocery-shopping.md
2026-09-23T09:50:16.445Z - [36mverbose[39m: Rendering page: /Users/damithch/Repos/git-mastery/git-mastery.github.io/lessons/clone/exercise-clone-repo.md
2026-09-23T09:50:16.447Z - [36mverbose[39m: Rendering page: /Users/damithch/Repos/git-mastery/git-mastery.github.io/lessons/checkout/exercise-sensors-checkout.md
2026-09-23T09:50:16.449Z - [36mverbose[39m: Rendering page: /Users/damithch/Repos/git-mastery/git-mastery.github.io/lessons/branchRename/exercise-branch-rename.md
2026-09-23T09:50:16.465Z - [36mverbose[39m: Rendering page: /Users/damithch/Repos/git-mastery/git-mastery.github.io/lessons/branchDelete/exercise-mix-messy-graph.md
2026-09-23T09:50:16.492Z - [36mverbose[39m: Rendering page: /Users/damithch/Repos/git-mastery/git-mastery.github.io/lessons/branchDelete/exercise-mix-messy-docs.md
2026-09-23T09:50:16.505Z - [36mverbose[39m: Rendering page: /Users/damithch/Repos/git-mastery/git-mastery.github.io/lessons/branchDelete/exercise-branch-delete.md
2026-09-23T09:50:16.507Z - [36mverbose[39m: Rendering page: /Users/damithch/Repos/git-mastery/git-mastery.github.io/lessons/branch/exercise-side-track.md
2026-09-23T09:50:16.513Z - [36mverbose[39m: Rendering page: /Users/damithch/Repos/git-mastery/git-mastery.github.io/lessons/branch/exercise-branch-previous.md
2026-09-23T09:50:16.569Z - [36mverbose[39m: Rendering page: /Users/damithch/Repos/git-mastery/git-mastery.github.io/versions/cs2113/index.md
2026-09-23T09:50:16.589Z - [36mverbose[39m: Rendering page: /Users/damithch/Repos/git-mastery/git-mastery.github.io/versions/cs2103/index.md
2026-09-23T09:50:16.614Z - [36mverbose[39m: Rendering page: /Users/damithch/Repos/git-mastery/git-mastery.github.io/lessons/workflows/index.md
2026-09-23T09:50:16.617Z - [36mverbose[39m: Rendering page: /Users/damithch/Repos/git-mastery/git-mastery.github.io/lessons/worktrees/index.md
2026-09-23T09:50:16.643Z - [36mverbose[39m: Rendering page: /Users/damithch/Repos/git-mastery/git-mastery.github.io/lessons/trail/workingWithRemotes/index.md
2026-09-23T09:50:16.700Z - [36mverbose[39m: Rendering page: /Users/damithch/Repos/git-mastery/git-mastery.github.io/lessons/trail/workingWithPrs/index.md
2026-09-23T09:50:16.726Z - [36mverbose[39m: Rendering page: /Users/damithch/Repos/git-mastery/git-mastery.github.io/lessons/trail/usingRevisionHistory/index.md
2026-09-23T09:50:16.730Z - [36mverbose[39m: Rendering page: /Users/damithch/Repos/git-mastery/git-mastery.github.io/lessons/trail/syncingBranches/index.md
2026-09-23T09:50:16.764Z - [36mverbose[39m: Rendering page: /Users/damithch/Repos/git-mastery/git-mastery.github.io/lessons/trail/remoteBranches/index.md
2026-09-23T09:50:17.074Z - [36mverbose[39m: Rendering page: /Users/damithch/Repos/git-mastery/git-mastery.github.io/lessons/trail/recordingFolderHistory/index.md
2026-09-23T09:50:17.098Z - [36mverbose[39m: Rendering page: /Users/damithch/Repos/git-mastery/git-mastery.github.io/lessons/trail/managingProjects/index.md
2026-09-23T09:50:17.146Z - [36mverbose[39m: Rendering page: /Users/damithch/Repos/git-mastery/git-mastery.github.io/lessons/trail/index.md
2026-09-23T09:50:17.159Z - [36mverbose[39m: Rendering page: /Users/damithch/Repos/git-mastery/git-mastery.github.io/lessons/trail/fineTuningHistory/index.md
2026-09-23T09:50:17.213Z - [36mverbose[39m: Rendering page: /Users/damithch/Repos/git-mastery/git-mastery.github.io/lessons/trail/branchingLocally/index.md
2026-09-23T09:50:17.308Z - [36mverbose[39m: Rendering page: /Users/damithch/Repos/git-mastery/git-mastery.github.io/lessons/trail/backingUpOnCloud/index.md
2026-09-23T09:50:17.337Z - [36mverbose[39m: Rendering page: /Users/damithch/Repos/git-mastery/git-mastery.github.io/lessons/template/index.md
2026-09-23T09:50:17.340Z - [36mverbose[39m: Rendering page: /Users/damithch/Repos/git-mastery/git-mastery.github.io/lessons/tag/index.md
2026-09-23T09:50:17.377Z - [36mverbose[39m: Rendering page: /Users/damithch/Repos/git-mastery/git-mastery.github.io/lessons/syncByRebase/index.md
2026-09-23T09:50:17.599Z - [36mverbose[39m: Rendering page: /Users/damithch/Repos/git-mastery/git-mastery.github.io/lessons/syncByMerge/index.md
2026-09-23T09:50:17.664Z - [36mverbose[39m: Rendering page: /Users/damithch/Repos/git-mastery/git-mastery.github.io/lessons/stage/index.md
2026-09-23T09:50:17.686Z - [36mverbose[39m: Rendering page: /Users/damithch/Repos/git-mastery/git-mastery.github.io/lessons/show/index.md
2026-09-23T09:50:17.720Z - [36mverbose[39m: Rendering page: /Users/damithch/Repos/git-mastery/git-mastery.github.io/lessons/setRemote/index.md
2026-09-23T09:50:17.885Z - [36mverbose[39m: Rendering page: /Users/damithch/Repos/git-mastery/git-mastery.github.io/lessons/selectiveStage/index.md
2026-09-23T09:50:17.910Z - [36mverbose[39m: Rendering page: /Users/damithch/Repos/git-mastery/git-mastery.github.io/lessons/revert/index.md
2026-09-23T09:50:17.917Z - [36mverbose[39m: Rendering page: /Users/damithch/Repos/git-mastery/git-mastery.github.io/lessons/reset/index.md
2026-09-23T09:50:18.005Z - [36mverbose[39m: Rendering page: /Users/damithch/Repos/git-mastery/git-mastery.github.io/lessons/remoteRepos/index.md
2026-09-23T09:50:18.063Z - [36mverbose[39m: Rendering page: /Users/damithch/Repos/git-mastery/git-mastery.github.io/lessons/remoteBranchRename/index.md
2026-09-23T09:50:18.067Z - [36mverbose[39m: Rendering page: /Users/damithch/Repos/git-mastery/git-mastery.github.io/lessons/remoteBranchPush/index.md
2026-09-23T09:50:18.107Z - [36mverbose[39m: Rendering page: /Users/damithch/Repos/git-mastery/git-mastery.github.io/lessons/remoteBranchPull/index.md
2026-09-23T09:50:18.314Z - [36mverbose[39m: Rendering page: /Users/damithch/Repos/git-mastery/git-mastery.github.io/lessons/remoteBranchDelete/index.md
2026-09-23T09:50:18.350Z - [36mverbose[39m: Rendering page: /Users/damithch/Repos/git-mastery/git-mastery.github.io/lessons/push/index.md
2026-09-23T09:50:18.362Z - [36mverbose[39m: Rendering page: /Users/damithch/Repos/git-mastery/git-mastery.github.io/lessons/prsReview/index.md
2026-09-23T09:50:18.413Z - [36mverbose[39m: Rendering page: /Users/damithch/Repos/git-mastery/git-mastery.github.io/lessons/pull/index.md
2026-09-23T09:50:18.529Z - [36mverbose[39m: Rendering page: /Users/damithch/Repos/git-mastery/git-mastery.github.io/lessons/prsMerge/index.md
2026-09-23T09:50:18.577Z - [36mverbose[39m: Rendering page: /Users/damithch/Repos/git-mastery/git-mastery.github.io/lessons/prsCreate/index.md
2026-09-23T09:50:18.698Z - [36mverbose[39m: Rendering page: /Users/damithch/Repos/git-mastery/git-mastery.github.io/lessons/otherPmFeatures/index.md
2026-09-23T09:50:18.770Z - [36mverbose[39m: Rendering page: /Users/damithch/Repos/git-mastery/git-mastery.github.io/lessons/mergeConflicts/index.md
2026-09-23T09:50:18.794Z - [36mverbose[39m: Rendering page: /Users/damithch/Repos/git-mastery/git-mastery.github.io/lessons/merge/index.md
2026-09-23T09:50:18.807Z - [36mverbose[39m: Rendering page: /Users/damithch/Repos/git-mastery/git-mastery.github.io/lessons/log/index.md
2026-09-23T09:50:18.860Z - [36mverbose[39m: Rendering page: /Users/damithch/Repos/git-mastery/git-mastery.github.io/lessons/intro/index.md
2026-09-23T09:50:19.156Z - [36mverbose[39m: Rendering page: /Users/damithch/Repos/git-mastery/git-mastery.github.io/lessons/interactiveRebase/index.md
2026-09-23T09:50:19.238Z - [36mverbose[39m: Rendering page: /Users/damithch/Repos/git-mastery/git-mastery.github.io/lessons/init/index.md
2026-09-23T09:50:19.287Z - [36mverbose[39m: Rendering page: /Users/damithch/Repos/git-mastery/git-mastery.github.io/lessons/index.md
2026-09-23T09:50:19.380Z - [36mverbose[39m: Rendering page: /Users/damithch/Repos/git-mastery/git-mastery.github.io/lessons/ignore/index.md
2026-09-23T09:50:19.417Z - [36mverbose[39m: Rendering page: /Users/damithch/Repos/git-mastery/git-mastery.github.io/lessons/githubPrep/index.md
2026-09-23T09:50:19.462Z - [36mverbose[39m: Rendering page: /Users/damithch/Repos/git-mastery/git-mastery.github.io/lessons/gitPrep/index.md
2026-09-23T09:50:19.575Z - [36mverbose[39m: Rendering page: /Users/damithch/Repos/git-mastery/git-mastery.github.io/lessons/forkingWorkflow/index.md
2026-09-23T09:50:19.581Z - [36mverbose[39m: Rendering page: /Users/damithch/Repos/git-mastery/git-mastery.github.io/lessons/fork/index.md
2026-09-23T09:50:19.629Z - [36mverbose[39m: Rendering page: /Users/damithch/Repos/git-mastery/git-mastery.github.io/lessons/diff/index.md
2026-09-23T09:50:19.726Z - [36mverbose[39m: Rendering page: /Users/damithch/Repos/git-mastery/git-mastery.github.io/lessons/createRemoteRepo/index.md
2026-09-23T09:50:19.730Z - [36mverbose[39m: Rendering page: /Users/damithch/Repos/git-mastery/git-mastery.github.io/lessons/commitMessage/index.md
2026-09-23T09:50:19.766Z - [36mverbose[39m: Rendering page: /Users/damithch/Repos/git-mastery/git-mastery.github.io/lessons/commit/index.md
2026-09-23T09:50:19.871Z - [36mverbose[39m: Rendering page: /Users/damithch/Repos/git-mastery/git-mastery.github.io/lessons/clone/index.md
2026-09-23T09:50:19.920Z - [36mverbose[39m: Rendering page: /Users/damithch/Repos/git-mastery/git-mastery.github.io/lessons/cherryPick/index.md
2026-09-23T09:50:19.925Z - [36mverbose[39m: Rendering page: /Users/damithch/Repos/git-mastery/git-mastery.github.io/lessons/checkout/index.md
2026-09-23T09:50:20.012Z - [36mverbose[39m: Rendering page: /Users/damithch/Repos/git-mastery/git-mastery.github.io/lessons/branchRename/index.md
2026-09-23T09:50:20.133Z - [36mverbose[39m: Rendering page: /Users/damithch/Repos/git-mastery/git-mastery.github.io/lessons/branchDelete/index.md
2026-09-23T09:50:20.146Z - [36mverbose[39m: Rendering page: /Users/damithch/Repos/git-mastery/git-mastery.github.io/index.md
2026-09-23T09:50:20.149Z - [36mverbose[39m: Rendering page: /Users/damithch/Repos/git-mastery/git-mastery.github.io/lessons/branch/index.md
2026-09-23T09:50:20.173Z - [32minfo[39m: Pages built
2026-09-23T09:50:20.443Z - [32minfo[39m: Site data built
2026-09-23T09:50:20.443Z - [32minfo[39m: Website generation complete! Total build time: 13.496s
2026-09-23T09:50:20.443Z - [32minfo[39m: Build success!
2026-09-23T10:03:20.316Z - [32minfo[39m: Website generation (lazy) started at 18:03:20
2026-09-23T10:03:20.445Z - [32minfo[39m: Building assets...
2026-09-23T10:03:20.565Z - [32minfo[39m: Assets built
2026-09-23T10:03:20.567Z - [32minfo[39m: Generating landing page...
2026-09-23T10:03:20.673Z - [36mverbose[39m: Rendering page: /Users/damithch/Repos/git-mastery/git-mastery.github.io/index.md
2026-09-23T10:03:20.697Z - [32minfo[39m: Landing page built, other pages will be built as you navigate to them!
2026-09-23T10:03:20.789Z - [32minfo[39m: Site data built
2026-09-23T10:03:20.789Z - [32minfo[39m: Website generation (lazy) complete! Total build time: 0.608s
2026-09-23T10:03:20.801Z - [32minfo[39m: Serving "/Users/damithch/Repos/git-mastery/git-mastery.github.io/_site" at http://127.0.0.1:8080
2026-09-23T10:03:20.801Z - [32minfo[39m: Press CTRL+C to stop ...
2026-09-23T10:03:22.979Z - [32minfo[39m: Building /Users/damithch/Repos/git-mastery/git-mastery.github.io/versions/cs2103/insertions as some of its dependencies were changed since the last visit
2026-09-23T10:03:23.028Z - [36mverbose[39m: Rendering page: /Users/damithch/Repos/git-mastery/git-mastery.github.io/versions/cs2103/insertions.md
2026-09-23T10:03:23.038Z - [32minfo[39m: Site data built
2026-09-23T10:03:23.038Z - [32minfo[39m: Lazy website regeneration complete! Total build time: 0.06s
2026-09-23T10:03:29.629Z - [32minfo[39m: Building /Users/damithch/Repos/git-mastery/git-mastery.github.io/lessons/index as some of its dependencies were changed since the last visit
2026-09-23T10:03:30.103Z - [36mverbose[39m: Rendering page: /Users/damithch/Repos/git-mastery/git-mastery.github.io/lessons/index.md
2026-09-23T10:03:30.118Z - [32minfo[39m: Site data built
2026-09-23T10:03:30.118Z - [32minfo[39m: Lazy website regeneration complete! Total build time: 0.491s
2026-09-23T10:04:08.757Z - [32minfo[39m: Building /Users/damithch/Repos/git-mastery/git-mastery.github.io/lessons/trail/recordingFolderHistory/index as some of its dependencies were changed since the last visit
2026-09-23T10:04:08.894Z - [36mverbose[39m: Rendering page: /Users/damithch/Repos/git-mastery/git-mastery.github.io/lessons/trail/recordingFolderHistory/index.md
2026-09-23T10:04:08.903Z - [32minfo[39m: Site data built
2026-09-23T10:04:08.903Z - [32minfo[39m: Lazy website regeneration complete! Total build time: 0.15s
2026-09-23T10:04:15.899Z - [32minfo[39m: Building /Users/damithch/Repos/git-mastery/git-mastery.github.io/lessons/trail/backingUpOnCloud/index as some of its dependencies were changed since the last visit
2026-09-23T10:04:15.978Z - [36mverbose[39m: Rendering page: /Users/damithch/Repos/git-mastery/git-mastery.github.io/lessons/trail/backingUpOnCloud/index.md
2026-09-23T10:04:15.991Z - [32minfo[39m: Site data built
2026-09-23T10:04:15.991Z - [32minfo[39m: Lazy website regeneration complete! Total build time: 0.093s
2026-09-23T10:11:30.926Z - [32minfo[39m: [18:11:30] Reload for file change: /Users/damithch/Repos/git-mastery/git-mastery.github.io/common/macros.njk
2026-09-23T10:11:30.945Z - [32minfo[39m: Synchronizing opened pages list before reload
2026-09-23T10:11:30.953Z - [32minfo[39m: Current opened pages, from most-to-least recent:
2026-09-23T10:11:30.957Z - [32minfo[39m: 1. lessons/trail/backingUpOnCloud/index
2026-09-23T10:11:31.030Z - [32minfo[39m: [18:11:31] Reload for file change: /Users/damithch/Repos/git-mastery/git-mastery.github.io/lessons/trail/backingUpOnCloud/text.md
2026-09-23T10:11:31.030Z - [32minfo[39m: Synchronizing opened pages list before reload
2026-09-23T10:11:31.030Z - [32minfo[39m: Current opened pages, from most-to-least recent:
2026-09-23T10:11:31.030Z - [32minfo[39m: 1. lessons/trail/backingUpOnCloud/index
2026-09-23T10:11:31.993Z - [33mwarn[39m: Template render error: (/Users/damithch/Repos/git-mastery/git-mastery.github.io/_markbind/layouts/lessons.md)
  Template render error: (/Users/damithch/Repos/git-mastery/git-mastery.github.io/_markbind/layouts/lessons.md)
  Template render error: (/Users/damithch/Repos/git-mastery/git-mastery.github.io/_markbind/layouts/navbar.md)
  Template render error: (/Users/damithch/Repos/git-mastery/git-mastery.github.io/_markbind/layouts/lessons.md) [Line 240, Column 91]
  tag name expected
    at Object._prettifyError (/opt/homebrew/lib/node_modules/markbind-cli/node_modules/nunjucks/src/lib.js:32:11)
    at file:///opt/homebrew/lib/node_modules/markbind-cli/node_modules/@markbind/core/src/patches/nunjucks/context-overrides-frame.js:336:23
    at Template.root [as rootRenderFunc] (eval at _compile (/opt/homebrew/lib/node_modules/markbind-cli/node_modules/nunjucks/src/environment.js:527:18), <anonymous>:285:3)
    at Template.render (file:///opt/homebrew/lib/node_modules/markbind-cli/node_modules/@markbind/core/src/patches/nunjucks/context-overrides-frame.js:326:10)
    at file:///opt/homebrew/lib/node_modules/markbind-cli/node_modules/@markbind/core/src/patches/nunjucks/context-overrides-frame.js:55:31
    at createTemplate (file:///opt/homebrew/lib/node_modules/markbind-cli/node_modules/@markbind/core/src/patches/nunjucks/load-event.js:110:13)
    at handle (file:///opt/homebrew/lib/node_modules/markbind-cli/node_modules/@markbind/core/src/patches/nunjucks/load-event.js:123:17)
    at file:///opt/homebrew/lib/node_modules/markbind-cli/node_modules/@markbind/core/src/patches/nunjucks/load-event.js:134:13
    at next (/opt/homebrew/lib/node_modules/markbind-cli/node_modules/nunjucks/src/lib.js:258:7)
    at Object.asyncIter (/opt/homebrew/lib/node_modules/markbind-cli/node_modules/nunjucks/src/lib.js:263:3)
2026-09-23T10:12:04.249Z - [32minfo[39m: [18:12:04] Reload for file change: /Users/damithch/Repos/git-mastery/git-mastery.github.io/common/macros.njk
2026-09-23T10:12:04.264Z - [32minfo[39m: Synchronizing opened pages list before reload
2026-09-23T10:12:04.269Z - [32minfo[39m: No pages are currently opened
2026-09-23T10:12:04.323Z - [32minfo[39m: [18:12:04] Reload for file change: /Users/damithch/Repos/git-mastery/git-mastery.github.io/common/macros.njk
2026-09-23T10:12:04.323Z - [32minfo[39m: Synchronizing opened pages list before reload
2026-09-23T10:12:04.323Z - [32minfo[39m: No pages are currently opened
2026-09-23T10:12:05.298Z - [32minfo[39m: No pages needed to be rebuilt
2026-09-23T10:12:11.404Z - [32minfo[39m: Building /Users/damithch/Repos/git-mastery/git-mastery.github.io/lessons/trail/backingUpOnCloud/index as some of its dependencies were changed since the last visit
2026-09-23T10:12:11.438Z - [31merror[39m: Template render error: (/Users/damithch/Repos/git-mastery/git-mastery.github.io/lessons/trail/backingUpOnCloud/index.md)
  Template render error: (/Users/damithch/Repos/git-mastery/git-mastery.github.io/lessons/trail/backingUpOnCloud/index.md) [Line 240, Column 91]
  tag name expected
    at Object._prettifyError (/opt/homebrew/lib/node_modules/markbind-cli/node_modules/nunjucks/src/lib.js:32:11)
    at file:///opt/homebrew/lib/node_modules/markbind-cli/node_modules/@markbind/core/src/patches/nunjucks/context-overrides-frame.js:336:23
    at Template.root [as rootRenderFunc] (eval at _compile (/opt/homebrew/lib/node_modules/markbind-cli/node_modules/nunjucks/src/environment.js:527:18), <anonymous>:29:3)
    at Template.render (file:///opt/homebrew/lib/node_modules/markbind-cli/node_modules/@markbind/core/src/patches/nunjucks/context-overrides-frame.js:326:10)
    at file:///opt/homebrew/lib/node_modules/markbind-cli/node_modules/@markbind/core/src/patches/nunjucks/context-overrides-frame.js:55:31
    at createTemplate (file:///opt/homebrew/lib/node_modules/markbind-cli/node_modules/@markbind/core/src/patches/nunjucks/load-event.js:110:13)
    at handle (file:///opt/homebrew/lib/node_modules/markbind-cli/node_modules/@markbind/core/src/patches/nunjucks/load-event.js:123:17)
    at file:///opt/homebrew/lib/node_modules/markbind-cli/node_modules/@markbind/core/src/patches/nunjucks/load-event.js:134:13
    at next (/opt/homebrew/lib/node_modules/markbind-cli/node_modules/nunjucks/src/lib.js:258:7)
    at Object.asyncIter (/opt/homebrew/lib/node_modules/markbind-cli/node_modules/nunjucks/src/lib.js:263:3)
2026-09-23T10:12:11.439Z - [33mwarn[39m: Error: Error while generating /Users/damithch/Repos/git-mastery/git-mastery.github.io/lessons/trail/backingUpOnCloud/index.md
    at SiteGenerationManager.<anonymous> (file:///opt/homebrew/lib/node_modules/markbind-cli/node_modules/@markbind/core/src/Site/SiteGenerationManager.js:609:28)
    at Generator.throw (<anonymous>)
    at rejected (file:///opt/homebrew/lib/node_modules/markbind-cli/node_modules/@markbind/core/src/Site/SiteGenerationManager.js:5:65)
2026-09-23T10:12:45.668Z - [32minfo[39m: Website generation (lazy) started at 18:12:45
2026-09-23T10:12:45.821Z - [32minfo[39m: Building assets...
2026-09-23T10:12:45.990Z - [32minfo[39m: Assets built
2026-09-23T10:12:45.990Z - [32minfo[39m: Generating landing page...
2026-09-23T10:12:46.079Z - [36mverbose[39m: Rendering page: /Users/damithch/Repos/git-mastery/git-mastery.github.io/index.md
2026-09-23T10:12:46.091Z - [32minfo[39m: Landing page built, other pages will be built as you navigate to them!
2026-09-23T10:12:46.182Z - [32minfo[39m: Site data built
2026-09-23T10:12:46.182Z - [32minfo[39m: Website generation (lazy) complete! Total build time: 0.592s
2026-09-23T10:12:46.193Z - [32minfo[39m: Serving "/Users/damithch/Repos/git-mastery/git-mastery.github.io/_site" at http://127.0.0.1:8080
2026-09-23T10:12:46.194Z - [32minfo[39m: Press CTRL+C to stop ...
2026-09-23T10:12:48.347Z - [32minfo[39m: Building /Users/damithch/Repos/git-mastery/git-mastery.github.io/versions/cs2103/insertions as some of its dependencies were changed since the last visit
2026-09-23T10:12:48.387Z - [36mverbose[39m: Rendering page: /Users/damithch/Repos/git-mastery/git-mastery.github.io/versions/cs2103/insertions.md
2026-09-23T10:12:48.391Z - [32minfo[39m: Site data built
2026-09-23T10:12:48.391Z - [32minfo[39m: Lazy website regeneration complete! Total build time: 0.044s
2026-09-23T10:12:52.780Z - [32minfo[39m: Building /Users/damithch/Repos/git-mastery/git-mastery.github.io/lessons/index as some of its dependencies were changed since the last visit
2026-09-23T10:12:53.205Z - [36mverbose[39m: Rendering page: /Users/damithch/Repos/git-mastery/git-mastery.github.io/lessons/index.md
2026-09-23T10:12:53.217Z - [32minfo[39m: Site data built
2026-09-23T10:12:53.217Z - [32minfo[39m: Lazy website regeneration complete! Total build time: 0.438s
2026-09-23T10:13:06.982Z - [32minfo[39m: Building /Users/damithch/Repos/git-mastery/git-mastery.github.io/lessons/trail/backingUpOnCloud/index as some of its dependencies were changed since the last visit
2026-09-23T10:13:07.104Z - [36mverbose[39m: Rendering page: /Users/damithch/Repos/git-mastery/git-mastery.github.io/lessons/trail/backingUpOnCloud/index.md
2026-09-23T10:13:07.117Z - [32minfo[39m: Site data built
2026-09-23T10:13:07.117Z - [32minfo[39m: Lazy website regeneration complete! Total build time: 0.135s
2026-09-23T10:14:11.914Z - [32minfo[39m: [18:14:11] Reload for file change: /Users/damithch/Repos/git-mastery/git-mastery.github.io/common/macros.njk
2026-09-23T10:14:11.938Z - [32minfo[39m: Synchronizing opened pages list before reload
2026-09-23T10:14:11.976Z - [32minfo[39m: Current opened pages, from most-to-least recent:
2026-09-23T10:14:11.991Z - [32minfo[39m: 1. lessons/trail/backingUpOnCloud/index
2026-09-23T10:14:13.064Z - [32minfo[39m: Rebuilding 1 pages
2026-09-23T10:14:13.116Z - [36mverbose[39m: Rendering page: /Users/damithch/Repos/git-mastery/git-mastery.github.io/lessons/trail/backingUpOnCloud/index.md
2026-09-23T10:14:13.126Z - [32minfo[39m: Site data built
2026-09-23T10:14:13.126Z - [32minfo[39m: Pages rebuilt
2026-09-23T10:14:13.126Z - [32minfo[39m: Website regeneration complete! Total build time: 0.067s
2026-09-23T10:14:13.311Z - [32minfo[39m: Building /Users/damithch/Repos/git-mastery/git-mastery.github.io/lessons/remoteRepos/index as some of its dependencies were changed since the last visit
2026-09-23T10:14:13.342Z - [36mverbose[39m: Rendering page: /Users/damithch/Repos/git-mastery/git-mastery.github.io/lessons/remoteRepos/index.md
2026-09-23T10:14:13.348Z - [32minfo[39m: Site data built
2026-09-23T10:14:13.348Z - [32minfo[39m: Lazy website regeneration complete! Total build time: 0.037s
2026-09-23T10:15:32.955Z - [32minfo[39m: [18:15:32] Reload for file change: /Users/damithch/Repos/git-mastery/git-mastery.github.io/common/macros.njk
2026-09-23T10:15:32.958Z - [32minfo[39m: Synchronizing opened pages list before reload
2026-09-23T10:15:32.958Z - [32minfo[39m: Current opened pages, from most-to-least recent:
2026-09-23T10:15:32.961Z - [32minfo[39m: 1. lessons/remoteRepos/index
2026-09-23T10:15:34.055Z - [32minfo[39m: Rebuilding 1 pages
2026-09-23T10:15:34.087Z - [36mverbose[39m: Rendering page: /Users/damithch/Repos/git-mastery/git-mastery.github.io/lessons/remoteRepos/index.md
2026-09-23T10:15:34.097Z - [32minfo[39m: Site data built
2026-09-23T10:15:34.097Z - [32minfo[39m: Pages rebuilt
2026-09-23T10:15:34.097Z - [32minfo[39m: Website regeneration complete! Total build time: 0.05s
2026-09-23T10:15:42.396Z - [32minfo[39m: Building /Users/damithch/Repos/git-mastery/git-mastery.github.io/lessons/trail/backingUpOnCloud/index as some of its dependencies were changed since the last visit
2026-09-23T10:15:42.485Z - [36mverbose[39m: Rendering page: /Users/damithch/Repos/git-mastery/git-mastery.github.io/lessons/trail/backingUpOnCloud/index.md
2026-09-23T10:15:42.493Z - [32minfo[39m: Site data built
2026-09-23T10:15:42.493Z - [32minfo[39m: Lazy website regeneration complete! Total build time: 0.098s
2026-09-23T10:17:42.104Z - [32minfo[39m: [18:17:42] Reload for file change: /Users/damithch/Repos/git-mastery/git-mastery.github.io/lessons/trail/backingUpOnCloud/text.md
2026-09-23T10:17:42.109Z - [32minfo[39m: Synchronizing opened pages list before reload
2026-09-23T10:17:42.109Z - [32minfo[39m: Current opened pages, from most-to-least recent:
2026-09-23T10:17:42.110Z - [32minfo[39m: 1. lessons/trail/backingUpOnCloud/index
2026-09-23T10:17:43.139Z - [32minfo[39m: Rebuilding 1 pages
2026-09-23T10:17:43.241Z - [36mverbose[39m: Rendering page: /Users/damithch/Repos/git-mastery/git-mastery.github.io/lessons/trail/backingUpOnCloud/index.md
2026-09-23T10:17:43.253Z - [32minfo[39m: Site data built
2026-09-23T10:17:43.253Z - [32minfo[39m: Pages rebuilt
2026-09-23T10:17:43.253Z - [32minfo[39m: Website regeneration complete! Total build time: 0.127s
2026-09-23T10:18:04.697Z - [32minfo[39m: [18:18:04] Reload for file change: /Users/damithch/Repos/git-mastery/git-mastery.github.io/lessons/trail/backingUpOnCloud/text.md
2026-09-23T10:18:04.702Z - [32minfo[39m: Synchronizing opened pages list before reload
2026-09-23T10:18:04.704Z - [32minfo[39m: Current opened pages, from most-to-least recent:
2026-09-23T10:18:04.704Z - [32minfo[39m: 1. lessons/trail/backingUpOnCloud/index
2026-09-23T10:18:05.737Z - [32minfo[39m: Rebuilding 1 pages
2026-09-23T10:18:05.824Z - [36mverbose[39m: Rendering page: /Users/damithch/Repos/git-mastery/git-mastery.github.io/lessons/trail/backingUpOnCloud/index.md
2026-09-23T10:18:05.833Z - [32minfo[39m: Site data built
2026-09-23T10:18:05.833Z - [32minfo[39m: Pages rebuilt
2026-09-23T10:18:05.834Z - [32minfo[39m: Website regeneration complete! Total build time: 0.117s
2026-09-23T10:18:11.873Z - [32minfo[39m: Building /Users/damithch/Repos/git-mastery/git-mastery.github.io/lessons/trail/recordingFolderHistory/end as some of its dependencies were changed since the last visit
2026-09-23T10:18:11.932Z - [36mverbose[39m: Rendering page: /Users/damithch/Repos/git-mastery/git-mastery.github.io/lessons/trail/recordingFolderHistory/end.md
2026-09-23T10:18:11.936Z - [32minfo[39m: Site data built
2026-09-23T10:18:11.937Z - [32minfo[39m: Lazy website regeneration complete! Total build time: 0.063s
2026-09-23T10:18:44.377Z - [32minfo[39m: [18:18:44] Reload for file change: /Users/damithch/Repos/git-mastery/git-mastery.github.io/lessons/trail/backingUpOnCloud/text.md
2026-09-23T10:18:44.381Z - [32minfo[39m: Synchronizing opened pages list before reload
2026-09-23T10:18:44.384Z - [32minfo[39m: No pages are currently opened
2026-09-23T10:18:45.390Z - [32minfo[39m: No pages needed to be rebuilt
2026-09-23T10:18:52.649Z - [32minfo[39m: Building /Users/damithch/Repos/git-mastery/git-mastery.github.io/lessons/trail/backingUpOnCloud/index as some of its dependencies were changed since the last visit
2026-09-23T10:18:52.723Z - [36mverbose[39m: Rendering page: /Users/damithch/Repos/git-mastery/git-mastery.github.io/lessons/trail/backingUpOnCloud/index.md
2026-09-23T10:18:52.733Z - [32minfo[39m: Site data built
2026-09-23T10:18:52.733Z - [32minfo[39m: Lazy website regeneration complete! Total build time: 0.085s
2026-09-23T10:19:01.117Z - [32minfo[39m: Building /Users/damithch/Repos/git-mastery/git-mastery.github.io/lessons/trail/backingUpOnCloud/end as some of its dependencies were changed since the last visit
2026-09-23T10:19:01.175Z - [36mverbose[39m: Rendering page: /Users/damithch/Repos/git-mastery/git-mastery.github.io/lessons/trail/backingUpOnCloud/end.md
2026-09-23T10:19:01.181Z - [32minfo[39m: Site data built
2026-09-23T10:19:01.182Z - [32minfo[39m: Lazy website regeneration complete! Total build time: 0.065s
2026-09-23T10:19:29.359Z - [32minfo[39m: [18:19:29] Reload for file change: /Users/damithch/Repos/git-mastery/git-mastery.github.io/lessons/trail/backingUpOnCloud/text.md
2026-09-23T10:19:29.360Z - [32minfo[39m: Synchronizing opened pages list before reload
2026-09-23T10:19:29.361Z - [32minfo[39m: Current opened pages, from most-to-least recent:
2026-09-23T10:19:29.361Z - [32minfo[39m: 1. lessons/trail/backingUpOnCloud/end
2026-09-23T10:19:30.365Z - [32minfo[39m: Rebuilding 1 pages
2026-09-23T10:19:30.420Z - [36mverbose[39m: Rendering page: /Users/damithch/Repos/git-mastery/git-mastery.github.io/lessons/trail/backingUpOnCloud/end.md
2026-09-23T10:19:30.426Z - [32minfo[39m: Site data built
2026-09-23T10:19:30.426Z - [32minfo[39m: Pages rebuilt
2026-09-23T10:19:30.426Z - [32minfo[39m: Website regeneration complete! Total build time: 0.062s
2026-09-23T10:19:54.303Z - [32minfo[39m: Building /Users/damithch/Repos/git-mastery/git-mastery.github.io/lessons/trail/recordingFolderHistory/index as some of its dependencies were changed since the last visit
2026-09-23T10:19:54.413Z - [36mverbose[39m: Rendering page: /Users/damithch/Repos/git-mastery/git-mastery.github.io/lessons/trail/recordingFolderHistory/index.md
2026-09-23T10:19:54.423Z - [32minfo[39m: Site data built
2026-09-23T10:19:54.423Z - [32minfo[39m: Lazy website regeneration complete! Total build time: 0.121s
2026-09-23T10:21:10.054Z - [32minfo[39m: [18:21:10] Reload for file change: /Users/damithch/Repos/git-mastery/git-mastery.github.io/lessons/trail/backingUpOnCloud/text.md
2026-09-23T10:21:10.056Z - [32minfo[39m: Synchronizing opened pages list before reload
2026-09-23T10:21:10.061Z - [32minfo[39m: Current opened pages, from most-to-least recent:
2026-09-23T10:21:10.062Z - [32minfo[39m: 1. lessons/trail/recordingFolderHistory/end
2026-09-23T10:21:10.069Z - [32minfo[39m: [18:21:10] Reload for file change: /Users/damithch/Repos/git-mastery/git-mastery.github.io/lessons/trail/recordingFolderHistory/text.md
2026-09-23T10:21:10.069Z - [32minfo[39m: Synchronizing opened pages list before reload
2026-09-23T10:21:10.069Z - [32minfo[39m: Current opened pages, from most-to-least recent:
2026-09-23T10:21:10.069Z - [32minfo[39m: 1. lessons/trail/recordingFolderHistory/end
2026-09-23T10:21:11.069Z - [32minfo[39m: Rebuilding 1 pages
2026-09-23T10:21:11.149Z - [36mverbose[39m: Rendering page: /Users/damithch/Repos/git-mastery/git-mastery.github.io/lessons/trail/recordingFolderHistory/end.md
2026-09-23T10:21:11.162Z - [32minfo[39m: Site data built
2026-09-23T10:21:11.162Z - [32minfo[39m: Pages rebuilt
2026-09-23T10:21:11.162Z - [32minfo[39m: Website regeneration complete! Total build time: 0.095s
2026-09-23T10:21:16.856Z - [32minfo[39m: Building /Users/damithch/Repos/git-mastery/git-mastery.github.io/lessons/trail/backingUpOnCloud/index as some of its dependencies were changed since the last visit
2026-09-23T10:21:16.945Z - [36mverbose[39m: Rendering page: /Users/damithch/Repos/git-mastery/git-mastery.github.io/lessons/trail/backingUpOnCloud/index.md
2026-09-23T10:21:16.958Z - [32minfo[39m: Site data built
2026-09-23T10:21:16.959Z - [32minfo[39m: Lazy website regeneration complete! Total build time: 0.103s
2026-09-23T10:21:24.645Z - [32minfo[39m: Building /Users/damithch/Repos/git-mastery/git-mastery.github.io/lessons/trail/backingUpOnCloud/end as some of its dependencies were changed since the last visit
2026-09-23T10:21:24.696Z - [36mverbose[39m: Rendering page: /Users/damithch/Repos/git-mastery/git-mastery.github.io/lessons/trail/backingUpOnCloud/end.md
2026-09-23T10:21:24.701Z - [32minfo[39m: Site data built
2026-09-23T10:21:24.701Z - [32minfo[39m: Lazy website regeneration complete! Total build time: 0.056s
2026-09-23T10:21:28.993Z - [32minfo[39m: Building /Users/damithch/Repos/git-mastery/git-mastery.github.io/lessons/trail/workingWithRemotes/index as some of its dependencies were changed since the last visit
2026-09-23T10:21:29.060Z - [36mverbose[39m: Rendering page: /Users/damithch/Repos/git-mastery/git-mastery.github.io/lessons/trail/workingWithRemotes/index.md
2026-09-23T10:21:29.066Z - [32minfo[39m: Site data built
2026-09-23T10:21:29.066Z - [32minfo[39m: Lazy website regeneration complete! Total build time: 0.074s
2026-09-23T10:24:16.046Z - [32minfo[39m: [18:24:16] Reload for file change: /Users/damithch/Repos/git-mastery/git-mastery.github.io/lessons/trail/usingRevisionHistory/text.md
2026-09-23T10:24:16.049Z - [32minfo[39m: Synchronizing opened pages list before reload
2026-09-23T10:24:16.051Z - [32minfo[39m: Current opened pages, from most-to-least recent:
2026-09-23T10:24:16.051Z - [32minfo[39m: 1. lessons/trail/recordingFolderHistory/end
2026-09-23T10:24:16.059Z - [32minfo[39m: [18:24:16] Reload for file change: /Users/damithch/Repos/git-mastery/git-mastery.github.io/lessons/trail/syncingBranches/text.md
2026-09-23T10:24:16.059Z - [32minfo[39m: Synchronizing opened pages list before reload
2026-09-23T10:24:16.059Z - [32minfo[39m: Current opened pages, from most-to-least recent:
2026-09-23T10:24:16.060Z - [32minfo[39m: 1. lessons/trail/recordingFolderHistory/end
2026-09-23T10:24:16.103Z - [32minfo[39m: [18:24:16] Reload for file change: /Users/damithch/Repos/git-mastery/git-mastery.github.io/lessons/trail/workingWithRemotes/text.md
2026-09-23T10:24:16.103Z - [32minfo[39m: Synchronizing opened pages list before reload
2026-09-23T10:24:16.103Z - [32minfo[39m: Current opened pages, from most-to-least recent:
2026-09-23T10:24:16.103Z - [32minfo[39m: 1. lessons/trail/recordingFolderHistory/end
2026-09-23T10:24:16.103Z - [32minfo[39m: [18:24:16] Reload for file change: /Users/damithch/Repos/git-mastery/git-mastery.github.io/lessons/trail/branchingLocally/text.md
2026-09-23T10:24:16.105Z - [32minfo[39m: Synchronizing opened pages list before reload
2026-09-23T10:24:16.105Z - [32minfo[39m: Current opened pages, from most-to-least recent:
2026-09-23T10:24:16.105Z - [32minfo[39m: 1. lessons/trail/recordingFolderHistory/end
2026-09-23T10:24:16.105Z - [32minfo[39m: [18:24:16] Reload for file change: /Users/damithch/Repos/git-mastery/git-mastery.github.io/lessons/trail/remoteBranches/text.md
2026-09-23T10:24:16.105Z - [32minfo[39m: Synchronizing opened pages list before reload
2026-09-23T10:24:16.105Z - [32minfo[39m: Current opened pages, from most-to-least recent:
2026-09-23T10:24:16.105Z - [32minfo[39m: 1. lessons/trail/recordingFolderHistory/end
2026-09-23T10:24:16.107Z - [32minfo[39m: [18:24:16] Reload for file change: /Users/damithch/Repos/git-mastery/git-mastery.github.io/lessons/trail/fineTuningHistory/text.md
2026-09-23T10:24:16.107Z - [32minfo[39m: Synchronizing opened pages list before reload
2026-09-23T10:24:16.107Z - [32minfo[39m: Current opened pages, from most-to-least recent:
2026-09-23T10:24:16.107Z - [32minfo[39m: 1. lessons/trail/recordingFolderHistory/end
2026-09-23T10:24:16.107Z - [32minfo[39m: [18:24:16] Reload for file change: /Users/damithch/Repos/git-mastery/git-mastery.github.io/lessons/trail/workingWithPrs/text.md
2026-09-23T10:24:16.107Z - [32minfo[39m: Synchronizing opened pages list before reload
2026-09-23T10:24:16.107Z - [32minfo[39m: Current opened pages, from most-to-least recent:
2026-09-23T10:24:16.107Z - [32minfo[39m: 1. lessons/trail/recordingFolderHistory/end
2026-09-23T10:24:16.107Z - [32minfo[39m: [18:24:16] Reload for file change: /Users/damithch/Repos/git-mastery/git-mastery.github.io/lessons/trail/managingProjects/text.md
2026-09-23T10:24:16.107Z - [32minfo[39m: Synchronizing opened pages list before reload
2026-09-23T10:24:16.108Z - [32minfo[39m: Current opened pages, from most-to-least recent:
2026-09-23T10:24:16.108Z - [32minfo[39m: 1. lessons/trail/recordingFolderHistory/end
2026-09-23T10:24:17.073Z - [32minfo[39m: No pages needed to be rebuilt
2026-09-23T10:24:22.147Z - [32minfo[39m: Building /Users/damithch/Repos/git-mastery/git-mastery.github.io/lessons/trail/managingProjects/end as some of its dependencies were changed since the last visit
2026-09-23T10:24:22.207Z - [36mverbose[39m: Rendering page: /Users/damithch/Repos/git-mastery/git-mastery.github.io/lessons/trail/managingProjects/end.md
2026-09-23T10:24:22.214Z - [32minfo[39m: Site data built
2026-09-23T10:24:22.214Z - [32minfo[39m: Lazy website regeneration complete! Total build time: 0.067s
2026-09-23T10:25:07.275Z - [32minfo[39m: [18:25:07] Reload for file change: /Users/damithch/Repos/git-mastery/git-mastery.github.io/lessons/trail/managingProjects/text.md
2026-09-23T10:25:07.280Z - [32minfo[39m: Synchronizing opened pages list before reload
2026-09-23T10:25:07.280Z - [32minfo[39m: Current opened pages, from most-to-least recent:
2026-09-23T10:25:07.281Z - [32minfo[39m: 1. lessons/trail/managingProjects/end
2026-09-23T10:25:08.290Z - [32minfo[39m: Rebuilding 1 pages
2026-09-23T10:25:08.372Z - [36mverbose[39m: Rendering page: /Users/damithch/Repos/git-mastery/git-mastery.github.io/lessons/trail/managingProjects/end.md
2026-09-23T10:25:08.398Z - [32minfo[39m: Site data built
2026-09-23T10:25:08.398Z - [32minfo[39m: Pages rebuilt
2026-09-23T10:25:08.398Z - [32minfo[39m: Website regeneration complete! Total build time: 0.11s
2026-09-23T10:25:11.333Z - [32minfo[39m: Building /Users/damithch/Repos/git-mastery/git-mastery.github.io/lessons/otherPmFeatures/index as some of its dependencies were changed since the last visit
2026-09-23T10:25:11.386Z - [36mverbose[39m: Rendering page: /Users/damithch/Repos/git-mastery/git-mastery.github.io/lessons/otherPmFeatures/index.md
2026-09-23T10:25:11.390Z - [32minfo[39m: Site data built
2026-09-23T10:25:11.390Z - [32minfo[39m: Lazy website regeneration complete! Total build time: 0.058s
2026-09-23T10:25:35.490Z - [32minfo[39m: Website generation started at 18:25:35
2026-09-23T10:25:35.769Z - [32minfo[39m: Building assets...
2026-09-23T10:25:35.885Z - [32minfo[39m: Assets built
2026-09-23T10:25:35.886Z - [32minfo[39m: Generating pages...
2026-09-23T10:25:36.496Z - [36mverbose[39m: Rendering page: /Users/damithch/Repos/git-mastery/git-mastery.github.io/about/index.md
2026-09-23T10:25:36.509Z - [36mverbose[39m: Rendering page: /Users/damithch/Repos/git-mastery/git-mastery.github.io/exercises-directory/index.md
2026-09-23T10:25:36.549Z - [36mverbose[39m: Rendering page: /Users/damithch/Repos/git-mastery/git-mastery.github.io/companion-app/index.md
2026-09-23T10:25:36.566Z - [36mverbose[39m: Rendering page: /Users/damithch/Repos/git-mastery/git-mastery.github.io/faq/index.md
2026-09-23T10:25:36.629Z - [36mverbose[39m: Rendering page: /Users/damithch/Repos/git-mastery/git-mastery.github.io/versions/cs2113/insertions.md
2026-09-23T10:25:36.632Z - [36mverbose[39m: Rendering page: /Users/damithch/Repos/git-mastery/git-mastery.github.io/versions/cs2103/insertions.md
2026-09-23T10:25:36.650Z - [36mverbose[39m: Rendering page: /Users/damithch/Repos/git-mastery/git-mastery.github.io/lessons/trail/workingWithRemotes/end.md
2026-09-23T10:25:36.682Z - [36mverbose[39m: Rendering page: /Users/damithch/Repos/git-mastery/git-mastery.github.io/lessons/trail/workingWithPrs/end.md
2026-09-23T10:25:36.701Z - [36mverbose[39m: Rendering page: /Users/damithch/Repos/git-mastery/git-mastery.github.io/lessons/trail/syncingBranches/end.md
2026-09-23T10:25:36.719Z - [36mverbose[39m: Rendering page: /Users/damithch/Repos/git-mastery/git-mastery.github.io/lessons/trail/usingRevisionHistory/end.md
2026-09-23T10:25:36.723Z - [36mverbose[39m: Rendering page: /Users/damithch/Repos/git-mastery/git-mastery.github.io/lessons/trail/remoteBranches/end.md
2026-09-23T10:25:36.754Z - [36mverbose[39m: Rendering page: /Users/damithch/Repos/git-mastery/git-mastery.github.io/lessons/trail/recordingFolderHistory/end.md
2026-09-23T10:25:36.770Z - [36mverbose[39m: Rendering page: /Users/damithch/Repos/git-mastery/git-mastery.github.io/lessons/trail/fineTuningHistory/end.md
2026-09-23T10:25:36.774Z - [36mverbose[39m: Rendering page: /Users/damithch/Repos/git-mastery/git-mastery.github.io/lessons/trail/managingProjects/end.md
2026-09-23T10:25:36.792Z - [36mverbose[39m: Rendering page: /Users/damithch/Repos/git-mastery/git-mastery.github.io/lessons/trail/branchingLocally/end.md
2026-09-23T10:25:37.822Z - [36mverbose[39m: Rendering page: /Users/damithch/Repos/git-mastery/git-mastery.github.io/lessons/trail/backingUpOnCloud/end.md
2026-09-23T10:25:37.828Z - [36mverbose[39m: Rendering page: /Users/damithch/Repos/git-mastery/git-mastery.github.io/lessons/trail/workingWithRemotes/all.md
2026-09-23T10:25:37.851Z - [36mverbose[39m: Rendering page: /Users/damithch/Repos/git-mastery/git-mastery.github.io/lessons/trail/workingWithPrs/all.md
2026-09-23T10:25:37.945Z - [36mverbose[39m: Rendering page: /Users/damithch/Repos/git-mastery/git-mastery.github.io/lessons/trail/usingRevisionHistory/all.md
2026-09-23T10:25:38.829Z - [36mverbose[39m: Rendering page: /Users/damithch/Repos/git-mastery/git-mastery.github.io/lessons/trail/syncingBranches/all.md
2026-09-23T10:25:38.898Z - [36mverbose[39m: Rendering page: /Users/damithch/Repos/git-mastery/git-mastery.github.io/lessons/trail/remoteBranches/all.md
2026-09-23T10:25:38.921Z - [36mverbose[39m: Rendering page: /Users/damithch/Repos/git-mastery/git-mastery.github.io/lessons/trail/recordingFolderHistory/all.md
2026-09-23T10:25:39.050Z - [36mverbose[39m: Rendering page: /Users/damithch/Repos/git-mastery/git-mastery.github.io/lessons/trail/managingProjects/all.md
2026-09-23T10:25:39.452Z - [36mverbose[39m: Rendering page: /Users/damithch/Repos/git-mastery/git-mastery.github.io/lessons/trail/fineTuningHistory/all.md
2026-09-23T10:25:42.445Z - [36mverbose[39m: Rendering page: /Users/damithch/Repos/git-mastery/git-mastery.github.io/lessons/trail/branchingLocally/all.md
2026-09-23T10:25:42.530Z - [36mverbose[39m: Rendering page: /Users/damithch/Repos/git-mastery/git-mastery.github.io/lessons/trail/backingUpOnCloud/all.md
2026-09-23T10:25:42.571Z - [36mverbose[39m: Rendering page: /Users/damithch/Repos/git-mastery/git-mastery.github.io/lessons/trail/all.md
2026-09-23T10:25:42.794Z - [36mverbose[39m: Rendering page: /Users/damithch/Repos/git-mastery/git-mastery.github.io/lessons/tag/exercise-tags-update.md
2026-09-23T10:25:42.805Z - [36mverbose[39m: Rendering page: /Users/damithch/Repos/git-mastery/git-mastery.github.io/lessons/tag/exercise-tags-push.md
2026-09-23T10:25:42.820Z - [36mverbose[39m: Rendering page: /Users/damithch/Repos/git-mastery/git-mastery.github.io/lessons/tag/exercise-tags-add.md
2026-09-23T10:25:42.829Z - [36mverbose[39m: Rendering page: /Users/damithch/Repos/git-mastery/git-mastery.github.io/lessons/stage/exercise-stage-fright.md
2026-09-23T10:25:42.831Z - [36mverbose[39m: Rendering page: /Users/damithch/Repos/git-mastery/git-mastery.github.io/lessons/show/exercise-view-commits.md
2026-09-23T10:25:42.841Z - [36mverbose[39m: Rendering page: /Users/damithch/Repos/git-mastery/git-mastery.github.io/lessons/setRemote/exercise-link-me.md
2026-09-23T10:25:42.868Z - [36mverbose[39m: Rendering page: /Users/damithch/Repos/git-mastery/git-mastery.github.io/lessons/revert/exercise-sensors-revert.md
2026-09-23T10:25:42.870Z - [36mverbose[39m: Rendering page: /Users/damithch/Repos/git-mastery/git-mastery.github.io/lessons/reset/exercise-sensors-reset.md
2026-09-23T10:25:42.872Z - [36mverbose[39m: Rendering page: /Users/damithch/Repos/git-mastery/git-mastery.github.io/lessons/remoteBranchRename/exercise-remote-branch-rename.md
2026-09-23T10:25:42.890Z - [36mverbose[39m: Rendering page: /Users/damithch/Repos/git-mastery/git-mastery.github.io/lessons/remoteBranchRename/exercise-glossary-branch-rename.md
2026-09-23T10:25:42.899Z - [36mverbose[39m: Rendering page: /Users/damithch/Repos/git-mastery/git-mastery.github.io/lessons/remoteBranchPush/exercise-glossary-branch-push.md
2026-09-23T10:25:42.901Z - [36mverbose[39m: Rendering page: /Users/damithch/Repos/git-mastery/git-mastery.github.io/lessons/remoteBranchPull/exercise-glossary-branch-pull.md
2026-09-23T10:25:42.910Z - [36mverbose[39m: Rendering page: /Users/damithch/Repos/git-mastery/git-mastery.github.io/lessons/remoteBranchDelete/exercise-glossary-branch-delete.md
2026-09-23T10:25:42.929Z - [36mverbose[39m: Rendering page: /Users/damithch/Repos/git-mastery/git-mastery.github.io/lessons/push/exercise-push-over.md
2026-09-23T10:25:42.938Z - [36mverbose[39m: Rendering page: /Users/damithch/Repos/git-mastery/git-mastery.github.io/lessons/pull/exercise-fetch-and-pull.md
2026-09-23T10:25:42.940Z - [36mverbose[39m: Rendering page: /Users/damithch/Repos/git-mastery/git-mastery.github.io/lessons/prsCreate/exercise-create-pr-from-main.md
2026-09-23T10:25:42.949Z - [36mverbose[39m: Rendering page: /Users/damithch/Repos/git-mastery/git-mastery.github.io/lessons/mergeConflicts/exercise-conflict-mediator.md
2026-09-23T10:25:42.965Z - [36mverbose[39m: Rendering page: /Users/damithch/Repos/git-mastery/git-mastery.github.io/lessons/merge/exercise-merge-undo.md
2026-09-23T10:25:42.974Z - [36mverbose[39m: Rendering page: /Users/damithch/Repos/git-mastery/git-mastery.github.io/lessons/merge/exercise-merge-squash.md
2026-09-23T10:25:42.976Z - [36mverbose[39m: Rendering page: /Users/damithch/Repos/git-mastery/git-mastery.github.io/lessons/merge/exercise-ff-undo.md
2026-09-23T10:25:42.989Z - [36mverbose[39m: Rendering page: /Users/damithch/Repos/git-mastery/git-mastery.github.io/lessons/merge/exercise-branch-forward.md
2026-09-23T10:25:42.998Z - [36mverbose[39m: Rendering page: /Users/damithch/Repos/git-mastery/git-mastery.github.io/lessons/merge/exercise-branch-compare.md
2026-09-23T10:25:43.002Z - [36mverbose[39m: Rendering page: /Users/damithch/Repos/git-mastery/git-mastery.github.io/lessons/merge/exercise-branch-bender.md
2026-09-23T10:25:43.009Z - [36mverbose[39m: Rendering page: /Users/damithch/Repos/git-mastery/git-mastery.github.io/lessons/log/exercise-log-and-order.md
2026-09-23T10:25:43.018Z - [36mverbose[39m: Rendering page: /Users/damithch/Repos/git-mastery/git-mastery.github.io/lessons/init/exercise-undo-init.md
2026-09-23T10:25:43.032Z - [36mverbose[39m: Rendering page: /Users/damithch/Repos/git-mastery/git-mastery.github.io/lessons/init/exercise-under-control.md
2026-09-23T10:25:43.034Z - [36mverbose[39m: Rendering page: /Users/damithch/Repos/git-mastery/git-mastery.github.io/lessons/ignore/exercise-ignoring-somethings.md
2026-09-23T10:25:43.043Z - [36mverbose[39m: Rendering page: /Users/damithch/Repos/git-mastery/git-mastery.github.io/lessons/fork/exercise-fork-repo.md
2026-09-23T10:25:43.057Z - [36mverbose[39m: Rendering page: /Users/damithch/Repos/git-mastery/git-mastery.github.io/lessons/diff/exercise-sensors-diff.md
2026-09-23T10:25:43.066Z - [36mverbose[39m: Rendering page: /Users/damithch/Repos/git-mastery/git-mastery.github.io/lessons/createRemoteRepo/exercise-remote-control.md
2026-09-23T10:25:43.067Z - [36mverbose[39m: Rendering page: /Users/damithch/Repos/git-mastery/git-mastery.github.io/lessons/commit/exercise-staging-intervention.md
2026-09-23T10:25:43.075Z - [36mverbose[39m: Rendering page: /Users/damithch/Repos/git-mastery/git-mastery.github.io/lessons/commit/exercise-grocery-shopping.md
2026-09-23T10:25:43.093Z - [36mverbose[39m: Rendering page: /Users/damithch/Repos/git-mastery/git-mastery.github.io/lessons/clone/exercise-clone-repo.md
2026-09-23T10:25:43.106Z - [36mverbose[39m: Rendering page: /Users/damithch/Repos/git-mastery/git-mastery.github.io/lessons/checkout/exercise-sensors-checkout.md
2026-09-23T10:25:43.108Z - [36mverbose[39m: Rendering page: /Users/damithch/Repos/git-mastery/git-mastery.github.io/lessons/branchRename/exercise-branch-rename.md
2026-09-23T10:25:43.122Z - [36mverbose[39m: Rendering page: /Users/damithch/Repos/git-mastery/git-mastery.github.io/lessons/branchDelete/exercise-mix-messy-graph.md
2026-09-23T10:25:43.146Z - [36mverbose[39m: Rendering page: /Users/damithch/Repos/git-mastery/git-mastery.github.io/lessons/branchDelete/exercise-mix-messy-docs.md
2026-09-23T10:25:43.174Z - [36mverbose[39m: Rendering page: /Users/damithch/Repos/git-mastery/git-mastery.github.io/lessons/branchDelete/exercise-branch-delete.md
2026-09-23T10:25:43.179Z - [36mverbose[39m: Rendering page: /Users/damithch/Repos/git-mastery/git-mastery.github.io/lessons/branch/exercise-side-track.md
2026-09-23T10:25:43.187Z - [36mverbose[39m: Rendering page: /Users/damithch/Repos/git-mastery/git-mastery.github.io/lessons/branch/exercise-branch-previous.md
2026-09-23T10:25:43.192Z - [36mverbose[39m: Rendering page: /Users/damithch/Repos/git-mastery/git-mastery.github.io/versions/cs2113/index.md
2026-09-23T10:25:43.269Z - [36mverbose[39m: Rendering page: /Users/damithch/Repos/git-mastery/git-mastery.github.io/versions/cs2103/index.md
2026-09-23T10:25:43.293Z - [36mverbose[39m: Rendering page: /Users/damithch/Repos/git-mastery/git-mastery.github.io/lessons/worktrees/index.md
2026-09-23T10:25:43.320Z - [36mverbose[39m: Rendering page: /Users/damithch/Repos/git-mastery/git-mastery.github.io/lessons/workflows/index.md
2026-09-23T10:25:43.323Z - [36mverbose[39m: Rendering page: /Users/damithch/Repos/git-mastery/git-mastery.github.io/lessons/trail/workingWithRemotes/index.md
2026-09-23T10:25:43.383Z - [36mverbose[39m: Rendering page: /Users/damithch/Repos/git-mastery/git-mastery.github.io/lessons/trail/workingWithPrs/index.md
2026-09-23T10:25:43.410Z - [36mverbose[39m: Rendering page: /Users/damithch/Repos/git-mastery/git-mastery.github.io/lessons/trail/usingRevisionHistory/index.md
2026-09-23T10:25:43.416Z - [36mverbose[39m: Rendering page: /Users/damithch/Repos/git-mastery/git-mastery.github.io/lessons/trail/syncingBranches/index.md
2026-09-23T10:25:43.452Z - [36mverbose[39m: Rendering page: /Users/damithch/Repos/git-mastery/git-mastery.github.io/lessons/trail/remoteBranches/index.md
2026-09-23T10:25:43.662Z - [36mverbose[39m: Rendering page: /Users/damithch/Repos/git-mastery/git-mastery.github.io/lessons/trail/recordingFolderHistory/index.md
2026-09-23T10:25:43.682Z - [36mverbose[39m: Rendering page: /Users/damithch/Repos/git-mastery/git-mastery.github.io/lessons/trail/managingProjects/index.md
2026-09-23T10:25:43.719Z - [36mverbose[39m: Rendering page: /Users/damithch/Repos/git-mastery/git-mastery.github.io/lessons/trail/index.md
2026-09-23T10:25:43.726Z - [36mverbose[39m: Rendering page: /Users/damithch/Repos/git-mastery/git-mastery.github.io/lessons/trail/fineTuningHistory/index.md
2026-09-23T10:25:43.753Z - [36mverbose[39m: Rendering page: /Users/damithch/Repos/git-mastery/git-mastery.github.io/lessons/trail/branchingLocally/index.md
2026-09-23T10:25:43.841Z - [36mverbose[39m: Rendering page: /Users/damithch/Repos/git-mastery/git-mastery.github.io/lessons/trail/backingUpOnCloud/index.md
2026-09-23T10:25:43.866Z - [36mverbose[39m: Rendering page: /Users/damithch/Repos/git-mastery/git-mastery.github.io/lessons/template/index.md
2026-09-23T10:25:43.869Z - [36mverbose[39m: Rendering page: /Users/damithch/Repos/git-mastery/git-mastery.github.io/lessons/tag/index.md
2026-09-23T10:25:44.062Z - [36mverbose[39m: Rendering page: /Users/damithch/Repos/git-mastery/git-mastery.github.io/lessons/syncByRebase/index.md
2026-09-23T10:25:44.067Z - [36mverbose[39m: Rendering page: /Users/damithch/Repos/git-mastery/git-mastery.github.io/lessons/syncByMerge/index.md
2026-09-23T10:25:44.071Z - [36mverbose[39m: Rendering page: /Users/damithch/Repos/git-mastery/git-mastery.github.io/lessons/stage/index.md
2026-09-23T10:25:44.085Z - [36mverbose[39m: Rendering page: /Users/damithch/Repos/git-mastery/git-mastery.github.io/lessons/show/index.md
2026-09-23T10:25:44.288Z - [36mverbose[39m: Rendering page: /Users/damithch/Repos/git-mastery/git-mastery.github.io/lessons/setRemote/index.md
2026-09-23T10:25:44.299Z - [36mverbose[39m: Rendering page: /Users/damithch/Repos/git-mastery/git-mastery.github.io/lessons/selectiveStage/index.md
2026-09-23T10:25:44.305Z - [36mverbose[39m: Rendering page: /Users/damithch/Repos/git-mastery/git-mastery.github.io/lessons/revert/index.md
2026-09-23T10:25:44.311Z - [36mverbose[39m: Rendering page: /Users/damithch/Repos/git-mastery/git-mastery.github.io/lessons/reset/index.md
2026-09-23T10:25:44.434Z - [36mverbose[39m: Rendering page: /Users/damithch/Repos/git-mastery/git-mastery.github.io/lessons/remoteBranchRename/index.md
2026-09-23T10:25:44.439Z - [36mverbose[39m: Rendering page: /Users/damithch/Repos/git-mastery/git-mastery.github.io/lessons/remoteRepos/index.md
2026-09-23T10:25:44.442Z - [36mverbose[39m: Rendering page: /Users/damithch/Repos/git-mastery/git-mastery.github.io/lessons/remoteBranchPush/index.md
2026-09-23T10:25:44.447Z - [36mverbose[39m: Rendering page: /Users/damithch/Repos/git-mastery/git-mastery.github.io/lessons/remoteBranchPull/index.md
2026-09-23T10:25:44.682Z - [36mverbose[39m: Rendering page: /Users/damithch/Repos/git-mastery/git-mastery.github.io/lessons/remoteBranchDelete/index.md
2026-09-23T10:25:44.687Z - [36mverbose[39m: Rendering page: /Users/damithch/Repos/git-mastery/git-mastery.github.io/lessons/push/index.md
2026-09-23T10:25:44.696Z - [36mverbose[39m: Rendering page: /Users/damithch/Repos/git-mastery/git-mastery.github.io/lessons/prsReview/index.md
2026-09-23T10:25:44.700Z - [36mverbose[39m: Rendering page: /Users/damithch/Repos/git-mastery/git-mastery.github.io/lessons/pull/index.md
2026-09-23T10:25:44.891Z - [36mverbose[39m: Rendering page: /Users/damithch/Repos/git-mastery/git-mastery.github.io/lessons/prsMerge/index.md
2026-09-23T10:25:44.902Z - [36mverbose[39m: Rendering page: /Users/damithch/Repos/git-mastery/git-mastery.github.io/lessons/prsCreate/index.md
2026-09-23T10:25:44.921Z - [36mverbose[39m: Rendering page: /Users/damithch/Repos/git-mastery/git-mastery.github.io/lessons/otherPmFeatures/index.md
2026-09-23T10:25:45.035Z - [36mverbose[39m: Rendering page: /Users/damithch/Repos/git-mastery/git-mastery.github.io/lessons/mergeConflicts/index.md
2026-09-23T10:25:45.130Z - [36mverbose[39m: Rendering page: /Users/damithch/Repos/git-mastery/git-mastery.github.io/lessons/merge/index.md
2026-09-23T10:25:45.181Z - [36mverbose[39m: Rendering page: /Users/damithch/Repos/git-mastery/git-mastery.github.io/lessons/log/index.md
2026-09-23T10:25:45.191Z - [36mverbose[39m: Rendering page: /Users/damithch/Repos/git-mastery/git-mastery.github.io/lessons/intro/index.md
2026-09-23T10:25:45.249Z - [36mverbose[39m: Rendering page: /Users/damithch/Repos/git-mastery/git-mastery.github.io/lessons/interactiveRebase/index.md
2026-09-23T10:25:45.542Z - [36mverbose[39m: Rendering page: /Users/damithch/Repos/git-mastery/git-mastery.github.io/lessons/init/index.md
2026-09-23T10:25:45.553Z - [36mverbose[39m: Rendering page: /Users/damithch/Repos/git-mastery/git-mastery.github.io/lessons/ignore/index.md
2026-09-23T10:25:45.562Z - [36mverbose[39m: Rendering page: /Users/damithch/Repos/git-mastery/git-mastery.github.io/lessons/index.md
2026-09-23T10:25:45.568Z - [36mverbose[39m: Rendering page: /Users/damithch/Repos/git-mastery/git-mastery.github.io/lessons/githubPrep/index.md
2026-09-23T10:25:45.770Z - [36mverbose[39m: Rendering page: /Users/damithch/Repos/git-mastery/git-mastery.github.io/lessons/gitPrep/index.md
2026-09-23T10:25:45.783Z - [36mverbose[39m: Rendering page: /Users/damithch/Repos/git-mastery/git-mastery.github.io/lessons/fork/index.md
2026-09-23T10:25:45.787Z - [36mverbose[39m: Rendering page: /Users/damithch/Repos/git-mastery/git-mastery.github.io/lessons/forkingWorkflow/index.md
2026-09-23T10:25:45.812Z - [36mverbose[39m: Rendering page: /Users/damithch/Repos/git-mastery/git-mastery.github.io/lessons/diff/index.md
2026-09-23T10:25:45.926Z - [36mverbose[39m: Rendering page: /Users/damithch/Repos/git-mastery/git-mastery.github.io/lessons/createRemoteRepo/index.md
2026-09-23T10:25:45.957Z - [36mverbose[39m: Rendering page: /Users/damithch/Repos/git-mastery/git-mastery.github.io/lessons/commitMessage/index.md
2026-09-23T10:25:45.963Z - [36mverbose[39m: Rendering page: /Users/damithch/Repos/git-mastery/git-mastery.github.io/lessons/commit/index.md
2026-09-23T10:25:46.003Z - [36mverbose[39m: Rendering page: /Users/damithch/Repos/git-mastery/git-mastery.github.io/lessons/clone/index.md
2026-09-23T10:25:46.167Z - [36mverbose[39m: Rendering page: /Users/damithch/Repos/git-mastery/git-mastery.github.io/lessons/cherryPick/index.md
2026-09-23T10:25:46.171Z - [36mverbose[39m: Rendering page: /Users/damithch/Repos/git-mastery/git-mastery.github.io/lessons/checkout/index.md
2026-09-23T10:25:46.180Z - [36mverbose[39m: Rendering page: /Users/damithch/Repos/git-mastery/git-mastery.github.io/lessons/branchRename/index.md
2026-09-23T10:25:46.185Z - [36mverbose[39m: Rendering page: /Users/damithch/Repos/git-mastery/git-mastery.github.io/lessons/branchDelete/index.md
2026-09-23T10:25:46.298Z - [36mverbose[39m: Rendering page: /Users/damithch/Repos/git-mastery/git-mastery.github.io/index.md
2026-09-23T10:25:46.301Z - [36mverbose[39m: Rendering page: /Users/damithch/Repos/git-mastery/git-mastery.github.io/lessons/branch/index.md
2026-09-23T10:25:46.325Z - [32minfo[39m: Pages built
2026-09-23T10:25:46.401Z - [32minfo[39m: Site data built
2026-09-23T10:25:46.401Z - [32minfo[39m: Website generation complete! Total build time: 11.107s
2026-09-23T10:25:46.401Z - [32minfo[39m: Build success!
2026-09-23T10:25:55.881Z - [32minfo[39m: Website generation (lazy) started at 18:25:55
2026-09-23T10:25:56.017Z - [32minfo[39m: Building assets...
2026-09-23T10:25:56.121Z - [32minfo[39m: Assets built
2026-09-23T10:25:56.121Z - [32minfo[39m: Generating landing page...
2026-09-23T10:25:56.199Z - [36mverbose[39m: Rendering page: /Users/damithch/Repos/git-mastery/git-mastery.github.io/index.md
2026-09-23T10:25:56.217Z - [32minfo[39m: Landing page built, other pages will be built as you navigate to them!
2026-09-23T10:25:56.299Z - [32minfo[39m: Site data built
2026-09-23T10:25:56.299Z - [32minfo[39m: Website generation (lazy) complete! Total build time: 0.49s
2026-09-23T10:25:56.311Z - [32minfo[39m: Serving "/Users/damithch/Repos/git-mastery/git-mastery.github.io/_site" at http://127.0.0.1:8080
2026-09-23T10:25:56.312Z - [32minfo[39m: Press CTRL+C to stop ...
2026-09-23T10:25:58.191Z - [32minfo[39m: Building /Users/damithch/Repos/git-mastery/git-mastery.github.io/versions/cs2103/insertions as some of its dependencies were changed since the last visit
2026-09-23T10:25:58.223Z - [36mverbose[39m: Rendering page: /Users/damithch/Repos/git-mastery/git-mastery.github.io/versions/cs2103/insertions.md
2026-09-23T10:25:58.227Z - [32minfo[39m: Site data built
2026-09-23T10:25:58.227Z - [32minfo[39m: Lazy website regeneration complete! Total build time: 0.036s
2026-09-23T10:26:03.934Z - [32minfo[39m: Building /Users/damithch/Repos/git-mastery/git-mastery.github.io/lessons/index as some of its dependencies were changed since the last visit
2026-09-23T10:26:04.418Z - [36mverbose[39m: Rendering page: /Users/damithch/Repos/git-mastery/git-mastery.github.io/lessons/index.md
2026-09-23T10:26:04.430Z - [32minfo[39m: Site data built
2026-09-23T10:26:04.430Z - [32minfo[39m: Lazy website regeneration complete! Total build time: 0.5s
2026-09-23T10:26:27.178Z - [32minfo[39m: Building /Users/damithch/Repos/git-mastery/git-mastery.github.io/lessons/trail/recordingFolderHistory/index as some of its dependencies were changed since the last visit
2026-09-23T10:26:27.298Z - [36mverbose[39m: Rendering page: /Users/damithch/Repos/git-mastery/git-mastery.github.io/lessons/trail/recordingFolderHistory/index.md
2026-09-23T10:26:27.305Z - [32minfo[39m: Site data built
2026-09-23T10:26:27.305Z - [32minfo[39m: Lazy website regeneration complete! Total build time: 0.128s
2026-09-23T10:26:38.364Z - [32minfo[39m: Building /Users/damithch/Repos/git-mastery/git-mastery.github.io/lessons/intro/index as some of its dependencies were changed since the last visit
2026-09-23T10:26:38.435Z - [36mverbose[39m: Rendering page: /Users/damithch/Repos/git-mastery/git-mastery.github.io/lessons/intro/index.md
2026-09-23T10:26:38.445Z - [32minfo[39m: Site data built
2026-09-23T10:26:38.446Z - [32minfo[39m: Lazy website regeneration complete! Total build time: 0.084s
2026-09-23T10:26:46.354Z - [32minfo[39m: Building /Users/damithch/Repos/git-mastery/git-mastery.github.io/lessons/trail/fineTuningHistory/end as some of its dependencies were changed since the last visit
2026-09-23T10:26:46.422Z - [36mverbose[39m: Rendering page: /Users/damithch/Repos/git-mastery/git-mastery.github.io/lessons/trail/fineTuningHistory/end.md
2026-09-23T10:26:46.428Z - [32minfo[39m: Site data built
2026-09-23T10:26:46.429Z - [32minfo[39m: Lazy website regeneration complete! Total build time: 0.076s
2026-09-23T10:26:50.398Z - [32minfo[39m: Building /Users/damithch/Repos/git-mastery/git-mastery.github.io/lessons/trail/branchingLocally/index as some of its dependencies were changed since the last visit
2026-09-23T10:26:50.486Z - [36mverbose[39m: Rendering page: /Users/damithch/Repos/git-mastery/git-mastery.github.io/lessons/trail/branchingLocally/index.md
2026-09-23T10:26:50.494Z - [32minfo[39m: Site data built
2026-09-23T10:26:50.494Z - [32minfo[39m: Lazy website regeneration complete! Total build time: 0.096s
2026-09-23T10:26:56.191Z - [32minfo[39m: Building /Users/damithch/Repos/git-mastery/git-mastery.github.io/lessons/branch/index as some of its dependencies were changed since the last visit
2026-09-23T10:26:56.360Z - [36mverbose[39m: Rendering page: /Users/damithch/Repos/git-mastery/git-mastery.github.io/lessons/branch/index.md
2026-09-23T10:26:56.384Z - [32minfo[39m: Site data built
2026-09-23T10:26:56.384Z - [32minfo[39m: Lazy website regeneration complete! Total build time: 0.194s
2026-09-23T10:27:20.291Z - [32minfo[39m: Website generation started at 18:27:20
2026-09-23T10:27:20.440Z - [32minfo[39m: Building assets...
