2026-07-07T08:27:11.985Z - [32minfo[39m: Website generation (lazy) started at 16:27:11
2026-07-07T08:27:12.194Z - [32minfo[39m: Building assets...
2026-07-07T08:27:12.307Z - [32minfo[39m: Assets built
2026-07-07T08:27:12.307Z - [32minfo[39m: Generating landing page...
2026-07-07T08:27:12.417Z - [36mverbose[39m: Rendering page: /Users/damithch/Repos/git-mastery/git-mastery.github.io/index.md
2026-07-07T08:27:12.429Z - [32minfo[39m: Landing page built, other pages will be built as you navigate to them!
2026-07-07T08:27:12.498Z - [32minfo[39m: Site data built
2026-07-07T08:27:12.498Z - [32minfo[39m: Website generation (lazy) complete! Total build time: 0.644s
2026-07-07T08:27:12.509Z - [32minfo[39m: Serving "/Users/damithch/Repos/git-mastery/git-mastery.github.io/_site" at http://127.0.0.1:8080
2026-07-07T08:27:12.509Z - [32minfo[39m: Press CTRL+C to stop ...
2026-07-07T08:27:16.881Z - [32minfo[39m: Building /Users/damithch/Repos/git-mastery/git-mastery.github.io/versions/cs2103/insertions as some of its dependencies were changed since the last visit
2026-07-07T08:27:16.916Z - [36mverbose[39m: Rendering page: /Users/damithch/Repos/git-mastery/git-mastery.github.io/versions/cs2103/insertions.md
2026-07-07T08:27:16.920Z - [32minfo[39m: Site data built
2026-07-07T08:27:16.921Z - [32minfo[39m: Lazy website regeneration complete! Total build time: 0.041s
2026-07-07T08:27:20.086Z - [32minfo[39m: Building /Users/damithch/Repos/git-mastery/git-mastery.github.io/lessons/index as some of its dependencies were changed since the last visit
2026-07-07T08:27:20.475Z - [36mverbose[39m: Rendering page: /Users/damithch/Repos/git-mastery/git-mastery.github.io/lessons/index.md
2026-07-07T08:27:20.488Z - [32minfo[39m: Site data built
2026-07-07T08:27:20.488Z - [32minfo[39m: Lazy website regeneration complete! Total build time: 0.402s
2026-07-07T08:27:25.380Z - [32minfo[39m: Building /Users/damithch/Repos/git-mastery/git-mastery.github.io/lessons/trail/recordingFolderHistory/index as some of its dependencies were changed since the last visit
2026-07-07T08:27:25.970Z - [36mverbose[39m: Rendering page: /Users/damithch/Repos/git-mastery/git-mastery.github.io/lessons/trail/recordingFolderHistory/index.md
2026-07-07T08:27:26.039Z - [32minfo[39m: Site data built
2026-07-07T08:27:26.039Z - [32minfo[39m: Lazy website regeneration complete! Total build time: 0.66s
2026-07-07T08:29:50.637Z - [32minfo[39m: Website generation started at 16:29:50
2026-07-07T08:29:50.723Z - [32minfo[39m: Building assets...
2026-07-07T08:29:50.817Z - [32minfo[39m: Assets built
2026-07-07T08:29:50.818Z - [32minfo[39m: Generating pages...
2026-07-07T08:29:51.355Z - [36mverbose[39m: Rendering page: /Users/damithch/Repos/git-mastery/git-mastery.github.io/about/index.md
2026-07-07T08:29:51.364Z - [36mverbose[39m: Rendering page: /Users/damithch/Repos/git-mastery/git-mastery.github.io/faq/index.md
2026-07-07T08:29:51.367Z - [36mverbose[39m: Rendering page: /Users/damithch/Repos/git-mastery/git-mastery.github.io/companion-app/index.md
2026-07-07T08:29:51.383Z - [36mverbose[39m: Rendering page: /Users/damithch/Repos/git-mastery/git-mastery.github.io/exercises-directory/index.md
2026-07-07T08:29:54.417Z - [36mverbose[39m: Rendering page: /Users/damithch/Repos/git-mastery/git-mastery.github.io/versions/cs2103/insertions.md
2026-07-07T08:29:54.419Z - [36mverbose[39m: Rendering page: /Users/damithch/Repos/git-mastery/git-mastery.github.io/lessons/trail/all.md
2026-07-07T08:29:54.666Z - [36mverbose[39m: Rendering page: /Users/damithch/Repos/git-mastery/git-mastery.github.io/lessons/tag/exercise-tags-update.md
2026-07-07T08:29:54.668Z - [36mverbose[39m: Rendering page: /Users/damithch/Repos/git-mastery/git-mastery.github.io/lessons/tag/exercise-tags-push.md
2026-07-07T08:29:54.698Z - [36mverbose[39m: Rendering page: /Users/damithch/Repos/git-mastery/git-mastery.github.io/lessons/tag/exercise-tags-add.md
2026-07-07T08:29:54.710Z - [36mverbose[39m: Rendering page: /Users/damithch/Repos/git-mastery/git-mastery.github.io/lessons/setRemote/exercise-link-me.md
2026-07-07T08:29:54.713Z - [36mverbose[39m: Rendering page: /Users/damithch/Repos/git-mastery/git-mastery.github.io/lessons/show/exercise-view-commits.md
2026-07-07T08:29:54.714Z - [36mverbose[39m: Rendering page: /Users/damithch/Repos/git-mastery/git-mastery.github.io/lessons/stage/exercise-stage-fright.md
2026-07-07T08:29:54.741Z - [36mverbose[39m: Rendering page: /Users/damithch/Repos/git-mastery/git-mastery.github.io/lessons/revert/exercise-sensors-revert.md
2026-07-07T08:29:54.743Z - [36mverbose[39m: Rendering page: /Users/damithch/Repos/git-mastery/git-mastery.github.io/lessons/reset/exercise-sensors-reset.md
2026-07-07T08:29:54.746Z - [36mverbose[39m: Rendering page: /Users/damithch/Repos/git-mastery/git-mastery.github.io/lessons/remoteBranchRename/exercise-glossary-branch-rename.md
2026-07-07T08:29:54.754Z - [36mverbose[39m: Rendering page: /Users/damithch/Repos/git-mastery/git-mastery.github.io/lessons/remoteBranchRename/exercise-remote-branch-rename.md
2026-07-07T08:29:54.773Z - [36mverbose[39m: Rendering page: /Users/damithch/Repos/git-mastery/git-mastery.github.io/lessons/remoteBranchPush/exercise-glossary-branch-push.md
2026-07-07T08:29:54.782Z - [36mverbose[39m: Rendering page: /Users/damithch/Repos/git-mastery/git-mastery.github.io/lessons/remoteBranchPull/exercise-glossary-branch-pull.md
2026-07-07T08:29:54.784Z - [36mverbose[39m: Rendering page: /Users/damithch/Repos/git-mastery/git-mastery.github.io/lessons/push/exercise-push-over.md
2026-07-07T08:29:54.786Z - [36mverbose[39m: Rendering page: /Users/damithch/Repos/git-mastery/git-mastery.github.io/lessons/remoteBranchDelete/exercise-glossary-branch-delete.md
2026-07-07T08:29:54.805Z - [36mverbose[39m: Rendering page: /Users/damithch/Repos/git-mastery/git-mastery.github.io/lessons/pull/exercise-fetch-and-pull.md
2026-07-07T08:29:54.824Z - [36mverbose[39m: Rendering page: /Users/damithch/Repos/git-mastery/git-mastery.github.io/lessons/prsCreate/exercise-create-pr-from-main.md
2026-07-07T08:29:54.833Z - [36mverbose[39m: Rendering page: /Users/damithch/Repos/git-mastery/git-mastery.github.io/lessons/merge/exercise-merge-undo.md
2026-07-07T08:29:54.835Z - [36mverbose[39m: Rendering page: /Users/damithch/Repos/git-mastery/git-mastery.github.io/lessons/mergeConflicts/exercise-conflict-mediator.md
2026-07-07T08:29:54.845Z - [36mverbose[39m: Rendering page: /Users/damithch/Repos/git-mastery/git-mastery.github.io/lessons/merge/exercise-merge-squash.md
2026-07-07T08:29:54.861Z - [36mverbose[39m: Rendering page: /Users/damithch/Repos/git-mastery/git-mastery.github.io/lessons/merge/exercise-ff-undo.md
2026-07-07T08:29:54.869Z - [36mverbose[39m: Rendering page: /Users/damithch/Repos/git-mastery/git-mastery.github.io/lessons/merge/exercise-branch-forward.md
2026-07-07T08:29:54.871Z - [36mverbose[39m: Rendering page: /Users/damithch/Repos/git-mastery/git-mastery.github.io/lessons/merge/exercise-branch-compare.md
2026-07-07T08:29:54.886Z - [36mverbose[39m: Rendering page: /Users/damithch/Repos/git-mastery/git-mastery.github.io/lessons/merge/exercise-branch-bender.md
2026-07-07T08:29:54.896Z - [36mverbose[39m: Rendering page: /Users/damithch/Repos/git-mastery/git-mastery.github.io/lessons/log/exercise-log-and-order.md
2026-07-07T08:29:54.898Z - [36mverbose[39m: Rendering page: /Users/damithch/Repos/git-mastery/git-mastery.github.io/lessons/init/exercise-undo-init.md
2026-07-07T08:29:54.906Z - [36mverbose[39m: Rendering page: /Users/damithch/Repos/git-mastery/git-mastery.github.io/lessons/init/exercise-under-control.md
2026-07-07T08:29:54.921Z - [36mverbose[39m: Rendering page: /Users/damithch/Repos/git-mastery/git-mastery.github.io/lessons/ignore/exercise-ignoring-somethings.md
2026-07-07T08:29:54.931Z - [36mverbose[39m: Rendering page: /Users/damithch/Repos/git-mastery/git-mastery.github.io/lessons/fork/exercise-fork-repo.md
2026-07-07T08:29:54.938Z - [36mverbose[39m: Rendering page: /Users/damithch/Repos/git-mastery/git-mastery.github.io/lessons/diff/exercise-sensors-diff.md
2026-07-07T08:29:54.947Z - [36mverbose[39m: Rendering page: /Users/damithch/Repos/git-mastery/git-mastery.github.io/lessons/createRemoteRepo/exercise-remote-control.md
2026-07-07T08:29:54.948Z - [36mverbose[39m: Rendering page: /Users/damithch/Repos/git-mastery/git-mastery.github.io/lessons/commit/exercise-staging-intervention.md
2026-07-07T08:29:54.973Z - [36mverbose[39m: Rendering page: /Users/damithch/Repos/git-mastery/git-mastery.github.io/lessons/commit/exercise-grocery-shopping.md
2026-07-07T08:29:54.975Z - [36mverbose[39m: Rendering page: /Users/damithch/Repos/git-mastery/git-mastery.github.io/lessons/clone/exercise-clone-repo.md
2026-07-07T08:29:54.978Z - [36mverbose[39m: Rendering page: /Users/damithch/Repos/git-mastery/git-mastery.github.io/lessons/checkout/exercise-sensors-checkout.md
2026-07-07T08:29:54.980Z - [36mverbose[39m: Rendering page: /Users/damithch/Repos/git-mastery/git-mastery.github.io/lessons/branchRename/exercise-branch-rename.md
2026-07-07T08:29:55.023Z - [36mverbose[39m: Rendering page: /Users/damithch/Repos/git-mastery/git-mastery.github.io/lessons/branchDelete/exercise-mix-messy-graph.md
2026-07-07T08:29:55.028Z - [36mverbose[39m: Rendering page: /Users/damithch/Repos/git-mastery/git-mastery.github.io/lessons/branchDelete/exercise-mix-messy-docs.md
2026-07-07T08:29:55.039Z - [36mverbose[39m: Rendering page: /Users/damithch/Repos/git-mastery/git-mastery.github.io/lessons/branchDelete/exercise-branch-delete.md
2026-07-07T08:29:55.041Z - [36mverbose[39m: Rendering page: /Users/damithch/Repos/git-mastery/git-mastery.github.io/lessons/branch/exercise-side-track.md
2026-07-07T08:29:55.108Z - [36mverbose[39m: Rendering page: /Users/damithch/Repos/git-mastery/git-mastery.github.io/lessons/branch/exercise-branch-previous.md
2026-07-07T08:29:55.113Z - [36mverbose[39m: Rendering page: /Users/damithch/Repos/git-mastery/git-mastery.github.io/versions/cs2103/index.md
2026-07-07T08:29:55.255Z - [36mverbose[39m: Rendering page: /Users/damithch/Repos/git-mastery/git-mastery.github.io/lessons/worktrees/index.md
2026-07-07T08:29:55.263Z - [36mverbose[39m: Rendering page: /Users/damithch/Repos/git-mastery/git-mastery.github.io/lessons/workflows/index.md
2026-07-07T08:29:55.868Z - [36mverbose[39m: Rendering page: /Users/damithch/Repos/git-mastery/git-mastery.github.io/lessons/trail/workingWithRemotes/index.md
2026-07-07T08:29:55.900Z - [36mverbose[39m: Rendering page: /Users/damithch/Repos/git-mastery/git-mastery.github.io/lessons/trail/workingWithPrs/index.md
2026-07-07T08:29:56.029Z - [36mverbose[39m: Rendering page: /Users/damithch/Repos/git-mastery/git-mastery.github.io/lessons/trail/usingRevisionHistory/index.md
2026-07-07T08:29:56.078Z - [36mverbose[39m: Rendering page: /Users/damithch/Repos/git-mastery/git-mastery.github.io/lessons/trail/syncingBranches/index.md
2026-07-07T08:29:56.536Z - [36mverbose[39m: Rendering page: /Users/damithch/Repos/git-mastery/git-mastery.github.io/lessons/trail/remoteBranches/index.md
2026-07-07T08:29:56.716Z - [36mverbose[39m: Rendering page: /Users/damithch/Repos/git-mastery/git-mastery.github.io/lessons/trail/recordingFolderHistory/index.md
2026-07-07T08:29:56.844Z - [36mverbose[39m: Rendering page: /Users/damithch/Repos/git-mastery/git-mastery.github.io/lessons/trail/managingProjects/index.md
2026-07-07T08:29:56.850Z - [36mverbose[39m: Rendering page: /Users/damithch/Repos/git-mastery/git-mastery.github.io/lessons/trail/index.md
2026-07-07T08:29:57.681Z - [36mverbose[39m: Rendering page: /Users/damithch/Repos/git-mastery/git-mastery.github.io/lessons/trail/fineTuningHistory/index.md
2026-07-07T08:29:58.105Z - [36mverbose[39m: Rendering page: /Users/damithch/Repos/git-mastery/git-mastery.github.io/lessons/trail/branchingLocally/index.md
2026-07-07T08:29:58.156Z - [36mverbose[39m: Rendering page: /Users/damithch/Repos/git-mastery/git-mastery.github.io/lessons/trail/backingUpOnCloud/index.md
2026-07-07T08:29:58.187Z - [36mverbose[39m: Rendering page: /Users/damithch/Repos/git-mastery/git-mastery.github.io/lessons/template/index.md
2026-07-07T08:29:58.192Z - [36mverbose[39m: Rendering page: /Users/damithch/Repos/git-mastery/git-mastery.github.io/lessons/tag/index.md
2026-07-07T08:29:58.387Z - [36mverbose[39m: Rendering page: /Users/damithch/Repos/git-mastery/git-mastery.github.io/lessons/syncByRebase/index.md
2026-07-07T08:29:58.391Z - [36mverbose[39m: Rendering page: /Users/damithch/Repos/git-mastery/git-mastery.github.io/lessons/stage/index.md
2026-07-07T08:29:58.407Z - [36mverbose[39m: Rendering page: /Users/damithch/Repos/git-mastery/git-mastery.github.io/lessons/syncByMerge/index.md
2026-07-07T08:29:58.413Z - [36mverbose[39m: Rendering page: /Users/damithch/Repos/git-mastery/git-mastery.github.io/lessons/show/index.md
2026-07-07T08:29:58.596Z - [36mverbose[39m: Rendering page: /Users/damithch/Repos/git-mastery/git-mastery.github.io/lessons/setRemote/index.md
2026-07-07T08:29:58.610Z - [36mverbose[39m: Rendering page: /Users/damithch/Repos/git-mastery/git-mastery.github.io/lessons/selectiveStage/index.md
2026-07-07T08:29:58.614Z - [36mverbose[39m: Rendering page: /Users/damithch/Repos/git-mastery/git-mastery.github.io/lessons/reset/index.md
2026-07-07T08:29:58.628Z - [36mverbose[39m: Rendering page: /Users/damithch/Repos/git-mastery/git-mastery.github.io/lessons/revert/index.md
2026-07-07T08:29:58.738Z - [36mverbose[39m: Rendering page: /Users/damithch/Repos/git-mastery/git-mastery.github.io/lessons/remoteRepos/index.md
2026-07-07T08:29:58.743Z - [36mverbose[39m: Rendering page: /Users/damithch/Repos/git-mastery/git-mastery.github.io/lessons/remoteBranchRename/index.md
2026-07-07T08:29:58.748Z - [36mverbose[39m: Rendering page: /Users/damithch/Repos/git-mastery/git-mastery.github.io/lessons/remoteBranchPush/index.md
2026-07-07T08:29:58.754Z - [36mverbose[39m: Rendering page: /Users/damithch/Repos/git-mastery/git-mastery.github.io/lessons/remoteBranchPull/index.md
2026-07-07T08:29:58.998Z - [36mverbose[39m: Rendering page: /Users/damithch/Repos/git-mastery/git-mastery.github.io/lessons/remoteBranchDelete/index.md
2026-07-07T08:29:59.003Z - [36mverbose[39m: Rendering page: /Users/damithch/Repos/git-mastery/git-mastery.github.io/lessons/pull/index.md
2026-07-07T08:29:59.019Z - [36mverbose[39m: Rendering page: /Users/damithch/Repos/git-mastery/git-mastery.github.io/lessons/push/index.md
2026-07-07T08:29:59.070Z - [36mverbose[39m: Rendering page: /Users/damithch/Repos/git-mastery/git-mastery.github.io/lessons/prsReview/index.md
2026-07-07T08:29:59.190Z - [36mverbose[39m: Rendering page: /Users/damithch/Repos/git-mastery/git-mastery.github.io/lessons/prsMerge/index.md
2026-07-07T08:29:59.196Z - [36mverbose[39m: Rendering page: /Users/damithch/Repos/git-mastery/git-mastery.github.io/lessons/prsCreate/index.md
2026-07-07T08:29:59.206Z - [36mverbose[39m: Rendering page: /Users/damithch/Repos/git-mastery/git-mastery.github.io/lessons/otherPmFeatures/index.md
2026-07-07T08:29:59.209Z - [36mverbose[39m: Rendering page: /Users/damithch/Repos/git-mastery/git-mastery.github.io/lessons/mergeConflicts/index.md
2026-07-07T08:29:59.406Z - [36mverbose[39m: Rendering page: /Users/damithch/Repos/git-mastery/git-mastery.github.io/lessons/log/index.md
2026-07-07T08:29:59.416Z - [36mverbose[39m: Rendering page: /Users/damithch/Repos/git-mastery/git-mastery.github.io/lessons/merge/index.md
2026-07-07T08:29:59.428Z - [36mverbose[39m: Rendering page: /Users/damithch/Repos/git-mastery/git-mastery.github.io/lessons/intro/index.md
2026-07-07T08:29:59.433Z - [36mverbose[39m: Rendering page: /Users/damithch/Repos/git-mastery/git-mastery.github.io/lessons/interactiveRebase/index.md
2026-07-07T08:29:59.736Z - [36mverbose[39m: Rendering page: /Users/damithch/Repos/git-mastery/git-mastery.github.io/lessons/init/index.md
2026-07-07T08:29:59.746Z - [36mverbose[39m: Rendering page: /Users/damithch/Repos/git-mastery/git-mastery.github.io/lessons/index.md
2026-07-07T08:29:59.753Z - [36mverbose[39m: Rendering page: /Users/damithch/Repos/git-mastery/git-mastery.github.io/lessons/ignore/index.md
2026-07-07T08:29:59.762Z - [36mverbose[39m: Rendering page: /Users/damithch/Repos/git-mastery/git-mastery.github.io/lessons/githubPrep/index.md
2026-07-07T08:29:59.918Z - [36mverbose[39m: Rendering page: /Users/damithch/Repos/git-mastery/git-mastery.github.io/lessons/gitPrep/index.md
2026-07-07T08:29:59.932Z - [36mverbose[39m: Rendering page: /Users/damithch/Repos/git-mastery/git-mastery.github.io/lessons/forkingWorkflow/index.md
2026-07-07T08:29:59.936Z - [36mverbose[39m: Rendering page: /Users/damithch/Repos/git-mastery/git-mastery.github.io/lessons/fork/index.md
2026-07-07T08:29:59.955Z - [36mverbose[39m: Rendering page: /Users/damithch/Repos/git-mastery/git-mastery.github.io/lessons/diff/index.md
2026-07-07T08:30:00.058Z - [36mverbose[39m: Rendering page: /Users/damithch/Repos/git-mastery/git-mastery.github.io/lessons/createRemoteRepo/index.md
2026-07-07T08:30:00.089Z - [36mverbose[39m: Rendering page: /Users/damithch/Repos/git-mastery/git-mastery.github.io/lessons/commitMessage/index.md
2026-07-07T08:30:00.094Z - [36mverbose[39m: Rendering page: /Users/damithch/Repos/git-mastery/git-mastery.github.io/lessons/commit/index.md
2026-07-07T08:30:00.127Z - [36mverbose[39m: Rendering page: /Users/damithch/Repos/git-mastery/git-mastery.github.io/lessons/clone/index.md
2026-07-07T08:30:00.276Z - [36mverbose[39m: Rendering page: /Users/damithch/Repos/git-mastery/git-mastery.github.io/lessons/cherryPick/index.md
2026-07-07T08:30:00.281Z - [36mverbose[39m: Rendering page: /Users/damithch/Repos/git-mastery/git-mastery.github.io/lessons/branchRename/index.md
2026-07-07T08:30:00.287Z - [36mverbose[39m: Rendering page: /Users/damithch/Repos/git-mastery/git-mastery.github.io/lessons/checkout/index.md
2026-07-07T08:30:00.295Z - [36mverbose[39m: Rendering page: /Users/damithch/Repos/git-mastery/git-mastery.github.io/lessons/branchDelete/index.md
2026-07-07T08:30:00.392Z - [36mverbose[39m: Rendering page: /Users/damithch/Repos/git-mastery/git-mastery.github.io/lessons/branch/index.md
2026-07-07T08:30:00.403Z - [36mverbose[39m: Rendering page: /Users/damithch/Repos/git-mastery/git-mastery.github.io/index.md
2026-07-07T08:30:00.410Z - [32minfo[39m: Pages built
2026-07-07T08:30:00.482Z - [32minfo[39m: Site data built
2026-07-07T08:30:00.482Z - [32minfo[39m: Website generation complete! Total build time: 9.902s
2026-07-07T08:30:00.482Z - [32minfo[39m: Build success!
2026-07-07T08:31:45.423Z - [32minfo[39m: Website generation started at 16:31:45
2026-07-07T08:31:45.543Z - [32minfo[39m: Building assets...
2026-07-07T08:31:45.638Z - [32minfo[39m: Assets built
2026-07-07T08:31:45.639Z - [32minfo[39m: Generating pages...
2026-07-07T08:31:46.174Z - [36mverbose[39m: Rendering page: /Users/damithch/Repos/git-mastery/git-mastery.github.io/about/index.md
2026-07-07T08:31:46.182Z - [36mverbose[39m: Rendering page: /Users/damithch/Repos/git-mastery/git-mastery.github.io/companion-app/index.md
2026-07-07T08:31:46.200Z - [36mverbose[39m: Rendering page: /Users/damithch/Repos/git-mastery/git-mastery.github.io/faq/index.md
2026-07-07T08:31:46.202Z - [36mverbose[39m: Rendering page: /Users/damithch/Repos/git-mastery/git-mastery.github.io/exercises-directory/index.md
2026-07-07T08:31:49.314Z - [36mverbose[39m: Rendering page: /Users/damithch/Repos/git-mastery/git-mastery.github.io/versions/cs2103/insertions.md
2026-07-07T08:31:49.319Z - [36mverbose[39m: Rendering page: /Users/damithch/Repos/git-mastery/git-mastery.github.io/lessons/tag/exercise-tags-update.md
2026-07-07T08:31:49.321Z - [36mverbose[39m: Rendering page: /Users/damithch/Repos/git-mastery/git-mastery.github.io/lessons/tag/exercise-tags-push.md
2026-07-07T08:31:49.329Z - [36mverbose[39m: Rendering page: /Users/damithch/Repos/git-mastery/git-mastery.github.io/lessons/trail/all.md
2026-07-07T08:31:49.581Z - [36mverbose[39m: Rendering page: /Users/damithch/Repos/git-mastery/git-mastery.github.io/lessons/tag/exercise-tags-add.md
2026-07-07T08:31:49.617Z - [36mverbose[39m: Rendering page: /Users/damithch/Repos/git-mastery/git-mastery.github.io/lessons/show/exercise-view-commits.md
2026-07-07T08:31:49.620Z - [36mverbose[39m: Rendering page: /Users/damithch/Repos/git-mastery/git-mastery.github.io/lessons/setRemote/exercise-link-me.md
2026-07-07T08:31:49.621Z - [36mverbose[39m: Rendering page: /Users/damithch/Repos/git-mastery/git-mastery.github.io/lessons/stage/exercise-stage-fright.md
2026-07-07T08:31:49.656Z - [36mverbose[39m: Rendering page: /Users/damithch/Repos/git-mastery/git-mastery.github.io/lessons/revert/exercise-sensors-revert.md
2026-07-07T08:31:49.659Z - [36mverbose[39m: Rendering page: /Users/damithch/Repos/git-mastery/git-mastery.github.io/lessons/reset/exercise-sensors-reset.md
2026-07-07T08:31:49.667Z - [36mverbose[39m: Rendering page: /Users/damithch/Repos/git-mastery/git-mastery.github.io/lessons/remoteBranchRename/exercise-glossary-branch-rename.md
2026-07-07T08:31:49.669Z - [36mverbose[39m: Rendering page: /Users/damithch/Repos/git-mastery/git-mastery.github.io/lessons/remoteBranchRename/exercise-remote-branch-rename.md
2026-07-07T08:31:49.689Z - [36mverbose[39m: Rendering page: /Users/damithch/Repos/git-mastery/git-mastery.github.io/lessons/remoteBranchPush/exercise-glossary-branch-push.md
2026-07-07T08:31:49.698Z - [36mverbose[39m: Rendering page: /Users/damithch/Repos/git-mastery/git-mastery.github.io/lessons/remoteBranchPull/exercise-glossary-branch-pull.md
2026-07-07T08:31:49.700Z - [36mverbose[39m: Rendering page: /Users/damithch/Repos/git-mastery/git-mastery.github.io/lessons/remoteBranchDelete/exercise-glossary-branch-delete.md
2026-07-07T08:31:49.708Z - [36mverbose[39m: Rendering page: /Users/damithch/Repos/git-mastery/git-mastery.github.io/lessons/push/exercise-push-over.md
2026-07-07T08:31:49.721Z - [36mverbose[39m: Rendering page: /Users/damithch/Repos/git-mastery/git-mastery.github.io/lessons/pull/exercise-fetch-and-pull.md
2026-07-07T08:31:49.737Z - [36mverbose[39m: Rendering page: /Users/damithch/Repos/git-mastery/git-mastery.github.io/lessons/prsCreate/exercise-create-pr-from-main.md
2026-07-07T08:31:49.747Z - [36mverbose[39m: Rendering page: /Users/damithch/Repos/git-mastery/git-mastery.github.io/lessons/merge/exercise-merge-undo.md
2026-07-07T08:31:49.749Z - [36mverbose[39m: Rendering page: /Users/damithch/Repos/git-mastery/git-mastery.github.io/lessons/mergeConflicts/exercise-conflict-mediator.md
2026-07-07T08:31:49.758Z - [36mverbose[39m: Rendering page: /Users/damithch/Repos/git-mastery/git-mastery.github.io/lessons/merge/exercise-merge-squash.md
2026-07-07T08:31:49.772Z - [36mverbose[39m: Rendering page: /Users/damithch/Repos/git-mastery/git-mastery.github.io/lessons/merge/exercise-ff-undo.md
2026-07-07T08:31:49.781Z - [36mverbose[39m: Rendering page: /Users/damithch/Repos/git-mastery/git-mastery.github.io/lessons/merge/exercise-branch-compare.md
2026-07-07T08:31:49.783Z - [36mverbose[39m: Rendering page: /Users/damithch/Repos/git-mastery/git-mastery.github.io/lessons/merge/exercise-branch-forward.md
2026-07-07T08:31:49.790Z - [36mverbose[39m: Rendering page: /Users/damithch/Repos/git-mastery/git-mastery.github.io/lessons/merge/exercise-branch-bender.md
2026-07-07T08:31:49.806Z - [36mverbose[39m: Rendering page: /Users/damithch/Repos/git-mastery/git-mastery.github.io/lessons/log/exercise-log-and-order.md
2026-07-07T08:31:49.815Z - [36mverbose[39m: Rendering page: /Users/damithch/Repos/git-mastery/git-mastery.github.io/lessons/init/exercise-undo-init.md
2026-07-07T08:31:49.817Z - [36mverbose[39m: Rendering page: /Users/damithch/Repos/git-mastery/git-mastery.github.io/lessons/init/exercise-under-control.md
2026-07-07T08:31:49.819Z - [36mverbose[39m: Rendering page: /Users/damithch/Repos/git-mastery/git-mastery.github.io/lessons/ignore/exercise-ignoring-somethings.md
2026-07-07T08:31:49.841Z - [36mverbose[39m: Rendering page: /Users/damithch/Repos/git-mastery/git-mastery.github.io/lessons/fork/exercise-fork-repo.md
2026-07-07T08:31:49.843Z - [36mverbose[39m: Rendering page: /Users/damithch/Repos/git-mastery/git-mastery.github.io/lessons/diff/exercise-sensors-diff.md
2026-07-07T08:31:49.851Z - [36mverbose[39m: Rendering page: /Users/damithch/Repos/git-mastery/git-mastery.github.io/lessons/createRemoteRepo/exercise-remote-control.md
2026-07-07T08:31:49.852Z - [36mverbose[39m: Rendering page: /Users/damithch/Repos/git-mastery/git-mastery.github.io/lessons/commit/exercise-staging-intervention.md
2026-07-07T08:31:49.883Z - [36mverbose[39m: Rendering page: /Users/damithch/Repos/git-mastery/git-mastery.github.io/lessons/commit/exercise-grocery-shopping.md
2026-07-07T08:31:49.885Z - [36mverbose[39m: Rendering page: /Users/damithch/Repos/git-mastery/git-mastery.github.io/lessons/checkout/exercise-sensors-checkout.md
2026-07-07T08:31:49.886Z - [36mverbose[39m: Rendering page: /Users/damithch/Repos/git-mastery/git-mastery.github.io/lessons/clone/exercise-clone-repo.md
2026-07-07T08:31:49.888Z - [36mverbose[39m: Rendering page: /Users/damithch/Repos/git-mastery/git-mastery.github.io/lessons/branchRename/exercise-branch-rename.md
2026-07-07T08:31:49.932Z - [36mverbose[39m: Rendering page: /Users/damithch/Repos/git-mastery/git-mastery.github.io/lessons/branchDelete/exercise-mix-messy-docs.md
2026-07-07T08:31:49.935Z - [36mverbose[39m: Rendering page: /Users/damithch/Repos/git-mastery/git-mastery.github.io/lessons/branchDelete/exercise-mix-messy-graph.md
2026-07-07T08:31:49.937Z - [36mverbose[39m: Rendering page: /Users/damithch/Repos/git-mastery/git-mastery.github.io/lessons/branchDelete/exercise-branch-delete.md
2026-07-07T08:31:49.939Z - [36mverbose[39m: Rendering page: /Users/damithch/Repos/git-mastery/git-mastery.github.io/lessons/branch/exercise-side-track.md
2026-07-07T08:31:50.011Z - [36mverbose[39m: Rendering page: /Users/damithch/Repos/git-mastery/git-mastery.github.io/lessons/branch/exercise-branch-previous.md
2026-07-07T08:31:50.015Z - [36mverbose[39m: Rendering page: /Users/damithch/Repos/git-mastery/git-mastery.github.io/versions/cs2103/index.md
2026-07-07T08:31:50.015Z - [36mverbose[39m: Rendering page: /Users/damithch/Repos/git-mastery/git-mastery.github.io/lessons/worktrees/index.md
2026-07-07T08:31:50.163Z - [36mverbose[39m: Rendering page: /Users/damithch/Repos/git-mastery/git-mastery.github.io/lessons/workflows/index.md
2026-07-07T08:31:50.700Z - [36mverbose[39m: Rendering page: /Users/damithch/Repos/git-mastery/git-mastery.github.io/lessons/trail/workingWithRemotes/index.md
2026-07-07T08:31:50.718Z - [36mverbose[39m: Rendering page: /Users/damithch/Repos/git-mastery/git-mastery.github.io/lessons/trail/workingWithPrs/index.md
2026-07-07T08:31:50.735Z - [36mverbose[39m: Rendering page: /Users/damithch/Repos/git-mastery/git-mastery.github.io/lessons/trail/syncingBranches/index.md
2026-07-07T08:31:51.221Z - [36mverbose[39m: Rendering page: /Users/damithch/Repos/git-mastery/git-mastery.github.io/lessons/trail/usingRevisionHistory/index.md
2026-07-07T08:31:51.316Z - [36mverbose[39m: Rendering page: /Users/damithch/Repos/git-mastery/git-mastery.github.io/lessons/trail/remoteBranches/index.md
2026-07-07T08:31:51.496Z - [36mverbose[39m: Rendering page: /Users/damithch/Repos/git-mastery/git-mastery.github.io/lessons/trail/recordingFolderHistory/index.md
2026-07-07T08:31:51.547Z - [36mverbose[39m: Rendering page: /Users/damithch/Repos/git-mastery/git-mastery.github.io/lessons/trail/managingProjects/index.md
2026-07-07T08:31:51.618Z - [36mverbose[39m: Rendering page: /Users/damithch/Repos/git-mastery/git-mastery.github.io/lessons/trail/index.md
2026-07-07T08:31:52.230Z - [36mverbose[39m: Rendering page: /Users/damithch/Repos/git-mastery/git-mastery.github.io/lessons/trail/fineTuningHistory/index.md
2026-07-07T08:31:52.240Z - [36mverbose[39m: Rendering page: /Users/damithch/Repos/git-mastery/git-mastery.github.io/lessons/trail/branchingLocally/index.md
2026-07-07T08:31:52.284Z - [36mverbose[39m: Rendering page: /Users/damithch/Repos/git-mastery/git-mastery.github.io/lessons/trail/backingUpOnCloud/index.md
2026-07-07T08:31:52.388Z - [36mverbose[39m: Rendering page: /Users/damithch/Repos/git-mastery/git-mastery.github.io/lessons/template/index.md
2026-07-07T08:31:52.487Z - [36mverbose[39m: Rendering page: /Users/damithch/Repos/git-mastery/git-mastery.github.io/lessons/tag/index.md
2026-07-07T08:31:52.500Z - [36mverbose[39m: Rendering page: /Users/damithch/Repos/git-mastery/git-mastery.github.io/lessons/syncByRebase/index.md
2026-07-07T08:31:52.550Z - [36mverbose[39m: Rendering page: /Users/damithch/Repos/git-mastery/git-mastery.github.io/lessons/stage/index.md
2026-07-07T08:31:52.564Z - [36mverbose[39m: Rendering page: /Users/damithch/Repos/git-mastery/git-mastery.github.io/lessons/syncByMerge/index.md
2026-07-07T08:31:52.607Z - [36mverbose[39m: Rendering page: /Users/damithch/Repos/git-mastery/git-mastery.github.io/lessons/show/index.md
2026-07-07T08:31:52.659Z - [36mverbose[39m: Rendering page: /Users/damithch/Repos/git-mastery/git-mastery.github.io/lessons/setRemote/index.md
2026-07-07T08:31:52.739Z - [36mverbose[39m: Rendering page: /Users/damithch/Repos/git-mastery/git-mastery.github.io/lessons/selectiveStage/index.md
2026-07-07T08:31:52.743Z - [36mverbose[39m: Rendering page: /Users/damithch/Repos/git-mastery/git-mastery.github.io/lessons/revert/index.md
2026-07-07T08:31:52.758Z - [36mverbose[39m: Rendering page: /Users/damithch/Repos/git-mastery/git-mastery.github.io/lessons/reset/index.md
2026-07-07T08:31:52.848Z - [36mverbose[39m: Rendering page: /Users/damithch/Repos/git-mastery/git-mastery.github.io/lessons/remoteRepos/index.md
2026-07-07T08:31:52.851Z - [36mverbose[39m: Rendering page: /Users/damithch/Repos/git-mastery/git-mastery.github.io/lessons/remoteBranchRename/index.md
2026-07-07T08:31:52.855Z - [36mverbose[39m: Rendering page: /Users/damithch/Repos/git-mastery/git-mastery.github.io/lessons/remoteBranchPush/index.md
2026-07-07T08:31:52.860Z - [36mverbose[39m: Rendering page: /Users/damithch/Repos/git-mastery/git-mastery.github.io/lessons/remoteBranchPull/index.md
2026-07-07T08:31:53.075Z - [36mverbose[39m: Rendering page: /Users/damithch/Repos/git-mastery/git-mastery.github.io/lessons/remoteBranchDelete/index.md
2026-07-07T08:31:53.080Z - [36mverbose[39m: Rendering page: /Users/damithch/Repos/git-mastery/git-mastery.github.io/lessons/pull/index.md
2026-07-07T08:31:53.093Z - [36mverbose[39m: Rendering page: /Users/damithch/Repos/git-mastery/git-mastery.github.io/lessons/push/index.md
2026-07-07T08:31:53.105Z - [36mverbose[39m: Rendering page: /Users/damithch/Repos/git-mastery/git-mastery.github.io/lessons/prsReview/index.md
2026-07-07T08:31:53.229Z - [36mverbose[39m: Rendering page: /Users/damithch/Repos/git-mastery/git-mastery.github.io/lessons/prsMerge/index.md
2026-07-07T08:31:53.265Z - [36mverbose[39m: Rendering page: /Users/damithch/Repos/git-mastery/git-mastery.github.io/lessons/prsCreate/index.md
2026-07-07T08:31:53.374Z - [36mverbose[39m: Rendering page: /Users/damithch/Repos/git-mastery/git-mastery.github.io/lessons/otherPmFeatures/index.md
2026-07-07T08:31:53.433Z - [36mverbose[39m: Rendering page: /Users/damithch/Repos/git-mastery/git-mastery.github.io/lessons/mergeConflicts/index.md
2026-07-07T08:31:53.441Z - [36mverbose[39m: Rendering page: /Users/damithch/Repos/git-mastery/git-mastery.github.io/lessons/merge/index.md
2026-07-07T08:31:53.466Z - [36mverbose[39m: Rendering page: /Users/damithch/Repos/git-mastery/git-mastery.github.io/lessons/log/index.md
2026-07-07T08:31:53.551Z - [36mverbose[39m: Rendering page: /Users/damithch/Repos/git-mastery/git-mastery.github.io/lessons/intro/index.md
2026-07-07T08:31:53.703Z - [36mverbose[39m: Rendering page: /Users/damithch/Repos/git-mastery/git-mastery.github.io/lessons/interactiveRebase/index.md
2026-07-07T08:31:53.784Z - [36mverbose[39m: Rendering page: /Users/damithch/Repos/git-mastery/git-mastery.github.io/lessons/index.md
2026-07-07T08:31:53.791Z - [36mverbose[39m: Rendering page: /Users/damithch/Repos/git-mastery/git-mastery.github.io/lessons/init/index.md
2026-07-07T08:31:53.799Z - [36mverbose[39m: Rendering page: /Users/damithch/Repos/git-mastery/git-mastery.github.io/lessons/ignore/index.md
2026-07-07T08:31:53.886Z - [36mverbose[39m: Rendering page: /Users/damithch/Repos/git-mastery/git-mastery.github.io/lessons/githubPrep/index.md
2026-07-07T08:31:53.909Z - [36mverbose[39m: Rendering page: /Users/damithch/Repos/git-mastery/git-mastery.github.io/lessons/gitPrep/index.md
2026-07-07T08:31:53.920Z - [36mverbose[39m: Rendering page: /Users/damithch/Repos/git-mastery/git-mastery.github.io/lessons/forkingWorkflow/index.md
2026-07-07T08:31:54.004Z - [36mverbose[39m: Rendering page: /Users/damithch/Repos/git-mastery/git-mastery.github.io/lessons/fork/index.md
2026-07-07T08:31:54.008Z - [36mverbose[39m: Rendering page: /Users/damithch/Repos/git-mastery/git-mastery.github.io/lessons/diff/index.md
2026-07-07T08:31:54.094Z - [36mverbose[39m: Rendering page: /Users/damithch/Repos/git-mastery/git-mastery.github.io/lessons/createRemoteRepo/index.md
2026-07-07T08:31:54.121Z - [36mverbose[39m: Rendering page: /Users/damithch/Repos/git-mastery/git-mastery.github.io/lessons/commitMessage/index.md
2026-07-07T08:31:54.127Z - [36mverbose[39m: Rendering page: /Users/damithch/Repos/git-mastery/git-mastery.github.io/lessons/commit/index.md
2026-07-07T08:31:54.160Z - [36mverbose[39m: Rendering page: /Users/damithch/Repos/git-mastery/git-mastery.github.io/lessons/clone/index.md
2026-07-07T08:31:54.249Z - [36mverbose[39m: Rendering page: /Users/damithch/Repos/git-mastery/git-mastery.github.io/lessons/checkout/index.md
2026-07-07T08:31:54.318Z - [36mverbose[39m: Rendering page: /Users/damithch/Repos/git-mastery/git-mastery.github.io/lessons/cherryPick/index.md
2026-07-07T08:31:54.323Z - [36mverbose[39m: Rendering page: /Users/damithch/Repos/git-mastery/git-mastery.github.io/lessons/branchRename/index.md
2026-07-07T08:31:54.421Z - [36mverbose[39m: Rendering page: /Users/damithch/Repos/git-mastery/git-mastery.github.io/lessons/branchDelete/index.md
2026-07-07T08:31:54.430Z - [36mverbose[39m: Rendering page: /Users/damithch/Repos/git-mastery/git-mastery.github.io/index.md
2026-07-07T08:31:54.433Z - [36mverbose[39m: Rendering page: /Users/damithch/Repos/git-mastery/git-mastery.github.io/lessons/branch/index.md
2026-07-07T08:31:54.451Z - [32minfo[39m: Pages built
2026-07-07T08:31:54.528Z - [32minfo[39m: Site data built
2026-07-07T08:31:54.528Z - [32minfo[39m: Website generation complete! Total build time: 9.212s
2026-07-07T08:31:54.528Z - [32minfo[39m: Build success!
2026-07-07T08:41:46.807Z - [32minfo[39m: Website generation started at 16:41:46
2026-07-07T08:41:46.917Z - [32minfo[39m: Building assets...
2026-07-07T08:41:47.013Z - [32minfo[39m: Assets built
2026-07-07T08:41:47.013Z - [32minfo[39m: Generating pages...
2026-07-07T08:41:47.545Z - [36mverbose[39m: Rendering page: /Users/damithch/Repos/git-mastery/git-mastery.github.io/about/index.md
2026-07-07T08:41:47.555Z - [36mverbose[39m: Rendering page: /Users/damithch/Repos/git-mastery/git-mastery.github.io/faq/index.md
2026-07-07T08:41:47.558Z - [36mverbose[39m: Rendering page: /Users/damithch/Repos/git-mastery/git-mastery.github.io/companion-app/index.md
2026-07-07T08:41:47.575Z - [36mverbose[39m: Rendering page: /Users/damithch/Repos/git-mastery/git-mastery.github.io/exercises-directory/index.md
2026-07-07T08:41:50.507Z - [36mverbose[39m: Rendering page: /Users/damithch/Repos/git-mastery/git-mastery.github.io/versions/cs2103/insertions.md
2026-07-07T08:41:50.517Z - [36mverbose[39m: Rendering page: /Users/damithch/Repos/git-mastery/git-mastery.github.io/lessons/trail/all.md
2026-07-07T08:41:50.747Z - [36mverbose[39m: Rendering page: /Users/damithch/Repos/git-mastery/git-mastery.github.io/lessons/tag/exercise-tags-update.md
2026-07-07T08:41:50.749Z - [36mverbose[39m: Rendering page: /Users/damithch/Repos/git-mastery/git-mastery.github.io/lessons/tag/exercise-tags-push.md
2026-07-07T08:41:50.772Z - [36mverbose[39m: Rendering page: /Users/damithch/Repos/git-mastery/git-mastery.github.io/lessons/tag/exercise-tags-add.md
2026-07-07T08:41:50.781Z - [36mverbose[39m: Rendering page: /Users/damithch/Repos/git-mastery/git-mastery.github.io/lessons/stage/exercise-stage-fright.md
2026-07-07T08:41:50.783Z - [36mverbose[39m: Rendering page: /Users/damithch/Repos/git-mastery/git-mastery.github.io/lessons/show/exercise-view-commits.md
2026-07-07T08:41:50.784Z - [36mverbose[39m: Rendering page: /Users/damithch/Repos/git-mastery/git-mastery.github.io/lessons/setRemote/exercise-link-me.md
2026-07-07T08:41:50.817Z - [36mverbose[39m: Rendering page: /Users/damithch/Repos/git-mastery/git-mastery.github.io/lessons/revert/exercise-sensors-revert.md
2026-07-07T08:41:50.819Z - [36mverbose[39m: Rendering page: /Users/damithch/Repos/git-mastery/git-mastery.github.io/lessons/reset/exercise-sensors-reset.md
2026-07-07T08:41:50.820Z - [36mverbose[39m: Rendering page: /Users/damithch/Repos/git-mastery/git-mastery.github.io/lessons/remoteBranchRename/exercise-glossary-branch-rename.md
2026-07-07T08:41:50.821Z - [36mverbose[39m: Rendering page: /Users/damithch/Repos/git-mastery/git-mastery.github.io/lessons/remoteBranchRename/exercise-remote-branch-rename.md
2026-07-07T08:41:50.852Z - [36mverbose[39m: Rendering page: /Users/damithch/Repos/git-mastery/git-mastery.github.io/lessons/remoteBranchPush/exercise-glossary-branch-push.md
2026-07-07T08:41:50.854Z - [36mverbose[39m: Rendering page: /Users/damithch/Repos/git-mastery/git-mastery.github.io/lessons/remoteBranchPull/exercise-glossary-branch-pull.md
2026-07-07T08:41:50.856Z - [36mverbose[39m: Rendering page: /Users/damithch/Repos/git-mastery/git-mastery.github.io/lessons/remoteBranchDelete/exercise-glossary-branch-delete.md
2026-07-07T08:41:50.858Z - [36mverbose[39m: Rendering page: /Users/damithch/Repos/git-mastery/git-mastery.github.io/lessons/push/exercise-push-over.md
2026-07-07T08:41:50.890Z - [36mverbose[39m: Rendering page: /Users/damithch/Repos/git-mastery/git-mastery.github.io/lessons/pull/exercise-fetch-and-pull.md
2026-07-07T08:41:50.893Z - [36mverbose[39m: Rendering page: /Users/damithch/Repos/git-mastery/git-mastery.github.io/lessons/prsCreate/exercise-create-pr-from-main.md
2026-07-07T08:41:50.895Z - [36mverbose[39m: Rendering page: /Users/damithch/Repos/git-mastery/git-mastery.github.io/lessons/merge/exercise-merge-undo.md
2026-07-07T08:41:50.897Z - [36mverbose[39m: Rendering page: /Users/damithch/Repos/git-mastery/git-mastery.github.io/lessons/mergeConflicts/exercise-conflict-mediator.md
2026-07-07T08:41:50.918Z - [36mverbose[39m: Rendering page: /Users/damithch/Repos/git-mastery/git-mastery.github.io/lessons/merge/exercise-ff-undo.md
2026-07-07T08:41:50.926Z - [36mverbose[39m: Rendering page: /Users/damithch/Repos/git-mastery/git-mastery.github.io/lessons/merge/exercise-merge-squash.md
2026-07-07T08:41:50.928Z - [36mverbose[39m: Rendering page: /Users/damithch/Repos/git-mastery/git-mastery.github.io/lessons/merge/exercise-branch-forward.md
2026-07-07T08:41:50.936Z - [36mverbose[39m: Rendering page: /Users/damithch/Repos/git-mastery/git-mastery.github.io/lessons/merge/exercise-branch-compare.md
2026-07-07T08:41:50.950Z - [36mverbose[39m: Rendering page: /Users/damithch/Repos/git-mastery/git-mastery.github.io/lessons/merge/exercise-branch-bender.md
2026-07-07T08:41:50.958Z - [36mverbose[39m: Rendering page: /Users/damithch/Repos/git-mastery/git-mastery.github.io/lessons/log/exercise-log-and-order.md
2026-07-07T08:41:50.960Z - [36mverbose[39m: Rendering page: /Users/damithch/Repos/git-mastery/git-mastery.github.io/lessons/init/exercise-undo-init.md
2026-07-07T08:41:50.961Z - [36mverbose[39m: Rendering page: /Users/damithch/Repos/git-mastery/git-mastery.github.io/lessons/init/exercise-under-control.md
2026-07-07T08:41:50.983Z - [36mverbose[39m: Rendering page: /Users/damithch/Repos/git-mastery/git-mastery.github.io/lessons/fork/exercise-fork-repo.md
2026-07-07T08:41:50.984Z - [36mverbose[39m: Rendering page: /Users/damithch/Repos/git-mastery/git-mastery.github.io/lessons/ignore/exercise-ignoring-somethings.md
2026-07-07T08:41:50.992Z - [36mverbose[39m: Rendering page: /Users/damithch/Repos/git-mastery/git-mastery.github.io/lessons/diff/exercise-sensors-diff.md
2026-07-07T08:41:51.005Z - [36mverbose[39m: Rendering page: /Users/damithch/Repos/git-mastery/git-mastery.github.io/lessons/createRemoteRepo/exercise-remote-control.md
2026-07-07T08:41:51.021Z - [36mverbose[39m: Rendering page: /Users/damithch/Repos/git-mastery/git-mastery.github.io/lessons/commit/exercise-grocery-shopping.md
2026-07-07T08:41:51.023Z - [36mverbose[39m: Rendering page: /Users/damithch/Repos/git-mastery/git-mastery.github.io/lessons/commit/exercise-staging-intervention.md
2026-07-07T08:41:51.026Z - [36mverbose[39m: Rendering page: /Users/damithch/Repos/git-mastery/git-mastery.github.io/lessons/clone/exercise-clone-repo.md
2026-07-07T08:41:51.027Z - [36mverbose[39m: Rendering page: /Users/damithch/Repos/git-mastery/git-mastery.github.io/lessons/checkout/exercise-sensors-checkout.md
2026-07-07T08:41:51.063Z - [36mverbose[39m: Rendering page: /Users/damithch/Repos/git-mastery/git-mastery.github.io/lessons/branchRename/exercise-branch-rename.md
2026-07-07T08:41:51.065Z - [36mverbose[39m: Rendering page: /Users/damithch/Repos/git-mastery/git-mastery.github.io/lessons/branchDelete/exercise-mix-messy-graph.md
2026-07-07T08:41:51.067Z - [36mverbose[39m: Rendering page: /Users/damithch/Repos/git-mastery/git-mastery.github.io/lessons/branchDelete/exercise-mix-messy-docs.md
2026-07-07T08:41:51.071Z - [36mverbose[39m: Rendering page: /Users/damithch/Repos/git-mastery/git-mastery.github.io/lessons/branchDelete/exercise-branch-delete.md
2026-07-07T08:41:51.094Z - [36mverbose[39m: Rendering page: /Users/damithch/Repos/git-mastery/git-mastery.github.io/lessons/branch/exercise-branch-previous.md
2026-07-07T08:41:51.095Z - [36mverbose[39m: Rendering page: /Users/damithch/Repos/git-mastery/git-mastery.github.io/lessons/branch/exercise-side-track.md
2026-07-07T08:41:51.286Z - [36mverbose[39m: Rendering page: /Users/damithch/Repos/git-mastery/git-mastery.github.io/versions/cs2103/index.md
2026-07-07T08:41:51.287Z - [36mverbose[39m: Rendering page: /Users/damithch/Repos/git-mastery/git-mastery.github.io/lessons/worktrees/index.md
2026-07-07T08:41:51.424Z - [36mverbose[39m: Rendering page: /Users/damithch/Repos/git-mastery/git-mastery.github.io/lessons/workflows/index.md
2026-07-07T08:41:51.428Z - [36mverbose[39m: Rendering page: /Users/damithch/Repos/git-mastery/git-mastery.github.io/lessons/trail/workingWithRemotes/index.md
2026-07-07T08:41:51.846Z - [36mverbose[39m: Rendering page: /Users/damithch/Repos/git-mastery/git-mastery.github.io/lessons/trail/workingWithPrs/index.md
2026-07-07T08:41:51.960Z - [36mverbose[39m: Rendering page: /Users/damithch/Repos/git-mastery/git-mastery.github.io/lessons/trail/usingRevisionHistory/index.md
2026-07-07T08:41:52.003Z - [36mverbose[39m: Rendering page: /Users/damithch/Repos/git-mastery/git-mastery.github.io/lessons/trail/syncingBranches/index.md
2026-07-07T08:41:52.535Z - [36mverbose[39m: Rendering page: /Users/damithch/Repos/git-mastery/git-mastery.github.io/lessons/trail/remoteBranches/index.md
2026-07-07T08:41:52.842Z - [36mverbose[39m: Rendering page: /Users/damithch/Repos/git-mastery/git-mastery.github.io/lessons/trail/recordingFolderHistory/index.md
2026-07-07T08:41:52.965Z - [36mverbose[39m: Rendering page: /Users/damithch/Repos/git-mastery/git-mastery.github.io/lessons/trail/index.md
2026-07-07T08:41:52.972Z - [36mverbose[39m: Rendering page: /Users/damithch/Repos/git-mastery/git-mastery.github.io/lessons/trail/managingProjects/index.md
2026-07-07T08:41:53.343Z - [36mverbose[39m: Rendering page: /Users/damithch/Repos/git-mastery/git-mastery.github.io/lessons/trail/fineTuningHistory/index.md
2026-07-07T08:41:53.639Z - [36mverbose[39m: Rendering page: /Users/damithch/Repos/git-mastery/git-mastery.github.io/lessons/template/index.md
2026-07-07T08:41:53.642Z - [36mverbose[39m: Rendering page: /Users/damithch/Repos/git-mastery/git-mastery.github.io/lessons/trail/branchingLocally/index.md
2026-07-07T08:41:53.682Z - [36mverbose[39m: Rendering page: /Users/damithch/Repos/git-mastery/git-mastery.github.io/lessons/trail/backingUpOnCloud/index.md
2026-07-07T08:41:53.710Z - [36mverbose[39m: Rendering page: /Users/damithch/Repos/git-mastery/git-mastery.github.io/lessons/tag/index.md
2026-07-07T08:41:53.880Z - [36mverbose[39m: Rendering page: /Users/damithch/Repos/git-mastery/git-mastery.github.io/lessons/syncByRebase/index.md
2026-07-07T08:41:53.884Z - [36mverbose[39m: Rendering page: /Users/damithch/Repos/git-mastery/git-mastery.github.io/lessons/stage/index.md
2026-07-07T08:41:53.897Z - [36mverbose[39m: Rendering page: /Users/damithch/Repos/git-mastery/git-mastery.github.io/lessons/syncByMerge/index.md
2026-07-07T08:41:53.901Z - [36mverbose[39m: Rendering page: /Users/damithch/Repos/git-mastery/git-mastery.github.io/lessons/show/index.md
2026-07-07T08:41:54.084Z - [36mverbose[39m: Rendering page: /Users/damithch/Repos/git-mastery/git-mastery.github.io/lessons/revert/index.md
2026-07-07T08:41:54.090Z - [36mverbose[39m: Rendering page: /Users/damithch/Repos/git-mastery/git-mastery.github.io/lessons/selectiveStage/index.md
2026-07-07T08:41:54.095Z - [36mverbose[39m: Rendering page: /Users/damithch/Repos/git-mastery/git-mastery.github.io/lessons/setRemote/index.md
2026-07-07T08:41:54.105Z - [36mverbose[39m: Rendering page: /Users/damithch/Repos/git-mastery/git-mastery.github.io/lessons/reset/index.md
2026-07-07T08:41:54.214Z - [36mverbose[39m: Rendering page: /Users/damithch/Repos/git-mastery/git-mastery.github.io/lessons/remoteBranchRename/index.md
2026-07-07T08:41:54.220Z - [36mverbose[39m: Rendering page: /Users/damithch/Repos/git-mastery/git-mastery.github.io/lessons/remoteBranchPush/index.md
2026-07-07T08:41:54.225Z - [36mverbose[39m: Rendering page: /Users/damithch/Repos/git-mastery/git-mastery.github.io/lessons/remoteRepos/index.md
2026-07-07T08:41:54.228Z - [36mverbose[39m: Rendering page: /Users/damithch/Repos/git-mastery/git-mastery.github.io/lessons/remoteBranchPull/index.md
2026-07-07T08:41:54.443Z - [36mverbose[39m: Rendering page: /Users/damithch/Repos/git-mastery/git-mastery.github.io/lessons/remoteBranchDelete/index.md
2026-07-07T08:41:54.453Z - [36mverbose[39m: Rendering page: /Users/damithch/Repos/git-mastery/git-mastery.github.io/lessons/pull/index.md
2026-07-07T08:41:54.468Z - [36mverbose[39m: Rendering page: /Users/damithch/Repos/git-mastery/git-mastery.github.io/lessons/push/index.md
2026-07-07T08:41:54.517Z - [36mverbose[39m: Rendering page: /Users/damithch/Repos/git-mastery/git-mastery.github.io/lessons/prsReview/index.md
2026-07-07T08:41:54.606Z - [36mverbose[39m: Rendering page: /Users/damithch/Repos/git-mastery/git-mastery.github.io/lessons/prsMerge/index.md
2026-07-07T08:41:54.644Z - [36mverbose[39m: Rendering page: /Users/damithch/Repos/git-mastery/git-mastery.github.io/lessons/prsCreate/index.md
2026-07-07T08:41:54.660Z - [36mverbose[39m: Rendering page: /Users/damithch/Repos/git-mastery/git-mastery.github.io/lessons/otherPmFeatures/index.md
2026-07-07T08:41:54.760Z - [36mverbose[39m: Rendering page: /Users/damithch/Repos/git-mastery/git-mastery.github.io/lessons/mergeConflicts/index.md
2026-07-07T08:41:54.837Z - [36mverbose[39m: Rendering page: /Users/damithch/Repos/git-mastery/git-mastery.github.io/lessons/merge/index.md
2026-07-07T08:41:54.886Z - [36mverbose[39m: Rendering page: /Users/damithch/Repos/git-mastery/git-mastery.github.io/lessons/log/index.md
2026-07-07T08:41:54.942Z - [36mverbose[39m: Rendering page: /Users/damithch/Repos/git-mastery/git-mastery.github.io/lessons/intro/index.md
2026-07-07T08:41:54.945Z - [36mverbose[39m: Rendering page: /Users/damithch/Repos/git-mastery/git-mastery.github.io/lessons/interactiveRebase/index.md
2026-07-07T08:41:55.103Z - [36mverbose[39m: Rendering page: /Users/damithch/Repos/git-mastery/git-mastery.github.io/lessons/init/index.md
2026-07-07T08:41:55.182Z - [36mverbose[39m: Rendering page: /Users/damithch/Repos/git-mastery/git-mastery.github.io/lessons/index.md
2026-07-07T08:41:55.189Z - [36mverbose[39m: Rendering page: /Users/damithch/Repos/git-mastery/git-mastery.github.io/lessons/githubPrep/index.md
2026-07-07T08:41:55.195Z - [36mverbose[39m: Rendering page: /Users/damithch/Repos/git-mastery/git-mastery.github.io/lessons/ignore/index.md
2026-07-07T08:41:55.341Z - [36mverbose[39m: Rendering page: /Users/damithch/Repos/git-mastery/git-mastery.github.io/lessons/gitPrep/index.md
2026-07-07T08:41:55.352Z - [36mverbose[39m: Rendering page: /Users/damithch/Repos/git-mastery/git-mastery.github.io/lessons/fork/index.md
2026-07-07T08:41:55.355Z - [36mverbose[39m: Rendering page: /Users/damithch/Repos/git-mastery/git-mastery.github.io/lessons/forkingWorkflow/index.md
2026-07-07T08:41:55.375Z - [36mverbose[39m: Rendering page: /Users/damithch/Repos/git-mastery/git-mastery.github.io/lessons/diff/index.md
2026-07-07T08:41:55.491Z - [36mverbose[39m: Rendering page: /Users/damithch/Repos/git-mastery/git-mastery.github.io/lessons/createRemoteRepo/index.md
2026-07-07T08:41:55.497Z - [36mverbose[39m: Rendering page: /Users/damithch/Repos/git-mastery/git-mastery.github.io/lessons/commitMessage/index.md
2026-07-07T08:41:55.519Z - [36mverbose[39m: Rendering page: /Users/damithch/Repos/git-mastery/git-mastery.github.io/lessons/clone/index.md
2026-07-07T08:41:55.523Z - [36mverbose[39m: Rendering page: /Users/damithch/Repos/git-mastery/git-mastery.github.io/lessons/commit/index.md
2026-07-07T08:41:55.666Z - [36mverbose[39m: Rendering page: /Users/damithch/Repos/git-mastery/git-mastery.github.io/lessons/cherryPick/index.md
2026-07-07T08:41:55.671Z - [36mverbose[39m: Rendering page: /Users/damithch/Repos/git-mastery/git-mastery.github.io/lessons/branchRename/index.md
2026-07-07T08:41:55.756Z - [36mverbose[39m: Rendering page: /Users/damithch/Repos/git-mastery/git-mastery.github.io/lessons/checkout/index.md
2026-07-07T08:41:55.766Z - [36mverbose[39m: Rendering page: /Users/damithch/Repos/git-mastery/git-mastery.github.io/lessons/branchDelete/index.md
2026-07-07T08:41:55.785Z - [36mverbose[39m: Rendering page: /Users/damithch/Repos/git-mastery/git-mastery.github.io/lessons/branch/index.md
2026-07-07T08:41:55.797Z - [36mverbose[39m: Rendering page: /Users/damithch/Repos/git-mastery/git-mastery.github.io/index.md
2026-07-07T08:41:55.803Z - [32minfo[39m: Pages built
2026-07-07T08:41:55.873Z - [32minfo[39m: Site data built
2026-07-07T08:41:55.873Z - [32minfo[39m: Website generation complete! Total build time: 9.166s
2026-07-07T08:41:55.873Z - [32minfo[39m: Build success!
2026-07-07T08:43:00.928Z - [32minfo[39m: Website generation started at 16:43:00
2026-07-07T08:43:01.009Z - [32minfo[39m: Building assets...
2026-07-07T08:43:01.108Z - [32minfo[39m: Assets built
2026-07-07T08:43:01.109Z - [32minfo[39m: Generating pages...
2026-07-07T08:43:01.641Z - [36mverbose[39m: Rendering page: /Users/damithch/Repos/git-mastery/git-mastery.github.io/about/index.md
2026-07-07T08:43:01.650Z - [36mverbose[39m: Rendering page: /Users/damithch/Repos/git-mastery/git-mastery.github.io/faq/index.md
2026-07-07T08:43:01.654Z - [36mverbose[39m: Rendering page: /Users/damithch/Repos/git-mastery/git-mastery.github.io/companion-app/index.md
2026-07-07T08:43:01.669Z - [36mverbose[39m: Rendering page: /Users/damithch/Repos/git-mastery/git-mastery.github.io/exercises-directory/index.md
2026-07-07T08:43:04.595Z - [36mverbose[39m: Rendering page: /Users/damithch/Repos/git-mastery/git-mastery.github.io/versions/cs2103/insertions.md
2026-07-07T08:43:04.597Z - [36mverbose[39m: Rendering page: /Users/damithch/Repos/git-mastery/git-mastery.github.io/lessons/trail/all.md
2026-07-07T08:43:04.828Z - [36mverbose[39m: Rendering page: /Users/damithch/Repos/git-mastery/git-mastery.github.io/lessons/tag/exercise-tags-update.md
2026-07-07T08:43:04.837Z - [36mverbose[39m: Rendering page: /Users/damithch/Repos/git-mastery/git-mastery.github.io/lessons/tag/exercise-tags-push.md
2026-07-07T08:43:04.859Z - [36mverbose[39m: Rendering page: /Users/damithch/Repos/git-mastery/git-mastery.github.io/lessons/tag/exercise-tags-add.md
2026-07-07T08:43:04.861Z - [36mverbose[39m: Rendering page: /Users/damithch/Repos/git-mastery/git-mastery.github.io/lessons/show/exercise-view-commits.md
2026-07-07T08:43:04.863Z - [36mverbose[39m: Rendering page: /Users/damithch/Repos/git-mastery/git-mastery.github.io/lessons/stage/exercise-stage-fright.md
2026-07-07T08:43:04.872Z - [36mverbose[39m: Rendering page: /Users/damithch/Repos/git-mastery/git-mastery.github.io/lessons/setRemote/exercise-link-me.md
2026-07-07T08:43:04.897Z - [36mverbose[39m: Rendering page: /Users/damithch/Repos/git-mastery/git-mastery.github.io/lessons/revert/exercise-sensors-revert.md
2026-07-07T08:43:04.899Z - [36mverbose[39m: Rendering page: /Users/damithch/Repos/git-mastery/git-mastery.github.io/lessons/reset/exercise-sensors-reset.md
2026-07-07T08:43:04.901Z - [36mverbose[39m: Rendering page: /Users/damithch/Repos/git-mastery/git-mastery.github.io/lessons/remoteBranchRename/exercise-remote-branch-rename.md
2026-07-07T08:43:04.903Z - [36mverbose[39m: Rendering page: /Users/damithch/Repos/git-mastery/git-mastery.github.io/lessons/remoteBranchRename/exercise-glossary-branch-rename.md
2026-07-07T08:43:04.933Z - [36mverbose[39m: Rendering page: /Users/damithch/Repos/git-mastery/git-mastery.github.io/lessons/remoteBranchPush/exercise-glossary-branch-push.md
2026-07-07T08:43:04.935Z - [36mverbose[39m: Rendering page: /Users/damithch/Repos/git-mastery/git-mastery.github.io/lessons/remoteBranchPull/exercise-glossary-branch-pull.md
2026-07-07T08:43:04.936Z - [36mverbose[39m: Rendering page: /Users/damithch/Repos/git-mastery/git-mastery.github.io/lessons/remoteBranchDelete/exercise-glossary-branch-delete.md
2026-07-07T08:43:04.938Z - [36mverbose[39m: Rendering page: /Users/damithch/Repos/git-mastery/git-mastery.github.io/lessons/push/exercise-push-over.md
2026-07-07T08:43:04.971Z - [36mverbose[39m: Rendering page: /Users/damithch/Repos/git-mastery/git-mastery.github.io/lessons/pull/exercise-fetch-and-pull.md
2026-07-07T08:43:04.973Z - [36mverbose[39m: Rendering page: /Users/damithch/Repos/git-mastery/git-mastery.github.io/lessons/prsCreate/exercise-create-pr-from-main.md
2026-07-07T08:43:04.975Z - [36mverbose[39m: Rendering page: /Users/damithch/Repos/git-mastery/git-mastery.github.io/lessons/mergeConflicts/exercise-conflict-mediator.md
2026-07-07T08:43:04.976Z - [36mverbose[39m: Rendering page: /Users/damithch/Repos/git-mastery/git-mastery.github.io/lessons/merge/exercise-merge-undo.md
2026-07-07T08:43:05.004Z - [36mverbose[39m: Rendering page: /Users/damithch/Repos/git-mastery/git-mastery.github.io/lessons/merge/exercise-ff-undo.md
2026-07-07T08:43:05.005Z - [36mverbose[39m: Rendering page: /Users/damithch/Repos/git-mastery/git-mastery.github.io/lessons/merge/exercise-merge-squash.md
2026-07-07T08:43:05.007Z - [36mverbose[39m: Rendering page: /Users/damithch/Repos/git-mastery/git-mastery.github.io/lessons/merge/exercise-branch-compare.md
2026-07-07T08:43:05.009Z - [36mverbose[39m: Rendering page: /Users/damithch/Repos/git-mastery/git-mastery.github.io/lessons/merge/exercise-branch-forward.md
2026-07-07T08:43:05.035Z - [36mverbose[39m: Rendering page: /Users/damithch/Repos/git-mastery/git-mastery.github.io/lessons/log/exercise-log-and-order.md
2026-07-07T08:43:05.037Z - [36mverbose[39m: Rendering page: /Users/damithch/Repos/git-mastery/git-mastery.github.io/lessons/merge/exercise-branch-bender.md
2026-07-07T08:43:05.039Z - [36mverbose[39m: Rendering page: /Users/damithch/Repos/git-mastery/git-mastery.github.io/lessons/init/exercise-undo-init.md
2026-07-07T08:43:05.047Z - [36mverbose[39m: Rendering page: /Users/damithch/Repos/git-mastery/git-mastery.github.io/lessons/init/exercise-under-control.md
2026-07-07T08:43:05.062Z - [36mverbose[39m: Rendering page: /Users/damithch/Repos/git-mastery/git-mastery.github.io/lessons/fork/exercise-fork-repo.md
2026-07-07T08:43:05.069Z - [36mverbose[39m: Rendering page: /Users/damithch/Repos/git-mastery/git-mastery.github.io/lessons/ignore/exercise-ignoring-somethings.md
2026-07-07T08:43:05.071Z - [36mverbose[39m: Rendering page: /Users/damithch/Repos/git-mastery/git-mastery.github.io/lessons/diff/exercise-sensors-diff.md
2026-07-07T08:43:05.073Z - [36mverbose[39m: Rendering page: /Users/damithch/Repos/git-mastery/git-mastery.github.io/lessons/createRemoteRepo/exercise-remote-control.md
2026-07-07T08:43:05.101Z - [36mverbose[39m: Rendering page: /Users/damithch/Repos/git-mastery/git-mastery.github.io/lessons/commit/exercise-grocery-shopping.md
2026-07-07T08:43:05.103Z - [36mverbose[39m: Rendering page: /Users/damithch/Repos/git-mastery/git-mastery.github.io/lessons/commit/exercise-staging-intervention.md
2026-07-07T08:43:05.106Z - [36mverbose[39m: Rendering page: /Users/damithch/Repos/git-mastery/git-mastery.github.io/lessons/clone/exercise-clone-repo.md
2026-07-07T08:43:05.108Z - [36mverbose[39m: Rendering page: /Users/damithch/Repos/git-mastery/git-mastery.github.io/lessons/checkout/exercise-sensors-checkout.md
2026-07-07T08:43:05.144Z - [36mverbose[39m: Rendering page: /Users/damithch/Repos/git-mastery/git-mastery.github.io/lessons/branchRename/exercise-branch-rename.md
2026-07-07T08:43:05.146Z - [36mverbose[39m: Rendering page: /Users/damithch/Repos/git-mastery/git-mastery.github.io/lessons/branchDelete/exercise-mix-messy-graph.md
2026-07-07T08:43:05.148Z - [36mverbose[39m: Rendering page: /Users/damithch/Repos/git-mastery/git-mastery.github.io/lessons/branchDelete/exercise-mix-messy-docs.md
2026-07-07T08:43:05.151Z - [36mverbose[39m: Rendering page: /Users/damithch/Repos/git-mastery/git-mastery.github.io/lessons/branchDelete/exercise-branch-delete.md
2026-07-07T08:43:05.219Z - [36mverbose[39m: Rendering page: /Users/damithch/Repos/git-mastery/git-mastery.github.io/lessons/branch/exercise-side-track.md
2026-07-07T08:43:05.222Z - [36mverbose[39m: Rendering page: /Users/damithch/Repos/git-mastery/git-mastery.github.io/lessons/branch/exercise-branch-previous.md
2026-07-07T08:43:05.224Z - [36mverbose[39m: Rendering page: /Users/damithch/Repos/git-mastery/git-mastery.github.io/versions/cs2103/index.md
2026-07-07T08:43:05.224Z - [36mverbose[39m: Rendering page: /Users/damithch/Repos/git-mastery/git-mastery.github.io/lessons/worktrees/index.md
2026-07-07T08:43:05.898Z - [36mverbose[39m: Rendering page: /Users/damithch/Repos/git-mastery/git-mastery.github.io/lessons/workflows/index.md
2026-07-07T08:43:05.902Z - [36mverbose[39m: Rendering page: /Users/damithch/Repos/git-mastery/git-mastery.github.io/lessons/trail/workingWithRemotes/index.md
2026-07-07T08:43:06.037Z - [36mverbose[39m: Rendering page: /Users/damithch/Repos/git-mastery/git-mastery.github.io/lessons/trail/workingWithPrs/index.md
2026-07-07T08:43:06.246Z - [36mverbose[39m: Rendering page: /Users/damithch/Repos/git-mastery/git-mastery.github.io/lessons/trail/usingRevisionHistory/index.md
2026-07-07T08:43:06.751Z - [36mverbose[39m: Rendering page: /Users/damithch/Repos/git-mastery/git-mastery.github.io/lessons/trail/syncingBranches/index.md
2026-07-07T08:43:06.802Z - [36mverbose[39m: Rendering page: /Users/damithch/Repos/git-mastery/git-mastery.github.io/lessons/trail/remoteBranches/index.md
2026-07-07T08:43:06.975Z - [36mverbose[39m: Rendering page: /Users/damithch/Repos/git-mastery/git-mastery.github.io/lessons/trail/recordingFolderHistory/index.md
2026-07-07T08:43:07.106Z - [36mverbose[39m: Rendering page: /Users/damithch/Repos/git-mastery/git-mastery.github.io/lessons/trail/managingProjects/index.md
2026-07-07T08:43:07.484Z - [36mverbose[39m: Rendering page: /Users/damithch/Repos/git-mastery/git-mastery.github.io/lessons/trail/index.md
2026-07-07T08:43:07.495Z - [36mverbose[39m: Rendering page: /Users/damithch/Repos/git-mastery/git-mastery.github.io/lessons/trail/fineTuningHistory/index.md
2026-07-07T08:43:07.734Z - [36mverbose[39m: Rendering page: /Users/damithch/Repos/git-mastery/git-mastery.github.io/lessons/trail/branchingLocally/index.md
2026-07-07T08:43:07.842Z - [36mverbose[39m: Rendering page: /Users/damithch/Repos/git-mastery/git-mastery.github.io/lessons/template/index.md
2026-07-07T08:43:07.860Z - [36mverbose[39m: Rendering page: /Users/damithch/Repos/git-mastery/git-mastery.github.io/lessons/trail/backingUpOnCloud/index.md
2026-07-07T08:43:07.888Z - [36mverbose[39m: Rendering page: /Users/damithch/Repos/git-mastery/git-mastery.github.io/lessons/tag/index.md
2026-07-07T08:43:08.044Z - [36mverbose[39m: Rendering page: /Users/damithch/Repos/git-mastery/git-mastery.github.io/lessons/syncByRebase/index.md
2026-07-07T08:43:08.050Z - [36mverbose[39m: Rendering page: /Users/damithch/Repos/git-mastery/git-mastery.github.io/lessons/syncByMerge/index.md
2026-07-07T08:43:08.055Z - [36mverbose[39m: Rendering page: /Users/damithch/Repos/git-mastery/git-mastery.github.io/lessons/stage/index.md
2026-07-07T08:43:08.126Z - [36mverbose[39m: Rendering page: /Users/damithch/Repos/git-mastery/git-mastery.github.io/lessons/show/index.md
2026-07-07T08:43:08.253Z - [36mverbose[39m: Rendering page: /Users/damithch/Repos/git-mastery/git-mastery.github.io/lessons/setRemote/index.md
2026-07-07T08:43:08.263Z - [36mverbose[39m: Rendering page: /Users/damithch/Repos/git-mastery/git-mastery.github.io/lessons/selectiveStage/index.md
2026-07-07T08:43:08.275Z - [36mverbose[39m: Rendering page: /Users/damithch/Repos/git-mastery/git-mastery.github.io/lessons/revert/index.md
2026-07-07T08:43:08.280Z - [36mverbose[39m: Rendering page: /Users/damithch/Repos/git-mastery/git-mastery.github.io/lessons/reset/index.md
2026-07-07T08:43:08.376Z - [36mverbose[39m: Rendering page: /Users/damithch/Repos/git-mastery/git-mastery.github.io/lessons/remoteRepos/index.md
2026-07-07T08:43:08.379Z - [36mverbose[39m: Rendering page: /Users/damithch/Repos/git-mastery/git-mastery.github.io/lessons/remoteBranchRename/index.md
2026-07-07T08:43:08.383Z - [36mverbose[39m: Rendering page: /Users/damithch/Repos/git-mastery/git-mastery.github.io/lessons/remoteBranchPull/index.md
2026-07-07T08:43:08.389Z - [36mverbose[39m: Rendering page: /Users/damithch/Repos/git-mastery/git-mastery.github.io/lessons/remoteBranchPush/index.md
2026-07-07T08:43:08.589Z - [36mverbose[39m: Rendering page: /Users/damithch/Repos/git-mastery/git-mastery.github.io/lessons/remoteBranchDelete/index.md
2026-07-07T08:43:08.594Z - [36mverbose[39m: Rendering page: /Users/damithch/Repos/git-mastery/git-mastery.github.io/lessons/push/index.md
2026-07-07T08:43:08.605Z - [36mverbose[39m: Rendering page: /Users/damithch/Repos/git-mastery/git-mastery.github.io/lessons/prsReview/index.md
2026-07-07T08:43:08.609Z - [36mverbose[39m: Rendering page: /Users/damithch/Repos/git-mastery/git-mastery.github.io/lessons/pull/index.md
2026-07-07T08:43:08.768Z - [36mverbose[39m: Rendering page: /Users/damithch/Repos/git-mastery/git-mastery.github.io/lessons/prsMerge/index.md
2026-07-07T08:43:08.774Z - [36mverbose[39m: Rendering page: /Users/damithch/Repos/git-mastery/git-mastery.github.io/lessons/prsCreate/index.md
2026-07-07T08:43:08.783Z - [36mverbose[39m: Rendering page: /Users/damithch/Repos/git-mastery/git-mastery.github.io/lessons/otherPmFeatures/index.md
2026-07-07T08:43:08.786Z - [36mverbose[39m: Rendering page: /Users/damithch/Repos/git-mastery/git-mastery.github.io/lessons/mergeConflicts/index.md
2026-07-07T08:43:08.977Z - [36mverbose[39m: Rendering page: /Users/damithch/Repos/git-mastery/git-mastery.github.io/lessons/merge/index.md
2026-07-07T08:43:08.988Z - [36mverbose[39m: Rendering page: /Users/damithch/Repos/git-mastery/git-mastery.github.io/lessons/log/index.md
2026-07-07T08:43:09.000Z - [36mverbose[39m: Rendering page: /Users/damithch/Repos/git-mastery/git-mastery.github.io/lessons/intro/index.md
2026-07-07T08:43:09.004Z - [36mverbose[39m: Rendering page: /Users/damithch/Repos/git-mastery/git-mastery.github.io/lessons/interactiveRebase/index.md
2026-07-07T08:43:09.280Z - [36mverbose[39m: Rendering page: /Users/damithch/Repos/git-mastery/git-mastery.github.io/lessons/init/index.md
2026-07-07T08:43:09.290Z - [36mverbose[39m: Rendering page: /Users/damithch/Repos/git-mastery/git-mastery.github.io/lessons/index.md
2026-07-07T08:43:09.297Z - [36mverbose[39m: Rendering page: /Users/damithch/Repos/git-mastery/git-mastery.github.io/lessons/ignore/index.md
2026-07-07T08:43:09.305Z - [36mverbose[39m: Rendering page: /Users/damithch/Repos/git-mastery/git-mastery.github.io/lessons/githubPrep/index.md
2026-07-07T08:43:09.452Z - [36mverbose[39m: Rendering page: /Users/damithch/Repos/git-mastery/git-mastery.github.io/lessons/forkingWorkflow/index.md
2026-07-07T08:43:09.459Z - [36mverbose[39m: Rendering page: /Users/damithch/Repos/git-mastery/git-mastery.github.io/lessons/gitPrep/index.md
2026-07-07T08:43:09.470Z - [36mverbose[39m: Rendering page: /Users/damithch/Repos/git-mastery/git-mastery.github.io/lessons/fork/index.md
2026-07-07T08:43:09.489Z - [36mverbose[39m: Rendering page: /Users/damithch/Repos/git-mastery/git-mastery.github.io/lessons/diff/index.md
2026-07-07T08:43:09.587Z - [36mverbose[39m: Rendering page: /Users/damithch/Repos/git-mastery/git-mastery.github.io/lessons/createRemoteRepo/index.md
2026-07-07T08:43:09.612Z - [36mverbose[39m: Rendering page: /Users/damithch/Repos/git-mastery/git-mastery.github.io/lessons/commitMessage/index.md
2026-07-07T08:43:09.617Z - [36mverbose[39m: Rendering page: /Users/damithch/Repos/git-mastery/git-mastery.github.io/lessons/commit/index.md
2026-07-07T08:43:09.647Z - [36mverbose[39m: Rendering page: /Users/damithch/Repos/git-mastery/git-mastery.github.io/lessons/clone/index.md
2026-07-07T08:43:09.788Z - [36mverbose[39m: Rendering page: /Users/damithch/Repos/git-mastery/git-mastery.github.io/lessons/cherryPick/index.md
2026-07-07T08:43:09.793Z - [36mverbose[39m: Rendering page: /Users/damithch/Repos/git-mastery/git-mastery.github.io/lessons/checkout/index.md
2026-07-07T08:43:09.801Z - [36mverbose[39m: Rendering page: /Users/damithch/Repos/git-mastery/git-mastery.github.io/lessons/branchRename/index.md
2026-07-07T08:43:09.806Z - [36mverbose[39m: Rendering page: /Users/damithch/Repos/git-mastery/git-mastery.github.io/lessons/branchDelete/index.md
2026-07-07T08:43:09.918Z - [36mverbose[39m: Rendering page: /Users/damithch/Repos/git-mastery/git-mastery.github.io/lessons/branch/index.md
2026-07-07T08:43:09.930Z - [36mverbose[39m: Rendering page: /Users/damithch/Repos/git-mastery/git-mastery.github.io/index.md
2026-07-07T08:43:09.937Z - [32minfo[39m: Pages built
2026-07-07T08:43:10.008Z - [32minfo[39m: Site data built
2026-07-07T08:43:10.008Z - [32minfo[39m: Website generation complete! Total build time: 9.15s
2026-07-07T08:43:10.008Z - [32minfo[39m: Build success!
2026-07-07T08:43:16.714Z - [32minfo[39m: Website generation started at 16:43:16
2026-07-07T08:43:16.814Z - [32minfo[39m: Building assets...
2026-07-07T08:43:16.907Z - [32minfo[39m: Assets built
2026-07-07T08:43:16.907Z - [32minfo[39m: Generating pages...
2026-07-07T08:43:17.423Z - [36mverbose[39m: Rendering page: /Users/damithch/Repos/git-mastery/git-mastery.github.io/exercises-directory/index.md
2026-07-07T08:43:17.462Z - [36mverbose[39m: Rendering page: /Users/damithch/Repos/git-mastery/git-mastery.github.io/about/index.md
2026-07-07T08:43:17.464Z - [36mverbose[39m: Rendering page: /Users/damithch/Repos/git-mastery/git-mastery.github.io/faq/index.md
2026-07-07T08:43:17.466Z - [36mverbose[39m: Rendering page: /Users/damithch/Repos/git-mastery/git-mastery.github.io/companion-app/index.md
2026-07-07T08:43:20.376Z - [36mverbose[39m: Rendering page: /Users/damithch/Repos/git-mastery/git-mastery.github.io/versions/cs2103/insertions.md
2026-07-07T08:43:20.387Z - [36mverbose[39m: Rendering page: /Users/damithch/Repos/git-mastery/git-mastery.github.io/lessons/trail/all.md
2026-07-07T08:43:20.623Z - [36mverbose[39m: Rendering page: /Users/damithch/Repos/git-mastery/git-mastery.github.io/lessons/tag/exercise-tags-update.md
2026-07-07T08:43:20.633Z - [36mverbose[39m: Rendering page: /Users/damithch/Repos/git-mastery/git-mastery.github.io/lessons/tag/exercise-tags-push.md
2026-07-07T08:43:20.653Z - [36mverbose[39m: Rendering page: /Users/damithch/Repos/git-mastery/git-mastery.github.io/lessons/tag/exercise-tags-add.md
2026-07-07T08:43:20.655Z - [36mverbose[39m: Rendering page: /Users/damithch/Repos/git-mastery/git-mastery.github.io/lessons/stage/exercise-stage-fright.md
2026-07-07T08:43:20.656Z - [36mverbose[39m: Rendering page: /Users/damithch/Repos/git-mastery/git-mastery.github.io/lessons/show/exercise-view-commits.md
2026-07-07T08:43:20.667Z - [36mverbose[39m: Rendering page: /Users/damithch/Repos/git-mastery/git-mastery.github.io/lessons/setRemote/exercise-link-me.md
2026-07-07T08:43:20.693Z - [36mverbose[39m: Rendering page: /Users/damithch/Repos/git-mastery/git-mastery.github.io/lessons/revert/exercise-sensors-revert.md
2026-07-07T08:43:20.695Z - [36mverbose[39m: Rendering page: /Users/damithch/Repos/git-mastery/git-mastery.github.io/lessons/reset/exercise-sensors-reset.md
2026-07-07T08:43:20.696Z - [36mverbose[39m: Rendering page: /Users/damithch/Repos/git-mastery/git-mastery.github.io/lessons/remoteBranchRename/exercise-glossary-branch-rename.md
2026-07-07T08:43:20.697Z - [36mverbose[39m: Rendering page: /Users/damithch/Repos/git-mastery/git-mastery.github.io/lessons/remoteBranchRename/exercise-remote-branch-rename.md
2026-07-07T08:43:20.728Z - [36mverbose[39m: Rendering page: /Users/damithch/Repos/git-mastery/git-mastery.github.io/lessons/remoteBranchPush/exercise-glossary-branch-push.md
2026-07-07T08:43:20.730Z - [36mverbose[39m: Rendering page: /Users/damithch/Repos/git-mastery/git-mastery.github.io/lessons/remoteBranchPull/exercise-glossary-branch-pull.md
2026-07-07T08:43:20.732Z - [36mverbose[39m: Rendering page: /Users/damithch/Repos/git-mastery/git-mastery.github.io/lessons/push/exercise-push-over.md
2026-07-07T08:43:20.733Z - [36mverbose[39m: Rendering page: /Users/damithch/Repos/git-mastery/git-mastery.github.io/lessons/remoteBranchDelete/exercise-glossary-branch-delete.md
2026-07-07T08:43:20.766Z - [36mverbose[39m: Rendering page: /Users/damithch/Repos/git-mastery/git-mastery.github.io/lessons/prsCreate/exercise-create-pr-from-main.md
2026-07-07T08:43:20.768Z - [36mverbose[39m: Rendering page: /Users/damithch/Repos/git-mastery/git-mastery.github.io/lessons/pull/exercise-fetch-and-pull.md
2026-07-07T08:43:20.771Z - [36mverbose[39m: Rendering page: /Users/damithch/Repos/git-mastery/git-mastery.github.io/lessons/merge/exercise-merge-undo.md
2026-07-07T08:43:20.772Z - [36mverbose[39m: Rendering page: /Users/damithch/Repos/git-mastery/git-mastery.github.io/lessons/mergeConflicts/exercise-conflict-mediator.md
2026-07-07T08:43:20.798Z - [36mverbose[39m: Rendering page: /Users/damithch/Repos/git-mastery/git-mastery.github.io/lessons/merge/exercise-ff-undo.md
2026-07-07T08:43:20.800Z - [36mverbose[39m: Rendering page: /Users/damithch/Repos/git-mastery/git-mastery.github.io/lessons/merge/exercise-merge-squash.md
2026-07-07T08:43:20.802Z - [36mverbose[39m: Rendering page: /Users/damithch/Repos/git-mastery/git-mastery.github.io/lessons/merge/exercise-branch-compare.md
2026-07-07T08:43:20.803Z - [36mverbose[39m: Rendering page: /Users/damithch/Repos/git-mastery/git-mastery.github.io/lessons/merge/exercise-branch-forward.md
2026-07-07T08:43:20.829Z - [36mverbose[39m: Rendering page: /Users/damithch/Repos/git-mastery/git-mastery.github.io/lessons/log/exercise-log-and-order.md
2026-07-07T08:43:20.830Z - [36mverbose[39m: Rendering page: /Users/damithch/Repos/git-mastery/git-mastery.github.io/lessons/merge/exercise-branch-bender.md
2026-07-07T08:43:20.832Z - [36mverbose[39m: Rendering page: /Users/damithch/Repos/git-mastery/git-mastery.github.io/lessons/init/exercise-undo-init.md
2026-07-07T08:43:20.833Z - [36mverbose[39m: Rendering page: /Users/damithch/Repos/git-mastery/git-mastery.github.io/lessons/init/exercise-under-control.md
2026-07-07T08:43:20.860Z - [36mverbose[39m: Rendering page: /Users/damithch/Repos/git-mastery/git-mastery.github.io/lessons/fork/exercise-fork-repo.md
2026-07-07T08:43:20.862Z - [36mverbose[39m: Rendering page: /Users/damithch/Repos/git-mastery/git-mastery.github.io/lessons/ignore/exercise-ignoring-somethings.md
2026-07-07T08:43:20.864Z - [36mverbose[39m: Rendering page: /Users/damithch/Repos/git-mastery/git-mastery.github.io/lessons/createRemoteRepo/exercise-remote-control.md
2026-07-07T08:43:20.870Z - [36mverbose[39m: Rendering page: /Users/damithch/Repos/git-mastery/git-mastery.github.io/lessons/diff/exercise-sensors-diff.md
2026-07-07T08:43:20.894Z - [36mverbose[39m: Rendering page: /Users/damithch/Repos/git-mastery/git-mastery.github.io/lessons/commit/exercise-grocery-shopping.md
2026-07-07T08:43:20.895Z - [36mverbose[39m: Rendering page: /Users/damithch/Repos/git-mastery/git-mastery.github.io/lessons/commit/exercise-staging-intervention.md
2026-07-07T08:43:20.897Z - [36mverbose[39m: Rendering page: /Users/damithch/Repos/git-mastery/git-mastery.github.io/lessons/clone/exercise-clone-repo.md
2026-07-07T08:43:20.905Z - [36mverbose[39m: Rendering page: /Users/damithch/Repos/git-mastery/git-mastery.github.io/lessons/checkout/exercise-sensors-checkout.md
2026-07-07T08:43:20.941Z - [36mverbose[39m: Rendering page: /Users/damithch/Repos/git-mastery/git-mastery.github.io/lessons/branchRename/exercise-branch-rename.md
2026-07-07T08:43:20.943Z - [36mverbose[39m: Rendering page: /Users/damithch/Repos/git-mastery/git-mastery.github.io/lessons/branchDelete/exercise-mix-messy-graph.md
2026-07-07T08:43:20.953Z - [36mverbose[39m: Rendering page: /Users/damithch/Repos/git-mastery/git-mastery.github.io/lessons/branchDelete/exercise-mix-messy-docs.md
2026-07-07T08:43:20.973Z - [36mverbose[39m: Rendering page: /Users/damithch/Repos/git-mastery/git-mastery.github.io/lessons/branchDelete/exercise-branch-delete.md
2026-07-07T08:43:20.978Z - [36mverbose[39m: Rendering page: /Users/damithch/Repos/git-mastery/git-mastery.github.io/lessons/branch/exercise-branch-previous.md
2026-07-07T08:43:20.980Z - [36mverbose[39m: Rendering page: /Users/damithch/Repos/git-mastery/git-mastery.github.io/lessons/branch/exercise-side-track.md
2026-07-07T08:43:21.029Z - [36mverbose[39m: Rendering page: /Users/damithch/Repos/git-mastery/git-mastery.github.io/versions/cs2103/index.md
2026-07-07T08:43:21.303Z - [36mverbose[39m: Rendering page: /Users/damithch/Repos/git-mastery/git-mastery.github.io/lessons/worktrees/index.md
2026-07-07T08:43:21.312Z - [36mverbose[39m: Rendering page: /Users/damithch/Repos/git-mastery/git-mastery.github.io/lessons/workflows/index.md
2026-07-07T08:43:21.315Z - [36mverbose[39m: Rendering page: /Users/damithch/Repos/git-mastery/git-mastery.github.io/lessons/trail/workingWithRemotes/index.md
2026-07-07T08:43:21.680Z - [36mverbose[39m: Rendering page: /Users/damithch/Repos/git-mastery/git-mastery.github.io/lessons/trail/workingWithPrs/index.md
2026-07-07T08:43:21.849Z - [36mverbose[39m: Rendering page: /Users/damithch/Repos/git-mastery/git-mastery.github.io/lessons/trail/usingRevisionHistory/index.md
2026-07-07T08:43:22.268Z - [36mverbose[39m: Rendering page: /Users/damithch/Repos/git-mastery/git-mastery.github.io/lessons/trail/remoteBranches/index.md
2026-07-07T08:43:22.283Z - [36mverbose[39m: Rendering page: /Users/damithch/Repos/git-mastery/git-mastery.github.io/lessons/trail/syncingBranches/index.md
2026-07-07T08:43:22.562Z - [36mverbose[39m: Rendering page: /Users/damithch/Repos/git-mastery/git-mastery.github.io/lessons/trail/recordingFolderHistory/index.md
2026-07-07T08:43:22.615Z - [36mverbose[39m: Rendering page: /Users/damithch/Repos/git-mastery/git-mastery.github.io/lessons/trail/index.md
2026-07-07T08:43:22.627Z - [36mverbose[39m: Rendering page: /Users/damithch/Repos/git-mastery/git-mastery.github.io/lessons/trail/managingProjects/index.md
2026-07-07T08:43:23.009Z - [36mverbose[39m: Rendering page: /Users/damithch/Repos/git-mastery/git-mastery.github.io/lessons/trail/fineTuningHistory/index.md
2026-07-07T08:43:23.319Z - [36mverbose[39m: Rendering page: /Users/damithch/Repos/git-mastery/git-mastery.github.io/lessons/trail/branchingLocally/index.md
2026-07-07T08:43:23.361Z - [36mverbose[39m: Rendering page: /Users/damithch/Repos/git-mastery/git-mastery.github.io/lessons/template/index.md
2026-07-07T08:43:23.367Z - [36mverbose[39m: Rendering page: /Users/damithch/Repos/git-mastery/git-mastery.github.io/lessons/trail/backingUpOnCloud/index.md
2026-07-07T08:43:23.395Z - [36mverbose[39m: Rendering page: /Users/damithch/Repos/git-mastery/git-mastery.github.io/lessons/tag/index.md
2026-07-07T08:43:23.572Z - [36mverbose[39m: Rendering page: /Users/damithch/Repos/git-mastery/git-mastery.github.io/lessons/syncByRebase/index.md
2026-07-07T08:43:23.576Z - [36mverbose[39m: Rendering page: /Users/damithch/Repos/git-mastery/git-mastery.github.io/lessons/syncByMerge/index.md
2026-07-07T08:43:23.580Z - [36mverbose[39m: Rendering page: /Users/damithch/Repos/git-mastery/git-mastery.github.io/lessons/show/index.md
2026-07-07T08:43:23.590Z - [36mverbose[39m: Rendering page: /Users/damithch/Repos/git-mastery/git-mastery.github.io/lessons/stage/index.md
2026-07-07T08:43:23.768Z - [36mverbose[39m: Rendering page: /Users/damithch/Repos/git-mastery/git-mastery.github.io/lessons/selectiveStage/index.md
2026-07-07T08:43:23.772Z - [36mverbose[39m: Rendering page: /Users/damithch/Repos/git-mastery/git-mastery.github.io/lessons/setRemote/index.md
2026-07-07T08:43:23.779Z - [36mverbose[39m: Rendering page: /Users/damithch/Repos/git-mastery/git-mastery.github.io/lessons/revert/index.md
2026-07-07T08:43:23.786Z - [36mverbose[39m: Rendering page: /Users/damithch/Repos/git-mastery/git-mastery.github.io/lessons/reset/index.md
2026-07-07T08:43:23.910Z - [36mverbose[39m: Rendering page: /Users/damithch/Repos/git-mastery/git-mastery.github.io/lessons/remoteBranchRename/index.md
2026-07-07T08:43:23.915Z - [36mverbose[39m: Rendering page: /Users/damithch/Repos/git-mastery/git-mastery.github.io/lessons/remoteRepos/index.md
2026-07-07T08:43:23.917Z - [36mverbose[39m: Rendering page: /Users/damithch/Repos/git-mastery/git-mastery.github.io/lessons/remoteBranchPush/index.md
2026-07-07T08:43:23.945Z - [36mverbose[39m: Rendering page: /Users/damithch/Repos/git-mastery/git-mastery.github.io/lessons/remoteBranchPull/index.md
2026-07-07T08:43:24.117Z - [36mverbose[39m: Rendering page: /Users/damithch/Repos/git-mastery/git-mastery.github.io/lessons/remoteBranchDelete/index.md
2026-07-07T08:43:24.143Z - [36mverbose[39m: Rendering page: /Users/damithch/Repos/git-mastery/git-mastery.github.io/lessons/push/index.md
2026-07-07T08:43:24.154Z - [36mverbose[39m: Rendering page: /Users/damithch/Repos/git-mastery/git-mastery.github.io/lessons/pull/index.md
2026-07-07T08:43:24.175Z - [36mverbose[39m: Rendering page: /Users/damithch/Repos/git-mastery/git-mastery.github.io/lessons/prsReview/index.md
2026-07-07T08:43:24.351Z - [36mverbose[39m: Rendering page: /Users/damithch/Repos/git-mastery/git-mastery.github.io/lessons/prsMerge/index.md
2026-07-07T08:43:24.357Z - [36mverbose[39m: Rendering page: /Users/damithch/Repos/git-mastery/git-mastery.github.io/lessons/prsCreate/index.md
2026-07-07T08:43:24.366Z - [36mverbose[39m: Rendering page: /Users/damithch/Repos/git-mastery/git-mastery.github.io/lessons/otherPmFeatures/index.md
2026-07-07T08:43:24.462Z - [36mverbose[39m: Rendering page: /Users/damithch/Repos/git-mastery/git-mastery.github.io/lessons/mergeConflicts/index.md
2026-07-07T08:43:24.536Z - [36mverbose[39m: Rendering page: /Users/damithch/Repos/git-mastery/git-mastery.github.io/lessons/merge/index.md
2026-07-07T08:43:24.578Z - [36mverbose[39m: Rendering page: /Users/damithch/Repos/git-mastery/git-mastery.github.io/lessons/log/index.md
2026-07-07T08:43:24.589Z - [36mverbose[39m: Rendering page: /Users/damithch/Repos/git-mastery/git-mastery.github.io/lessons/intro/index.md
2026-07-07T08:43:24.641Z - [36mverbose[39m: Rendering page: /Users/damithch/Repos/git-mastery/git-mastery.github.io/lessons/interactiveRebase/index.md
2026-07-07T08:43:24.846Z - [36mverbose[39m: Rendering page: /Users/damithch/Repos/git-mastery/git-mastery.github.io/lessons/init/index.md
2026-07-07T08:43:24.881Z - [36mverbose[39m: Rendering page: /Users/damithch/Repos/git-mastery/git-mastery.github.io/lessons/index.md
2026-07-07T08:43:24.946Z - [36mverbose[39m: Rendering page: /Users/damithch/Repos/git-mastery/git-mastery.github.io/lessons/ignore/index.md
2026-07-07T08:43:24.957Z - [36mverbose[39m: Rendering page: /Users/damithch/Repos/git-mastery/git-mastery.github.io/lessons/githubPrep/index.md
2026-07-07T08:43:24.994Z - [36mverbose[39m: Rendering page: /Users/damithch/Repos/git-mastery/git-mastery.github.io/lessons/gitPrep/index.md
2026-07-07T08:43:25.049Z - [36mverbose[39m: Rendering page: /Users/damithch/Repos/git-mastery/git-mastery.github.io/lessons/forkingWorkflow/index.md
2026-07-07T08:43:25.067Z - [36mverbose[39m: Rendering page: /Users/damithch/Repos/git-mastery/git-mastery.github.io/lessons/fork/index.md
2026-07-07T08:43:25.072Z - [36mverbose[39m: Rendering page: /Users/damithch/Repos/git-mastery/git-mastery.github.io/lessons/diff/index.md
2026-07-07T08:43:25.163Z - [36mverbose[39m: Rendering page: /Users/damithch/Repos/git-mastery/git-mastery.github.io/lessons/createRemoteRepo/index.md
2026-07-07T08:43:25.191Z - [36mverbose[39m: Rendering page: /Users/damithch/Repos/git-mastery/git-mastery.github.io/lessons/commitMessage/index.md
2026-07-07T08:43:25.214Z - [36mverbose[39m: Rendering page: /Users/damithch/Repos/git-mastery/git-mastery.github.io/lessons/commit/index.md
2026-07-07T08:43:25.225Z - [36mverbose[39m: Rendering page: /Users/damithch/Repos/git-mastery/git-mastery.github.io/lessons/clone/index.md
2026-07-07T08:43:25.304Z - [36mverbose[39m: Rendering page: /Users/damithch/Repos/git-mastery/git-mastery.github.io/lessons/cherryPick/index.md
2026-07-07T08:43:25.309Z - [36mverbose[39m: Rendering page: /Users/damithch/Repos/git-mastery/git-mastery.github.io/lessons/branchRename/index.md
2026-07-07T08:43:25.368Z - [36mverbose[39m: Rendering page: /Users/damithch/Repos/git-mastery/git-mastery.github.io/lessons/checkout/index.md
2026-07-07T08:43:25.466Z - [36mverbose[39m: Rendering page: /Users/damithch/Repos/git-mastery/git-mastery.github.io/lessons/branchDelete/index.md
2026-07-07T08:43:25.474Z - [36mverbose[39m: Rendering page: /Users/damithch/Repos/git-mastery/git-mastery.github.io/lessons/branch/index.md
2026-07-07T08:43:25.487Z - [36mverbose[39m: Rendering page: /Users/damithch/Repos/git-mastery/git-mastery.github.io/index.md
2026-07-07T08:43:25.494Z - [32minfo[39m: Pages built
2026-07-07T08:43:25.564Z - [32minfo[39m: Site data built
2026-07-07T08:43:25.564Z - [32minfo[39m: Website generation complete! Total build time: 8.917s
2026-07-07T08:43:25.564Z - [32minfo[39m: Build success!
2026-07-07T08:47:46.682Z - [32minfo[39m: Website generation started at 16:47:46
2026-07-07T08:47:46.785Z - [32minfo[39m: Building assets...
2026-07-07T08:47:46.883Z - [32minfo[39m: Assets built
2026-07-07T08:47:46.883Z - [32minfo[39m: Generating pages...
2026-07-07T08:47:47.411Z - [36mverbose[39m: Rendering page: /Users/damithch/Repos/git-mastery/git-mastery.github.io/faq/index.md
2026-07-07T08:47:47.421Z - [36mverbose[39m: Rendering page: /Users/damithch/Repos/git-mastery/git-mastery.github.io/exercises-directory/index.md
2026-07-07T08:47:47.451Z - [36mverbose[39m: Rendering page: /Users/damithch/Repos/git-mastery/git-mastery.github.io/about/index.md
2026-07-07T08:47:47.452Z - [36mverbose[39m: Rendering page: /Users/damithch/Repos/git-mastery/git-mastery.github.io/companion-app/index.md
2026-07-07T08:47:50.513Z - [36mverbose[39m: Rendering page: /Users/damithch/Repos/git-mastery/git-mastery.github.io/versions/cs2103/insertions.md
2026-07-07T08:47:50.517Z - [36mverbose[39m: Rendering page: /Users/damithch/Repos/git-mastery/git-mastery.github.io/lessons/trail/all.md
2026-07-07T08:47:50.786Z - [36mverbose[39m: Rendering page: /Users/damithch/Repos/git-mastery/git-mastery.github.io/lessons/tag/exercise-tags-update.md
2026-07-07T08:47:50.788Z - [36mverbose[39m: Rendering page: /Users/damithch/Repos/git-mastery/git-mastery.github.io/lessons/tag/exercise-tags-push.md
2026-07-07T08:47:50.821Z - [36mverbose[39m: Rendering page: /Users/damithch/Repos/git-mastery/git-mastery.github.io/lessons/tag/exercise-tags-add.md
2026-07-07T08:47:50.834Z - [36mverbose[39m: Rendering page: /Users/damithch/Repos/git-mastery/git-mastery.github.io/lessons/stage/exercise-stage-fright.md
2026-07-07T08:47:50.837Z - [36mverbose[39m: Rendering page: /Users/damithch/Repos/git-mastery/git-mastery.github.io/lessons/show/exercise-view-commits.md
2026-07-07T08:47:50.839Z - [36mverbose[39m: Rendering page: /Users/damithch/Repos/git-mastery/git-mastery.github.io/lessons/setRemote/exercise-link-me.md
2026-07-07T08:47:50.935Z - [36mverbose[39m: Rendering page: /Users/damithch/Repos/git-mastery/git-mastery.github.io/lessons/revert/exercise-sensors-revert.md
2026-07-07T08:47:50.941Z - [36mverbose[39m: Rendering page: /Users/damithch/Repos/git-mastery/git-mastery.github.io/lessons/reset/exercise-sensors-reset.md
2026-07-07T08:47:50.946Z - [36mverbose[39m: Rendering page: /Users/damithch/Repos/git-mastery/git-mastery.github.io/lessons/remoteBranchRename/exercise-glossary-branch-rename.md
2026-07-07T08:47:50.950Z - [36mverbose[39m: Rendering page: /Users/damithch/Repos/git-mastery/git-mastery.github.io/lessons/remoteBranchRename/exercise-remote-branch-rename.md
2026-07-07T08:47:51.009Z - [36mverbose[39m: Rendering page: /Users/damithch/Repos/git-mastery/git-mastery.github.io/lessons/remoteBranchPush/exercise-glossary-branch-push.md
2026-07-07T08:47:51.014Z - [36mverbose[39m: Rendering page: /Users/damithch/Repos/git-mastery/git-mastery.github.io/lessons/remoteBranchPull/exercise-glossary-branch-pull.md
2026-07-07T08:47:51.017Z - [36mverbose[39m: Rendering page: /Users/damithch/Repos/git-mastery/git-mastery.github.io/lessons/remoteBranchDelete/exercise-glossary-branch-delete.md
2026-07-07T08:47:51.020Z - [36mverbose[39m: Rendering page: /Users/damithch/Repos/git-mastery/git-mastery.github.io/lessons/push/exercise-push-over.md
2026-07-07T08:47:51.093Z - [36mverbose[39m: Rendering page: /Users/damithch/Repos/git-mastery/git-mastery.github.io/lessons/prsCreate/exercise-create-pr-from-main.md
2026-07-07T08:47:51.095Z - [36mverbose[39m: Rendering page: /Users/damithch/Repos/git-mastery/git-mastery.github.io/lessons/pull/exercise-fetch-and-pull.md
2026-07-07T08:47:51.098Z - [36mverbose[39m: Rendering page: /Users/damithch/Repos/git-mastery/git-mastery.github.io/lessons/merge/exercise-merge-undo.md
2026-07-07T08:47:51.192Z - [36mverbose[39m: Rendering page: /Users/damithch/Repos/git-mastery/git-mastery.github.io/lessons/mergeConflicts/exercise-conflict-mediator.md
2026-07-07T08:47:51.237Z - [36mverbose[39m: Rendering page: /Users/damithch/Repos/git-mastery/git-mastery.github.io/lessons/merge/exercise-ff-undo.md
2026-07-07T08:47:51.252Z - [36mverbose[39m: Rendering page: /Users/damithch/Repos/git-mastery/git-mastery.github.io/lessons/merge/exercise-merge-squash.md
2026-07-07T08:47:51.254Z - [36mverbose[39m: Rendering page: /Users/damithch/Repos/git-mastery/git-mastery.github.io/lessons/merge/exercise-branch-forward.md
2026-07-07T08:47:51.290Z - [36mverbose[39m: Rendering page: /Users/damithch/Repos/git-mastery/git-mastery.github.io/lessons/merge/exercise-branch-compare.md
2026-07-07T08:47:51.323Z - [36mverbose[39m: Rendering page: /Users/damithch/Repos/git-mastery/git-mastery.github.io/lessons/merge/exercise-branch-bender.md
2026-07-07T08:47:51.338Z - [36mverbose[39m: Rendering page: /Users/damithch/Repos/git-mastery/git-mastery.github.io/lessons/log/exercise-log-and-order.md
2026-07-07T08:47:51.340Z - [36mverbose[39m: Rendering page: /Users/damithch/Repos/git-mastery/git-mastery.github.io/lessons/init/exercise-undo-init.md
2026-07-07T08:47:51.352Z - [36mverbose[39m: Rendering page: /Users/damithch/Repos/git-mastery/git-mastery.github.io/lessons/init/exercise-under-control.md
2026-07-07T08:47:51.373Z - [36mverbose[39m: Rendering page: /Users/damithch/Repos/git-mastery/git-mastery.github.io/lessons/ignore/exercise-ignoring-somethings.md
2026-07-07T08:47:51.384Z - [36mverbose[39m: Rendering page: /Users/damithch/Repos/git-mastery/git-mastery.github.io/lessons/fork/exercise-fork-repo.md
2026-07-07T08:47:51.386Z - [36mverbose[39m: Rendering page: /Users/damithch/Repos/git-mastery/git-mastery.github.io/lessons/diff/exercise-sensors-diff.md
2026-07-07T08:47:51.400Z - [36mverbose[39m: Rendering page: /Users/damithch/Repos/git-mastery/git-mastery.github.io/lessons/createRemoteRepo/exercise-remote-control.md
2026-07-07T08:47:51.420Z - [36mverbose[39m: Rendering page: /Users/damithch/Repos/git-mastery/git-mastery.github.io/lessons/commit/exercise-staging-intervention.md
2026-07-07T08:47:51.433Z - [36mverbose[39m: Rendering page: /Users/damithch/Repos/git-mastery/git-mastery.github.io/lessons/clone/exercise-clone-repo.md
2026-07-07T08:47:51.436Z - [36mverbose[39m: Rendering page: /Users/damithch/Repos/git-mastery/git-mastery.github.io/lessons/commit/exercise-grocery-shopping.md
2026-07-07T08:47:51.449Z - [36mverbose[39m: Rendering page: /Users/damithch/Repos/git-mastery/git-mastery.github.io/lessons/checkout/exercise-sensors-checkout.md
2026-07-07T08:47:51.480Z - [36mverbose[39m: Rendering page: /Users/damithch/Repos/git-mastery/git-mastery.github.io/lessons/branchRename/exercise-branch-rename.md
2026-07-07T08:47:51.492Z - [36mverbose[39m: Rendering page: /Users/damithch/Repos/git-mastery/git-mastery.github.io/lessons/branchDelete/exercise-mix-messy-docs.md
2026-07-07T08:47:51.495Z - [36mverbose[39m: Rendering page: /Users/damithch/Repos/git-mastery/git-mastery.github.io/lessons/branchDelete/exercise-mix-messy-graph.md
2026-07-07T08:47:51.513Z - [36mverbose[39m: Rendering page: /Users/damithch/Repos/git-mastery/git-mastery.github.io/lessons/branchDelete/exercise-branch-delete.md
2026-07-07T08:47:51.530Z - [36mverbose[39m: Rendering page: /Users/damithch/Repos/git-mastery/git-mastery.github.io/lessons/branch/exercise-side-track.md
2026-07-07T08:47:51.591Z - [36mverbose[39m: Rendering page: /Users/damithch/Repos/git-mastery/git-mastery.github.io/versions/cs2103/index.md
2026-07-07T08:47:51.592Z - [36mverbose[39m: Rendering page: /Users/damithch/Repos/git-mastery/git-mastery.github.io/lessons/branch/exercise-branch-previous.md
2026-07-07T08:47:51.609Z - [36mverbose[39m: Rendering page: /Users/damithch/Repos/git-mastery/git-mastery.github.io/lessons/worktrees/index.md
2026-07-07T08:47:51.948Z - [36mverbose[39m: Rendering page: /Users/damithch/Repos/git-mastery/git-mastery.github.io/lessons/workflows/index.md
2026-07-07T08:47:52.386Z - [36mverbose[39m: Rendering page: /Users/damithch/Repos/git-mastery/git-mastery.github.io/lessons/trail/workingWithPrs/index.md
2026-07-07T08:47:52.405Z - [36mverbose[39m: Rendering page: /Users/damithch/Repos/git-mastery/git-mastery.github.io/lessons/trail/workingWithRemotes/index.md
2026-07-07T08:47:52.607Z - [36mverbose[39m: Rendering page: /Users/damithch/Repos/git-mastery/git-mastery.github.io/lessons/trail/usingRevisionHistory/index.md
2026-07-07T08:47:53.054Z - [36mverbose[39m: Rendering page: /Users/damithch/Repos/git-mastery/git-mastery.github.io/lessons/trail/syncingBranches/index.md
2026-07-07T08:47:53.111Z - [36mverbose[39m: Rendering page: /Users/damithch/Repos/git-mastery/git-mastery.github.io/lessons/trail/remoteBranches/index.md
2026-07-07T08:47:53.126Z - [36mverbose[39m: Rendering page: /Users/damithch/Repos/git-mastery/git-mastery.github.io/lessons/trail/recordingFolderHistory/index.md
2026-07-07T08:47:53.430Z - [36mverbose[39m: Rendering page: /Users/damithch/Repos/git-mastery/git-mastery.github.io/lessons/trail/managingProjects/index.md
2026-07-07T08:47:53.872Z - [36mverbose[39m: Rendering page: /Users/damithch/Repos/git-mastery/git-mastery.github.io/lessons/trail/index.md
2026-07-07T08:47:54.228Z - [36mverbose[39m: Rendering page: /Users/damithch/Repos/git-mastery/git-mastery.github.io/lessons/trail/fineTuningHistory/index.md
2026-07-07T08:47:54.256Z - [36mverbose[39m: Rendering page: /Users/damithch/Repos/git-mastery/git-mastery.github.io/lessons/trail/branchingLocally/index.md
2026-07-07T08:47:54.512Z - [36mverbose[39m: Rendering page: /Users/damithch/Repos/git-mastery/git-mastery.github.io/lessons/trail/backingUpOnCloud/index.md
2026-07-07T08:47:54.543Z - [36mverbose[39m: Rendering page: /Users/damithch/Repos/git-mastery/git-mastery.github.io/lessons/template/index.md
2026-07-07T08:47:54.546Z - [36mverbose[39m: Rendering page: /Users/damithch/Repos/git-mastery/git-mastery.github.io/lessons/tag/index.md
2026-07-07T08:47:54.663Z - [36mverbose[39m: Rendering page: /Users/damithch/Repos/git-mastery/git-mastery.github.io/lessons/syncByRebase/index.md
2026-07-07T08:47:54.739Z - [36mverbose[39m: Rendering page: /Users/damithch/Repos/git-mastery/git-mastery.github.io/lessons/syncByMerge/index.md
2026-07-07T08:47:54.781Z - [36mverbose[39m: Rendering page: /Users/damithch/Repos/git-mastery/git-mastery.github.io/lessons/stage/index.md
2026-07-07T08:47:54.798Z - [36mverbose[39m: Rendering page: /Users/damithch/Repos/git-mastery/git-mastery.github.io/lessons/show/index.md
2026-07-07T08:47:54.820Z - [36mverbose[39m: Rendering page: /Users/damithch/Repos/git-mastery/git-mastery.github.io/lessons/setRemote/index.md
2026-07-07T08:47:54.934Z - [36mverbose[39m: Rendering page: /Users/damithch/Repos/git-mastery/git-mastery.github.io/lessons/revert/index.md
2026-07-07T08:47:54.940Z - [36mverbose[39m: Rendering page: /Users/damithch/Repos/git-mastery/git-mastery.github.io/lessons/selectiveStage/index.md
2026-07-07T08:47:54.953Z - [36mverbose[39m: Rendering page: /Users/damithch/Repos/git-mastery/git-mastery.github.io/lessons/reset/index.md
2026-07-07T08:47:55.014Z - [36mverbose[39m: Rendering page: /Users/damithch/Repos/git-mastery/git-mastery.github.io/lessons/remoteRepos/index.md
2026-07-07T08:47:55.050Z - [36mverbose[39m: Rendering page: /Users/damithch/Repos/git-mastery/git-mastery.github.io/lessons/remoteBranchPush/index.md
2026-07-07T08:47:55.055Z - [36mverbose[39m: Rendering page: /Users/damithch/Repos/git-mastery/git-mastery.github.io/lessons/remoteBranchRename/index.md
2026-07-07T08:47:55.083Z - [36mverbose[39m: Rendering page: /Users/damithch/Repos/git-mastery/git-mastery.github.io/lessons/remoteBranchPull/index.md
2026-07-07T08:47:55.251Z - [36mverbose[39m: Rendering page: /Users/damithch/Repos/git-mastery/git-mastery.github.io/lessons/remoteBranchDelete/index.md
2026-07-07T08:47:55.274Z - [36mverbose[39m: Rendering page: /Users/damithch/Repos/git-mastery/git-mastery.github.io/lessons/pull/index.md
2026-07-07T08:47:55.289Z - [36mverbose[39m: Rendering page: /Users/damithch/Repos/git-mastery/git-mastery.github.io/lessons/push/index.md
2026-07-07T08:47:55.341Z - [36mverbose[39m: Rendering page: /Users/damithch/Repos/git-mastery/git-mastery.github.io/lessons/prsReview/index.md
2026-07-07T08:47:55.426Z - [36mverbose[39m: Rendering page: /Users/damithch/Repos/git-mastery/git-mastery.github.io/lessons/prsMerge/index.md
2026-07-07T08:47:55.468Z - [36mverbose[39m: Rendering page: /Users/damithch/Repos/git-mastery/git-mastery.github.io/lessons/prsCreate/index.md
2026-07-07T08:47:55.479Z - [36mverbose[39m: Rendering page: /Users/damithch/Repos/git-mastery/git-mastery.github.io/lessons/otherPmFeatures/index.md
2026-07-07T08:47:55.578Z - [36mverbose[39m: Rendering page: /Users/damithch/Repos/git-mastery/git-mastery.github.io/lessons/mergeConflicts/index.md
2026-07-07T08:47:55.654Z - [36mverbose[39m: Rendering page: /Users/damithch/Repos/git-mastery/git-mastery.github.io/lessons/merge/index.md
2026-07-07T08:47:55.697Z - [36mverbose[39m: Rendering page: /Users/damithch/Repos/git-mastery/git-mastery.github.io/lessons/log/index.md
2026-07-07T08:47:55.750Z - [36mverbose[39m: Rendering page: /Users/damithch/Repos/git-mastery/git-mastery.github.io/lessons/intro/index.md
2026-07-07T08:47:55.755Z - [36mverbose[39m: Rendering page: /Users/damithch/Repos/git-mastery/git-mastery.github.io/lessons/interactiveRebase/index.md
2026-07-07T08:47:55.961Z - [36mverbose[39m: Rendering page: /Users/damithch/Repos/git-mastery/git-mastery.github.io/lessons/init/index.md
2026-07-07T08:47:56.001Z - [36mverbose[39m: Rendering page: /Users/damithch/Repos/git-mastery/git-mastery.github.io/lessons/index.md
2026-07-07T08:47:56.070Z - [36mverbose[39m: Rendering page: /Users/damithch/Repos/git-mastery/git-mastery.github.io/lessons/ignore/index.md
2026-07-07T08:47:56.081Z - [36mverbose[39m: Rendering page: /Users/damithch/Repos/git-mastery/git-mastery.github.io/lessons/githubPrep/index.md
2026-07-07T08:47:56.125Z - [36mverbose[39m: Rendering page: /Users/damithch/Repos/git-mastery/git-mastery.github.io/lessons/gitPrep/index.md
2026-07-07T08:47:56.186Z - [36mverbose[39m: Rendering page: /Users/damithch/Repos/git-mastery/git-mastery.github.io/lessons/fork/index.md
2026-07-07T08:47:56.190Z - [36mverbose[39m: Rendering page: /Users/damithch/Repos/git-mastery/git-mastery.github.io/lessons/forkingWorkflow/index.md
2026-07-07T08:47:56.209Z - [36mverbose[39m: Rendering page: /Users/damithch/Repos/git-mastery/git-mastery.github.io/lessons/diff/index.md
2026-07-07T08:47:56.308Z - [36mverbose[39m: Rendering page: /Users/damithch/Repos/git-mastery/git-mastery.github.io/lessons/createRemoteRepo/index.md
2026-07-07T08:47:56.356Z - [36mverbose[39m: Rendering page: /Users/damithch/Repos/git-mastery/git-mastery.github.io/lessons/commitMessage/index.md
2026-07-07T08:47:56.360Z - [36mverbose[39m: Rendering page: /Users/damithch/Repos/git-mastery/git-mastery.github.io/lessons/commit/index.md
2026-07-07T08:47:56.375Z - [36mverbose[39m: Rendering page: /Users/damithch/Repos/git-mastery/git-mastery.github.io/lessons/clone/index.md
2026-07-07T08:47:56.484Z - [36mverbose[39m: Rendering page: /Users/damithch/Repos/git-mastery/git-mastery.github.io/lessons/cherryPick/index.md
2026-07-07T08:47:56.552Z - [36mverbose[39m: Rendering page: /Users/damithch/Repos/git-mastery/git-mastery.github.io/lessons/branchRename/index.md
2026-07-07T08:47:56.561Z - [36mverbose[39m: Rendering page: /Users/damithch/Repos/git-mastery/git-mastery.github.io/lessons/checkout/index.md
2026-07-07T08:47:56.751Z - [36mverbose[39m: Rendering page: /Users/damithch/Repos/git-mastery/git-mastery.github.io/lessons/branchDelete/index.md
2026-07-07T08:47:56.774Z - [36mverbose[39m: Rendering page: /Users/damithch/Repos/git-mastery/git-mastery.github.io/lessons/branch/index.md
2026-07-07T08:47:56.788Z - [36mverbose[39m: Rendering page: /Users/damithch/Repos/git-mastery/git-mastery.github.io/index.md
2026-07-07T08:47:56.800Z - [32minfo[39m: Pages built
2026-07-07T08:47:56.884Z - [32minfo[39m: Site data built
2026-07-07T08:47:56.884Z - [32minfo[39m: Website generation complete! Total build time: 10.293s
2026-07-07T08:47:56.884Z - [32minfo[39m: Build success!
2026-07-07T08:49:30.675Z - [32minfo[39m: Website generation (lazy) started at 16:49:30
2026-07-07T08:49:30.775Z - [32minfo[39m: Building assets...
2026-07-07T08:49:30.878Z - [32minfo[39m: Assets built
2026-07-07T08:49:30.878Z - [32minfo[39m: Generating landing page...
2026-07-07T08:49:30.969Z - [36mverbose[39m: Rendering page: /Users/damithch/Repos/git-mastery/git-mastery.github.io/index.md
2026-07-07T08:49:30.989Z - [32minfo[39m: Landing page built, other pages will be built as you navigate to them!
2026-07-07T08:49:31.063Z - [32minfo[39m: Site data built
2026-07-07T08:49:31.063Z - [32minfo[39m: Website generation (lazy) complete! Total build time: 0.47s
2026-07-07T08:49:31.076Z - [32minfo[39m: Serving "/Users/damithch/Repos/git-mastery/git-mastery.github.io/_site" at http://127.0.0.1:8080
2026-07-07T08:49:31.077Z - [32minfo[39m: Press CTRL+C to stop ...
2026-07-07T08:49:33.437Z - [32minfo[39m: Building /Users/damithch/Repos/git-mastery/git-mastery.github.io/versions/cs2103/insertions as some of its dependencies were changed since the last visit
2026-07-07T08:49:33.472Z - [36mverbose[39m: Rendering page: /Users/damithch/Repos/git-mastery/git-mastery.github.io/versions/cs2103/insertions.md
2026-07-07T08:49:33.476Z - [32minfo[39m: Site data built
2026-07-07T08:49:33.476Z - [32minfo[39m: Lazy website regeneration complete! Total build time: 0.04s
2026-07-07T08:49:42.322Z - [32minfo[39m: Building /Users/damithch/Repos/git-mastery/git-mastery.github.io/lessons/index as some of its dependencies were changed since the last visit
2026-07-07T08:49:42.935Z - [36mverbose[39m: Rendering page: /Users/damithch/Repos/git-mastery/git-mastery.github.io/lessons/index.md
2026-07-07T08:49:42.958Z - [32minfo[39m: Site data built
2026-07-07T08:49:42.958Z - [32minfo[39m: Lazy website regeneration complete! Total build time: 0.637s
2026-07-07T08:49:48.047Z - [32minfo[39m: Building /Users/damithch/Repos/git-mastery/git-mastery.github.io/lessons/trail/recordingFolderHistory/index as some of its dependencies were changed since the last visit
2026-07-07T08:49:48.637Z - [36mverbose[39m: Rendering page: /Users/damithch/Repos/git-mastery/git-mastery.github.io/lessons/trail/recordingFolderHistory/index.md
2026-07-07T08:49:48.701Z - [32minfo[39m: Site data built
2026-07-07T08:49:48.701Z - [32minfo[39m: Lazy website regeneration complete! Total build time: 0.654s
2026-07-07T12:50:19.444Z - [32minfo[39m: Website generation (lazy) started at 20:50:19
2026-07-07T12:50:19.604Z - [32minfo[39m: Building assets...
2026-07-07T12:50:19.708Z - [32minfo[39m: Assets built
2026-07-07T12:50:19.710Z - [32minfo[39m: Generating landing page...
2026-07-07T12:50:19.815Z - [36mverbose[39m: Rendering page: /Users/damithch/Repos/git-mastery/git-mastery.github.io/index.md
2026-07-07T12:50:19.834Z - [32minfo[39m: Landing page built, other pages will be built as you navigate to them!
2026-07-07T12:50:19.913Z - [32minfo[39m: Site data built
2026-07-07T12:50:19.913Z - [32minfo[39m: Website generation (lazy) complete! Total build time: 0.559s
2026-07-07T12:50:19.926Z - [32minfo[39m: Serving "/Users/damithch/Repos/git-mastery/git-mastery.github.io/_site" at http://127.0.0.1:8080
2026-07-07T12:50:19.926Z - [32minfo[39m: Press CTRL+C to stop ...
2026-07-07T12:50:24.659Z - [32minfo[39m: Building /Users/damithch/Repos/git-mastery/git-mastery.github.io/versions/cs2103/insertions as some of its dependencies were changed since the last visit
2026-07-07T12:50:24.710Z - [36mverbose[39m: Rendering page: /Users/damithch/Repos/git-mastery/git-mastery.github.io/versions/cs2103/insertions.md
2026-07-07T12:50:24.715Z - [32minfo[39m: Site data built
2026-07-07T12:50:24.715Z - [32minfo[39m: Lazy website regeneration complete! Total build time: 0.057s
2026-07-07T12:50:38.976Z - [32minfo[39m: Website generation started at 20:50:38
2026-07-07T12:50:39.058Z - [32minfo[39m: Building assets...
2026-07-07T12:50:39.165Z - [32minfo[39m: Assets built
2026-07-07T12:50:39.166Z - [32minfo[39m: Generating pages...
2026-07-07T12:50:39.709Z - [36mverbose[39m: Rendering page: /Users/damithch/Repos/git-mastery/git-mastery.github.io/about/index.md
2026-07-07T12:50:39.718Z - [36mverbose[39m: Rendering page: /Users/damithch/Repos/git-mastery/git-mastery.github.io/faq/index.md
2026-07-07T12:50:39.721Z - [36mverbose[39m: Rendering page: /Users/damithch/Repos/git-mastery/git-mastery.github.io/companion-app/index.md
2026-07-07T12:50:39.737Z - [36mverbose[39m: Rendering page: /Users/damithch/Repos/git-mastery/git-mastery.github.io/exercises-directory/index.md
2026-07-07T12:50:42.742Z - [36mverbose[39m: Rendering page: /Users/damithch/Repos/git-mastery/git-mastery.github.io/versions/cs2103/insertions.md
2026-07-07T12:50:42.756Z - [36mverbose[39m: Rendering page: /Users/damithch/Repos/git-mastery/git-mastery.github.io/lessons/trail/all.md
2026-07-07T12:50:43.033Z - [36mverbose[39m: Rendering page: /Users/damithch/Repos/git-mastery/git-mastery.github.io/lessons/tag/exercise-tags-push.md
2026-07-07T12:50:43.036Z - [36mverbose[39m: Rendering page: /Users/damithch/Repos/git-mastery/git-mastery.github.io/lessons/tag/exercise-tags-update.md
2026-07-07T12:50:43.038Z - [36mverbose[39m: Rendering page: /Users/damithch/Repos/git-mastery/git-mastery.github.io/lessons/tag/exercise-tags-add.md
2026-07-07T12:50:43.070Z - [36mverbose[39m: Rendering page: /Users/damithch/Repos/git-mastery/git-mastery.github.io/lessons/stage/exercise-stage-fright.md
2026-07-07T12:50:43.072Z - [36mverbose[39m: Rendering page: /Users/damithch/Repos/git-mastery/git-mastery.github.io/lessons/setRemote/exercise-link-me.md
2026-07-07T12:50:43.073Z - [36mverbose[39m: Rendering page: /Users/damithch/Repos/git-mastery/git-mastery.github.io/lessons/show/exercise-view-commits.md
2026-07-07T12:50:43.084Z - [36mverbose[39m: Rendering page: /Users/damithch/Repos/git-mastery/git-mastery.github.io/lessons/revert/exercise-sensors-revert.md
2026-07-07T12:50:43.112Z - [36mverbose[39m: Rendering page: /Users/damithch/Repos/git-mastery/git-mastery.github.io/lessons/reset/exercise-sensors-reset.md
2026-07-07T12:50:43.114Z - [36mverbose[39m: Rendering page: /Users/damithch/Repos/git-mastery/git-mastery.github.io/lessons/remoteBranchRename/exercise-remote-branch-rename.md
2026-07-07T12:50:43.116Z - [36mverbose[39m: Rendering page: /Users/damithch/Repos/git-mastery/git-mastery.github.io/lessons/remoteBranchRename/exercise-glossary-branch-rename.md
2026-07-07T12:50:43.130Z - [36mverbose[39m: Rendering page: /Users/damithch/Repos/git-mastery/git-mastery.github.io/lessons/remoteBranchPush/exercise-glossary-branch-push.md
2026-07-07T12:50:43.148Z - [36mverbose[39m: Rendering page: /Users/damithch/Repos/git-mastery/git-mastery.github.io/lessons/remoteBranchPull/exercise-glossary-branch-pull.md
2026-07-07T12:50:43.151Z - [36mverbose[39m: Rendering page: /Users/damithch/Repos/git-mastery/git-mastery.github.io/lessons/remoteBranchDelete/exercise-glossary-branch-delete.md
2026-07-07T12:50:43.162Z - [36mverbose[39m: Rendering page: /Users/damithch/Repos/git-mastery/git-mastery.github.io/lessons/push/exercise-push-over.md
2026-07-07T12:50:43.175Z - [36mverbose[39m: Rendering page: /Users/damithch/Repos/git-mastery/git-mastery.github.io/lessons/pull/exercise-fetch-and-pull.md
2026-07-07T12:50:43.206Z - [36mverbose[39m: Rendering page: /Users/damithch/Repos/git-mastery/git-mastery.github.io/lessons/prsCreate/exercise-create-pr-from-main.md
2026-07-07T12:50:43.209Z - [36mverbose[39m: Rendering page: /Users/damithch/Repos/git-mastery/git-mastery.github.io/lessons/mergeConflicts/exercise-conflict-mediator.md
2026-07-07T12:50:43.211Z - [36mverbose[39m: Rendering page: /Users/damithch/Repos/git-mastery/git-mastery.github.io/lessons/merge/exercise-merge-undo.md
2026-07-07T12:50:43.221Z - [36mverbose[39m: Rendering page: /Users/damithch/Repos/git-mastery/git-mastery.github.io/lessons/merge/exercise-merge-squash.md
2026-07-07T12:50:43.243Z - [36mverbose[39m: Rendering page: /Users/damithch/Repos/git-mastery/git-mastery.github.io/lessons/merge/exercise-branch-compare.md
2026-07-07T12:50:43.244Z - [36mverbose[39m: Rendering page: /Users/damithch/Repos/git-mastery/git-mastery.github.io/lessons/merge/exercise-ff-undo.md
2026-07-07T12:50:43.246Z - [36mverbose[39m: Rendering page: /Users/damithch/Repos/git-mastery/git-mastery.github.io/lessons/merge/exercise-branch-forward.md
2026-07-07T12:50:43.248Z - [36mverbose[39m: Rendering page: /Users/damithch/Repos/git-mastery/git-mastery.github.io/lessons/merge/exercise-branch-bender.md
2026-07-07T12:50:43.271Z - [36mverbose[39m: Rendering page: /Users/damithch/Repos/git-mastery/git-mastery.github.io/lessons/log/exercise-log-and-order.md
2026-07-07T12:50:43.279Z - [36mverbose[39m: Rendering page: /Users/damithch/Repos/git-mastery/git-mastery.github.io/lessons/init/exercise-undo-init.md
2026-07-07T12:50:43.281Z - [36mverbose[39m: Rendering page: /Users/damithch/Repos/git-mastery/git-mastery.github.io/lessons/init/exercise-under-control.md
2026-07-07T12:50:43.289Z - [36mverbose[39m: Rendering page: /Users/damithch/Repos/git-mastery/git-mastery.github.io/lessons/ignore/exercise-ignoring-somethings.md
2026-07-07T12:50:43.312Z - [36mverbose[39m: Rendering page: /Users/damithch/Repos/git-mastery/git-mastery.github.io/lessons/fork/exercise-fork-repo.md
2026-07-07T12:50:43.314Z - [36mverbose[39m: Rendering page: /Users/damithch/Repos/git-mastery/git-mastery.github.io/lessons/createRemoteRepo/exercise-remote-control.md
2026-07-07T12:50:43.315Z - [36mverbose[39m: Rendering page: /Users/damithch/Repos/git-mastery/git-mastery.github.io/lessons/diff/exercise-sensors-diff.md
2026-07-07T12:50:43.324Z - [36mverbose[39m: Rendering page: /Users/damithch/Repos/git-mastery/git-mastery.github.io/lessons/commit/exercise-staging-intervention.md
2026-07-07T12:50:43.342Z - [36mverbose[39m: Rendering page: /Users/damithch/Repos/git-mastery/git-mastery.github.io/lessons/clone/exercise-clone-repo.md
2026-07-07T12:50:43.344Z - [36mverbose[39m: Rendering page: /Users/damithch/Repos/git-mastery/git-mastery.github.io/lessons/checkout/exercise-sensors-checkout.md
2026-07-07T12:50:43.346Z - [36mverbose[39m: Rendering page: /Users/damithch/Repos/git-mastery/git-mastery.github.io/lessons/commit/exercise-grocery-shopping.md
2026-07-07T12:50:43.384Z - [36mverbose[39m: Rendering page: /Users/damithch/Repos/git-mastery/git-mastery.github.io/lessons/branchRename/exercise-branch-rename.md
2026-07-07T12:50:43.388Z - [36mverbose[39m: Rendering page: /Users/damithch/Repos/git-mastery/git-mastery.github.io/lessons/branchDelete/exercise-mix-messy-graph.md
2026-07-07T12:50:43.391Z - [36mverbose[39m: Rendering page: /Users/damithch/Repos/git-mastery/git-mastery.github.io/lessons/branchDelete/exercise-branch-delete.md
2026-07-07T12:50:43.406Z - [36mverbose[39m: Rendering page: /Users/damithch/Repos/git-mastery/git-mastery.github.io/lessons/branchDelete/exercise-mix-messy-docs.md
2026-07-07T12:50:43.473Z - [36mverbose[39m: Rendering page: /Users/damithch/Repos/git-mastery/git-mastery.github.io/lessons/branch/exercise-side-track.md
2026-07-07T12:50:43.476Z - [36mverbose[39m: Rendering page: /Users/damithch/Repos/git-mastery/git-mastery.github.io/lessons/branch/exercise-branch-previous.md
2026-07-07T12:50:43.481Z - [36mverbose[39m: Rendering page: /Users/damithch/Repos/git-mastery/git-mastery.github.io/versions/cs2103/index.md
2026-07-07T12:50:43.649Z - [36mverbose[39m: Rendering page: /Users/damithch/Repos/git-mastery/git-mastery.github.io/lessons/worktrees/index.md
2026-07-07T12:50:43.816Z - [36mverbose[39m: Rendering page: /Users/damithch/Repos/git-mastery/git-mastery.github.io/lessons/workflows/index.md
2026-07-07T12:50:44.446Z - [36mverbose[39m: Rendering page: /Users/damithch/Repos/git-mastery/git-mastery.github.io/lessons/trail/workingWithRemotes/index.md
2026-07-07T12:50:44.479Z - [36mverbose[39m: Rendering page: /Users/damithch/Repos/git-mastery/git-mastery.github.io/lessons/trail/workingWithPrs/index.md
2026-07-07T12:50:44.701Z - [36mverbose[39m: Rendering page: /Users/damithch/Repos/git-mastery/git-mastery.github.io/lessons/trail/usingRevisionHistory/index.md
2026-07-07T12:50:45.196Z - [36mverbose[39m: Rendering page: /Users/damithch/Repos/git-mastery/git-mastery.github.io/lessons/trail/syncingBranches/index.md
2026-07-07T12:50:45.257Z - [36mverbose[39m: Rendering page: /Users/damithch/Repos/git-mastery/git-mastery.github.io/lessons/trail/remoteBranches/index.md
2026-07-07T12:50:45.276Z - [36mverbose[39m: Rendering page: /Users/damithch/Repos/git-mastery/git-mastery.github.io/lessons/trail/recordingFolderHistory/index.md
2026-07-07T12:50:45.629Z - [36mverbose[39m: Rendering page: /Users/damithch/Repos/git-mastery/git-mastery.github.io/lessons/trail/managingProjects/index.md
2026-07-07T12:50:46.055Z - [36mverbose[39m: Rendering page: /Users/damithch/Repos/git-mastery/git-mastery.github.io/lessons/trail/index.md
2026-07-07T12:50:46.310Z - [36mverbose[39m: Rendering page: /Users/damithch/Repos/git-mastery/git-mastery.github.io/lessons/trail/fineTuningHistory/index.md
2026-07-07T12:50:46.335Z - [36mverbose[39m: Rendering page: /Users/damithch/Repos/git-mastery/git-mastery.github.io/lessons/trail/branchingLocally/index.md
2026-07-07T12:50:46.388Z - [36mverbose[39m: Rendering page: /Users/damithch/Repos/git-mastery/git-mastery.github.io/lessons/trail/backingUpOnCloud/index.md
2026-07-07T12:50:46.496Z - [36mverbose[39m: Rendering page: /Users/damithch/Repos/git-mastery/git-mastery.github.io/lessons/template/index.md
2026-07-07T12:50:46.518Z - [36mverbose[39m: Rendering page: /Users/damithch/Repos/git-mastery/git-mastery.github.io/lessons/tag/index.md
2026-07-07T12:50:46.637Z - [36mverbose[39m: Rendering page: /Users/damithch/Repos/git-mastery/git-mastery.github.io/lessons/syncByRebase/index.md
2026-07-07T12:50:46.694Z - [36mverbose[39m: Rendering page: /Users/damithch/Repos/git-mastery/git-mastery.github.io/lessons/syncByMerge/index.md
2026-07-07T12:50:46.698Z - [36mverbose[39m: Rendering page: /Users/damithch/Repos/git-mastery/git-mastery.github.io/lessons/stage/index.md
2026-07-07T12:50:46.755Z - [36mverbose[39m: Rendering page: /Users/damithch/Repos/git-mastery/git-mastery.github.io/lessons/show/index.md
2026-07-07T12:50:46.820Z - [36mverbose[39m: Rendering page: /Users/damithch/Repos/git-mastery/git-mastery.github.io/lessons/setRemote/index.md
2026-07-07T12:50:46.911Z - [36mverbose[39m: Rendering page: /Users/damithch/Repos/git-mastery/git-mastery.github.io/lessons/selectiveStage/index.md
2026-07-07T12:50:46.916Z - [36mverbose[39m: Rendering page: /Users/damithch/Repos/git-mastery/git-mastery.github.io/lessons/revert/index.md
2026-07-07T12:50:46.932Z - [36mverbose[39m: Rendering page: /Users/damithch/Repos/git-mastery/git-mastery.github.io/lessons/reset/index.md
2026-07-07T12:50:47.037Z - [36mverbose[39m: Rendering page: /Users/damithch/Repos/git-mastery/git-mastery.github.io/lessons/remoteBranchRename/index.md
2026-07-07T12:50:47.042Z - [36mverbose[39m: Rendering page: /Users/damithch/Repos/git-mastery/git-mastery.github.io/lessons/remoteRepos/index.md
2026-07-07T12:50:47.046Z - [36mverbose[39m: Rendering page: /Users/damithch/Repos/git-mastery/git-mastery.github.io/lessons/remoteBranchPush/index.md
2026-07-07T12:50:47.052Z - [36mverbose[39m: Rendering page: /Users/damithch/Repos/git-mastery/git-mastery.github.io/lessons/remoteBranchPull/index.md
2026-07-07T12:50:47.270Z - [36mverbose[39m: Rendering page: /Users/damithch/Repos/git-mastery/git-mastery.github.io/lessons/remoteBranchDelete/index.md
2026-07-07T12:50:47.306Z - [36mverbose[39m: Rendering page: /Users/damithch/Repos/git-mastery/git-mastery.github.io/lessons/push/index.md
2026-07-07T12:50:47.317Z - [36mverbose[39m: Rendering page: /Users/damithch/Repos/git-mastery/git-mastery.github.io/lessons/pull/index.md
2026-07-07T12:50:47.372Z - [36mverbose[39m: Rendering page: /Users/damithch/Repos/git-mastery/git-mastery.github.io/lessons/prsReview/index.md
2026-07-07T12:50:47.467Z - [36mverbose[39m: Rendering page: /Users/damithch/Repos/git-mastery/git-mastery.github.io/lessons/prsMerge/index.md
2026-07-07T12:50:47.510Z - [36mverbose[39m: Rendering page: /Users/damithch/Repos/git-mastery/git-mastery.github.io/lessons/prsCreate/index.md
2026-07-07T12:50:47.689Z - [36mverbose[39m: Rendering page: /Users/damithch/Repos/git-mastery/git-mastery.github.io/lessons/otherPmFeatures/index.md
2026-07-07T12:50:47.693Z - [36mverbose[39m: Rendering page: /Users/damithch/Repos/git-mastery/git-mastery.github.io/lessons/mergeConflicts/index.md
2026-07-07T12:50:47.713Z - [36mverbose[39m: Rendering page: /Users/damithch/Repos/git-mastery/git-mastery.github.io/lessons/log/index.md
2026-07-07T12:50:47.724Z - [36mverbose[39m: Rendering page: /Users/damithch/Repos/git-mastery/git-mastery.github.io/lessons/merge/index.md
2026-07-07T12:50:47.827Z - [36mverbose[39m: Rendering page: /Users/damithch/Repos/git-mastery/git-mastery.github.io/lessons/intro/index.md
2026-07-07T12:50:48.014Z - [36mverbose[39m: Rendering page: /Users/damithch/Repos/git-mastery/git-mastery.github.io/lessons/interactiveRebase/index.md
2026-07-07T12:50:48.104Z - [36mverbose[39m: Rendering page: /Users/damithch/Repos/git-mastery/git-mastery.github.io/lessons/init/index.md
2026-07-07T12:50:48.112Z - [36mverbose[39m: Rendering page: /Users/damithch/Repos/git-mastery/git-mastery.github.io/lessons/index.md
2026-07-07T12:50:48.120Z - [36mverbose[39m: Rendering page: /Users/damithch/Repos/git-mastery/git-mastery.github.io/lessons/ignore/index.md
2026-07-07T12:50:48.196Z - [36mverbose[39m: Rendering page: /Users/damithch/Repos/git-mastery/git-mastery.github.io/lessons/githubPrep/index.md
2026-07-07T12:50:48.289Z - [36mverbose[39m: Rendering page: /Users/damithch/Repos/git-mastery/git-mastery.github.io/lessons/forkingWorkflow/index.md
2026-07-07T12:50:48.293Z - [36mverbose[39m: Rendering page: /Users/damithch/Repos/git-mastery/git-mastery.github.io/lessons/gitPrep/index.md
2026-07-07T12:50:48.308Z - [36mverbose[39m: Rendering page: /Users/damithch/Repos/git-mastery/git-mastery.github.io/lessons/fork/index.md
2026-07-07T12:50:48.312Z - [36mverbose[39m: Rendering page: /Users/damithch/Repos/git-mastery/git-mastery.github.io/lessons/diff/index.md
2026-07-07T12:50:48.431Z - [36mverbose[39m: Rendering page: /Users/damithch/Repos/git-mastery/git-mastery.github.io/lessons/createRemoteRepo/index.md
2026-07-07T12:50:48.435Z - [36mverbose[39m: Rendering page: /Users/damithch/Repos/git-mastery/git-mastery.github.io/lessons/commitMessage/index.md
2026-07-07T12:50:48.464Z - [36mverbose[39m: Rendering page: /Users/damithch/Repos/git-mastery/git-mastery.github.io/lessons/commit/index.md
2026-07-07T12:50:48.544Z - [36mverbose[39m: Rendering page: /Users/damithch/Repos/git-mastery/git-mastery.github.io/lessons/clone/index.md
2026-07-07T12:50:48.578Z - [36mverbose[39m: Rendering page: /Users/damithch/Repos/git-mastery/git-mastery.github.io/lessons/cherryPick/index.md
2026-07-07T12:50:48.582Z - [36mverbose[39m: Rendering page: /Users/damithch/Repos/git-mastery/git-mastery.github.io/lessons/checkout/index.md
2026-07-07T12:50:48.728Z - [36mverbose[39m: Rendering page: /Users/damithch/Repos/git-mastery/git-mastery.github.io/lessons/branchRename/index.md
2026-07-07T12:50:48.744Z - [36mverbose[39m: Rendering page: /Users/damithch/Repos/git-mastery/git-mastery.github.io/lessons/branchDelete/index.md
2026-07-07T12:50:48.755Z - [36mverbose[39m: Rendering page: /Users/damithch/Repos/git-mastery/git-mastery.github.io/lessons/branch/index.md
2026-07-07T12:50:48.766Z - [36mverbose[39m: Rendering page: /Users/damithch/Repos/git-mastery/git-mastery.github.io/index.md
2026-07-07T12:50:48.773Z - [32minfo[39m: Pages built
2026-07-07T12:50:48.854Z - [32minfo[39m: Site data built
2026-07-07T12:50:48.854Z - [32minfo[39m: Website generation complete! Total build time: 9.947s
2026-07-07T12:50:48.854Z - [32minfo[39m: Build success!
2026-07-07T14:08:02.045Z - [32minfo[39m: Website generation started at 22:08:01
2026-07-07T14:08:02.209Z - [32minfo[39m: Building assets...
2026-07-07T14:08:02.358Z - [32minfo[39m: Assets built
2026-07-07T14:08:02.360Z - [32minfo[39m: Generating pages...
2026-07-07T14:08:02.900Z - [36mverbose[39m: Rendering page: /Users/damithch/Repos/git-mastery/git-mastery.github.io/about/index.md
2026-07-07T14:08:02.912Z - [36mverbose[39m: Rendering page: /Users/damithch/Repos/git-mastery/git-mastery.github.io/companion-app/index.md
2026-07-07T14:08:02.931Z - [36mverbose[39m: Rendering page: /Users/damithch/Repos/git-mastery/git-mastery.github.io/exercises-directory/index.md
2026-07-07T14:08:02.963Z - [36mverbose[39m: Rendering page: /Users/damithch/Repos/git-mastery/git-mastery.github.io/faq/index.md
2026-07-07T14:08:07.095Z - [36mverbose[39m: Rendering page: /Users/damithch/Repos/git-mastery/git-mastery.github.io/versions/cs2103/insertions.md
2026-07-07T14:08:07.101Z - [36mverbose[39m: Rendering page: /Users/damithch/Repos/git-mastery/git-mastery.github.io/lessons/trail/all.md
2026-07-07T14:08:07.371Z - [36mverbose[39m: Rendering page: /Users/damithch/Repos/git-mastery/git-mastery.github.io/lessons/tag/exercise-tags-update.md
2026-07-07T14:08:07.373Z - [36mverbose[39m: Rendering page: /Users/damithch/Repos/git-mastery/git-mastery.github.io/lessons/tag/exercise-tags-push.md
2026-07-07T14:08:07.402Z - [36mverbose[39m: Rendering page: /Users/damithch/Repos/git-mastery/git-mastery.github.io/lessons/tag/exercise-tags-add.md
2026-07-07T14:08:07.406Z - [36mverbose[39m: Rendering page: /Users/damithch/Repos/git-mastery/git-mastery.github.io/lessons/stage/exercise-stage-fright.md
2026-07-07T14:08:07.407Z - [36mverbose[39m: Rendering page: /Users/damithch/Repos/git-mastery/git-mastery.github.io/lessons/show/exercise-view-commits.md
2026-07-07T14:08:07.409Z - [36mverbose[39m: Rendering page: /Users/damithch/Repos/git-mastery/git-mastery.github.io/lessons/setRemote/exercise-link-me.md
2026-07-07T14:08:07.447Z - [36mverbose[39m: Rendering page: /Users/damithch/Repos/git-mastery/git-mastery.github.io/lessons/reset/exercise-sensors-reset.md
2026-07-07T14:08:07.449Z - [36mverbose[39m: Rendering page: /Users/damithch/Repos/git-mastery/git-mastery.github.io/lessons/revert/exercise-sensors-revert.md
2026-07-07T14:08:07.452Z - [36mverbose[39m: Rendering page: /Users/damithch/Repos/git-mastery/git-mastery.github.io/lessons/remoteBranchRename/exercise-glossary-branch-rename.md
2026-07-07T14:08:07.455Z - [36mverbose[39m: Rendering page: /Users/damithch/Repos/git-mastery/git-mastery.github.io/lessons/remoteBranchRename/exercise-remote-branch-rename.md
2026-07-07T14:08:07.494Z - [36mverbose[39m: Rendering page: /Users/damithch/Repos/git-mastery/git-mastery.github.io/lessons/remoteBranchPush/exercise-glossary-branch-push.md
2026-07-07T14:08:07.496Z - [36mverbose[39m: Rendering page: /Users/damithch/Repos/git-mastery/git-mastery.github.io/lessons/remoteBranchPull/exercise-glossary-branch-pull.md
2026-07-07T14:08:07.498Z - [36mverbose[39m: Rendering page: /Users/damithch/Repos/git-mastery/git-mastery.github.io/lessons/push/exercise-push-over.md
2026-07-07T14:08:07.500Z - [36mverbose[39m: Rendering page: /Users/damithch/Repos/git-mastery/git-mastery.github.io/lessons/remoteBranchDelete/exercise-glossary-branch-delete.md
2026-07-07T14:08:07.535Z - [36mverbose[39m: Rendering page: /Users/damithch/Repos/git-mastery/git-mastery.github.io/lessons/pull/exercise-fetch-and-pull.md
2026-07-07T14:08:07.537Z - [36mverbose[39m: Rendering page: /Users/damithch/Repos/git-mastery/git-mastery.github.io/lessons/prsCreate/exercise-create-pr-from-main.md
2026-07-07T14:08:07.539Z - [36mverbose[39m: Rendering page: /Users/damithch/Repos/git-mastery/git-mastery.github.io/lessons/merge/exercise-merge-undo.md
2026-07-07T14:08:07.541Z - [36mverbose[39m: Rendering page: /Users/damithch/Repos/git-mastery/git-mastery.github.io/lessons/mergeConflicts/exercise-conflict-mediator.md
2026-07-07T14:08:07.569Z - [36mverbose[39m: Rendering page: /Users/damithch/Repos/git-mastery/git-mastery.github.io/lessons/merge/exercise-merge-squash.md
2026-07-07T14:08:07.571Z - [36mverbose[39m: Rendering page: /Users/damithch/Repos/git-mastery/git-mastery.github.io/lessons/merge/exercise-ff-undo.md
2026-07-07T14:08:07.573Z - [36mverbose[39m: Rendering page: /Users/damithch/Repos/git-mastery/git-mastery.github.io/lessons/merge/exercise-branch-forward.md
2026-07-07T14:08:07.574Z - [36mverbose[39m: Rendering page: /Users/damithch/Repos/git-mastery/git-mastery.github.io/lessons/merge/exercise-branch-compare.md
2026-07-07T14:08:07.601Z - [36mverbose[39m: Rendering page: /Users/damithch/Repos/git-mastery/git-mastery.github.io/lessons/merge/exercise-branch-bender.md
2026-07-07T14:08:07.603Z - [36mverbose[39m: Rendering page: /Users/damithch/Repos/git-mastery/git-mastery.github.io/lessons/log/exercise-log-and-order.md
2026-07-07T14:08:07.605Z - [36mverbose[39m: Rendering page: /Users/damithch/Repos/git-mastery/git-mastery.github.io/lessons/init/exercise-undo-init.md
2026-07-07T14:08:07.606Z - [36mverbose[39m: Rendering page: /Users/damithch/Repos/git-mastery/git-mastery.github.io/lessons/init/exercise-under-control.md
2026-07-07T14:08:07.636Z - [36mverbose[39m: Rendering page: /Users/damithch/Repos/git-mastery/git-mastery.github.io/lessons/ignore/exercise-ignoring-somethings.md
2026-07-07T14:08:07.638Z - [36mverbose[39m: Rendering page: /Users/damithch/Repos/git-mastery/git-mastery.github.io/lessons/fork/exercise-fork-repo.md
2026-07-07T14:08:07.640Z - [36mverbose[39m: Rendering page: /Users/damithch/Repos/git-mastery/git-mastery.github.io/lessons/diff/exercise-sensors-diff.md
2026-07-07T14:08:07.641Z - [36mverbose[39m: Rendering page: /Users/damithch/Repos/git-mastery/git-mastery.github.io/lessons/createRemoteRepo/exercise-remote-control.md
2026-07-07T14:08:07.671Z - [36mverbose[39m: Rendering page: /Users/damithch/Repos/git-mastery/git-mastery.github.io/lessons/commit/exercise-grocery-shopping.md
2026-07-07T14:08:07.672Z - [36mverbose[39m: Rendering page: /Users/damithch/Repos/git-mastery/git-mastery.github.io/lessons/clone/exercise-clone-repo.md
2026-07-07T14:08:07.674Z - [36mverbose[39m: Rendering page: /Users/damithch/Repos/git-mastery/git-mastery.github.io/lessons/commit/exercise-staging-intervention.md
2026-07-07T14:08:07.704Z - [36mverbose[39m: Rendering page: /Users/damithch/Repos/git-mastery/git-mastery.github.io/lessons/checkout/exercise-sensors-checkout.md
2026-07-07T14:08:07.709Z - [36mverbose[39m: Rendering page: /Users/damithch/Repos/git-mastery/git-mastery.github.io/lessons/branchRename/exercise-branch-rename.md
2026-07-07T14:08:07.717Z - [36mverbose[39m: Rendering page: /Users/damithch/Repos/git-mastery/git-mastery.github.io/lessons/branchDelete/exercise-mix-messy-docs.md
2026-07-07T14:08:07.720Z - [36mverbose[39m: Rendering page: /Users/damithch/Repos/git-mastery/git-mastery.github.io/lessons/branchDelete/exercise-mix-messy-graph.md
2026-07-07T14:08:07.735Z - [36mverbose[39m: Rendering page: /Users/damithch/Repos/git-mastery/git-mastery.github.io/lessons/branchDelete/exercise-branch-delete.md
2026-07-07T14:08:07.795Z - [36mverbose[39m: Rendering page: /Users/damithch/Repos/git-mastery/git-mastery.github.io/lessons/branch/exercise-side-track.md
2026-07-07T14:08:07.798Z - [36mverbose[39m: Rendering page: /Users/damithch/Repos/git-mastery/git-mastery.github.io/versions/cs2103/index.md
2026-07-07T14:08:07.801Z - [36mverbose[39m: Rendering page: /Users/damithch/Repos/git-mastery/git-mastery.github.io/lessons/branch/exercise-branch-previous.md
2026-07-07T14:08:08.087Z - [36mverbose[39m: Rendering page: /Users/damithch/Repos/git-mastery/git-mastery.github.io/lessons/worktrees/index.md
2026-07-07T14:08:08.097Z - [36mverbose[39m: Rendering page: /Users/damithch/Repos/git-mastery/git-mastery.github.io/lessons/workflows/index.md
2026-07-07T14:08:08.463Z - [36mverbose[39m: Rendering page: /Users/damithch/Repos/git-mastery/git-mastery.github.io/lessons/trail/workingWithRemotes/index.md
2026-07-07T14:08:08.480Z - [36mverbose[39m: Rendering page: /Users/damithch/Repos/git-mastery/git-mastery.github.io/lessons/trail/workingWithPrs/index.md
2026-07-07T14:08:09.013Z - [36mverbose[39m: Rendering page: /Users/damithch/Repos/git-mastery/git-mastery.github.io/lessons/trail/usingRevisionHistory/index.md
2026-07-07T14:08:09.062Z - [36mverbose[39m: Rendering page: /Users/damithch/Repos/git-mastery/git-mastery.github.io/lessons/trail/syncingBranches/index.md
2026-07-07T14:08:09.128Z - [36mverbose[39m: Rendering page: /Users/damithch/Repos/git-mastery/git-mastery.github.io/lessons/trail/recordingFolderHistory/index.md
2026-07-07T14:08:09.177Z - [36mverbose[39m: Rendering page: /Users/damithch/Repos/git-mastery/git-mastery.github.io/lessons/trail/remoteBranches/index.md
2026-07-07T14:08:09.351Z - [36mverbose[39m: Rendering page: /Users/damithch/Repos/git-mastery/git-mastery.github.io/lessons/trail/managingProjects/index.md
2026-07-07T14:08:09.811Z - [36mverbose[39m: Rendering page: /Users/damithch/Repos/git-mastery/git-mastery.github.io/lessons/trail/index.md
2026-07-07T14:08:10.135Z - [36mverbose[39m: Rendering page: /Users/damithch/Repos/git-mastery/git-mastery.github.io/lessons/trail/fineTuningHistory/index.md
2026-07-07T14:08:10.148Z - [36mverbose[39m: Rendering page: /Users/damithch/Repos/git-mastery/git-mastery.github.io/lessons/trail/branchingLocally/index.md
2026-07-07T14:08:10.190Z - [36mverbose[39m: Rendering page: /Users/damithch/Repos/git-mastery/git-mastery.github.io/lessons/trail/backingUpOnCloud/index.md
2026-07-07T14:08:10.286Z - [36mverbose[39m: Rendering page: /Users/damithch/Repos/git-mastery/git-mastery.github.io/lessons/template/index.md
2026-07-07T14:08:10.300Z - [36mverbose[39m: Rendering page: /Users/damithch/Repos/git-mastery/git-mastery.github.io/lessons/tag/index.md
2026-07-07T14:08:10.402Z - [36mverbose[39m: Rendering page: /Users/damithch/Repos/git-mastery/git-mastery.github.io/lessons/syncByRebase/index.md
2026-07-07T14:08:10.456Z - [36mverbose[39m: Rendering page: /Users/damithch/Repos/git-mastery/git-mastery.github.io/lessons/syncByMerge/index.md
2026-07-07T14:08:10.459Z - [36mverbose[39m: Rendering page: /Users/damithch/Repos/git-mastery/git-mastery.github.io/lessons/stage/index.md
2026-07-07T14:08:10.513Z - [36mverbose[39m: Rendering page: /Users/damithch/Repos/git-mastery/git-mastery.github.io/lessons/show/index.md
2026-07-07T14:08:10.647Z - [36mverbose[39m: Rendering page: /Users/damithch/Repos/git-mastery/git-mastery.github.io/lessons/setRemote/index.md
2026-07-07T14:08:10.657Z - [36mverbose[39m: Rendering page: /Users/damithch/Repos/git-mastery/git-mastery.github.io/lessons/selectiveStage/index.md
2026-07-07T14:08:10.660Z - [36mverbose[39m: Rendering page: /Users/damithch/Repos/git-mastery/git-mastery.github.io/lessons/revert/index.md
2026-07-07T14:08:10.676Z - [36mverbose[39m: Rendering page: /Users/damithch/Repos/git-mastery/git-mastery.github.io/lessons/reset/index.md
2026-07-07T14:08:10.783Z - [36mverbose[39m: Rendering page: /Users/damithch/Repos/git-mastery/git-mastery.github.io/lessons/remoteRepos/index.md
2026-07-07T14:08:10.787Z - [36mverbose[39m: Rendering page: /Users/damithch/Repos/git-mastery/git-mastery.github.io/lessons/remoteBranchRename/index.md
2026-07-07T14:08:10.792Z - [36mverbose[39m: Rendering page: /Users/damithch/Repos/git-mastery/git-mastery.github.io/lessons/remoteBranchPush/index.md
2026-07-07T14:08:10.820Z - [36mverbose[39m: Rendering page: /Users/damithch/Repos/git-mastery/git-mastery.github.io/lessons/remoteBranchPull/index.md
2026-07-07T14:08:11.007Z - [36mverbose[39m: Rendering page: /Users/damithch/Repos/git-mastery/git-mastery.github.io/lessons/remoteBranchDelete/index.md
2026-07-07T14:08:11.012Z - [36mverbose[39m: Rendering page: /Users/damithch/Repos/git-mastery/git-mastery.github.io/lessons/push/index.md
2026-07-07T14:08:11.061Z - [36mverbose[39m: Rendering page: /Users/damithch/Repos/git-mastery/git-mastery.github.io/lessons/prsReview/index.md
2026-07-07T14:08:11.065Z - [36mverbose[39m: Rendering page: /Users/damithch/Repos/git-mastery/git-mastery.github.io/lessons/pull/index.md
2026-07-07T14:08:11.177Z - [36mverbose[39m: Rendering page: /Users/damithch/Repos/git-mastery/git-mastery.github.io/lessons/prsMerge/index.md
2026-07-07T14:08:11.217Z - [36mverbose[39m: Rendering page: /Users/damithch/Repos/git-mastery/git-mastery.github.io/lessons/otherPmFeatures/index.md
2026-07-07T14:08:11.220Z - [36mverbose[39m: Rendering page: /Users/damithch/Repos/git-mastery/git-mastery.github.io/lessons/prsCreate/index.md
2026-07-07T14:08:11.229Z - [36mverbose[39m: Rendering page: /Users/damithch/Repos/git-mastery/git-mastery.github.io/lessons/mergeConflicts/index.md
2026-07-07T14:08:11.425Z - [36mverbose[39m: Rendering page: /Users/damithch/Repos/git-mastery/git-mastery.github.io/lessons/merge/index.md
2026-07-07T14:08:11.439Z - [36mverbose[39m: Rendering page: /Users/damithch/Repos/git-mastery/git-mastery.github.io/lessons/log/index.md
2026-07-07T14:08:11.451Z - [36mverbose[39m: Rendering page: /Users/damithch/Repos/git-mastery/git-mastery.github.io/lessons/intro/index.md
2026-07-07T14:08:11.454Z - [36mverbose[39m: Rendering page: /Users/damithch/Repos/git-mastery/git-mastery.github.io/lessons/interactiveRebase/index.md
2026-07-07T14:08:11.735Z - [36mverbose[39m: Rendering page: /Users/damithch/Repos/git-mastery/git-mastery.github.io/lessons/init/index.md
2026-07-07T14:08:11.746Z - [36mverbose[39m: Rendering page: /Users/damithch/Repos/git-mastery/git-mastery.github.io/lessons/githubPrep/index.md
2026-07-07T14:08:11.752Z - [36mverbose[39m: Rendering page: /Users/damithch/Repos/git-mastery/git-mastery.github.io/lessons/ignore/index.md
2026-07-07T14:08:11.760Z - [36mverbose[39m: Rendering page: /Users/damithch/Repos/git-mastery/git-mastery.github.io/lessons/index.md
2026-07-07T14:08:11.909Z - [36mverbose[39m: Rendering page: /Users/damithch/Repos/git-mastery/git-mastery.github.io/lessons/gitPrep/index.md
2026-07-07T14:08:11.921Z - [36mverbose[39m: Rendering page: /Users/damithch/Repos/git-mastery/git-mastery.github.io/lessons/forkingWorkflow/index.md
2026-07-07T14:08:11.925Z - [36mverbose[39m: Rendering page: /Users/damithch/Repos/git-mastery/git-mastery.github.io/lessons/diff/index.md
2026-07-07T14:08:11.934Z - [36mverbose[39m: Rendering page: /Users/damithch/Repos/git-mastery/git-mastery.github.io/lessons/fork/index.md
2026-07-07T14:08:12.064Z - [36mverbose[39m: Rendering page: /Users/damithch/Repos/git-mastery/git-mastery.github.io/lessons/createRemoteRepo/index.md
2026-07-07T14:08:12.069Z - [36mverbose[39m: Rendering page: /Users/damithch/Repos/git-mastery/git-mastery.github.io/lessons/commitMessage/index.md
2026-07-07T14:08:12.074Z - [36mverbose[39m: Rendering page: /Users/damithch/Repos/git-mastery/git-mastery.github.io/lessons/clone/index.md
2026-07-07T14:08:12.078Z - [36mverbose[39m: Rendering page: /Users/damithch/Repos/git-mastery/git-mastery.github.io/lessons/commit/index.md
2026-07-07T14:08:12.232Z - [36mverbose[39m: Rendering page: /Users/damithch/Repos/git-mastery/git-mastery.github.io/lessons/checkout/index.md
2026-07-07T14:08:12.240Z - [36mverbose[39m: Rendering page: /Users/damithch/Repos/git-mastery/git-mastery.github.io/lessons/cherryPick/index.md
2026-07-07T14:08:12.244Z - [36mverbose[39m: Rendering page: /Users/damithch/Repos/git-mastery/git-mastery.github.io/lessons/branchRename/index.md
2026-07-07T14:08:12.248Z - [36mverbose[39m: Rendering page: /Users/damithch/Repos/git-mastery/git-mastery.github.io/lessons/branchDelete/index.md
2026-07-07T14:08:12.346Z - [36mverbose[39m: Rendering page: /Users/damithch/Repos/git-mastery/git-mastery.github.io/index.md
2026-07-07T14:08:12.348Z - [36mverbose[39m: Rendering page: /Users/damithch/Repos/git-mastery/git-mastery.github.io/lessons/branch/index.md
2026-07-07T14:08:12.366Z - [32minfo[39m: Pages built
2026-07-07T14:08:12.438Z - [32minfo[39m: Site data built
2026-07-07T14:08:12.438Z - [32minfo[39m: Website generation complete! Total build time: 10.527s
2026-07-07T14:08:12.438Z - [32minfo[39m: Build success!
2026-07-07T14:10:51.631Z - [32minfo[39m: Website generation (lazy) started at 22:10:51
2026-07-07T14:10:51.725Z - [32minfo[39m: Building assets...
2026-07-07T14:10:51.840Z - [32minfo[39m: Assets built
2026-07-07T14:10:51.842Z - [32minfo[39m: Generating landing page...
2026-07-07T14:10:51.929Z - [36mverbose[39m: Rendering page: /Users/damithch/Repos/git-mastery/git-mastery.github.io/index.md
2026-07-07T14:10:51.951Z - [32minfo[39m: Landing page built, other pages will be built as you navigate to them!
2026-07-07T14:10:52.035Z - [32minfo[39m: Site data built
2026-07-07T14:10:52.035Z - [32minfo[39m: Website generation (lazy) complete! Total build time: 0.521s
2026-07-07T14:10:52.052Z - [32minfo[39m: Serving "/Users/damithch/Repos/git-mastery/git-mastery.github.io/_site" at http://127.0.0.1:8080
2026-07-07T14:10:52.052Z - [32minfo[39m: Press CTRL+C to stop ...
2026-07-07T14:10:54.436Z - [32minfo[39m: Building /Users/damithch/Repos/git-mastery/git-mastery.github.io/versions/cs2103/insertions as some of its dependencies were changed since the last visit
2026-07-07T14:10:54.475Z - [36mverbose[39m: Rendering page: /Users/damithch/Repos/git-mastery/git-mastery.github.io/versions/cs2103/insertions.md
2026-07-07T14:10:54.480Z - [32minfo[39m: Site data built
2026-07-07T14:10:54.480Z - [32minfo[39m: Lazy website regeneration complete! Total build time: 0.045s
2026-07-07T14:10:57.589Z - [32minfo[39m: Building /Users/damithch/Repos/git-mastery/git-mastery.github.io/lessons/index as some of its dependencies were changed since the last visit
2026-07-07T14:10:57.963Z - [36mverbose[39m: Rendering page: /Users/damithch/Repos/git-mastery/git-mastery.github.io/lessons/index.md
2026-07-07T14:10:57.978Z - [32minfo[39m: Site data built
2026-07-07T14:10:57.978Z - [32minfo[39m: Lazy website regeneration complete! Total build time: 0.389s
2026-07-07T14:11:00.917Z - [32minfo[39m: Building /Users/damithch/Repos/git-mastery/git-mastery.github.io/lessons/trail/all as some of its dependencies were changed since the last visit
2026-07-07T14:11:04.045Z - [36mverbose[39m: Rendering page: /Users/damithch/Repos/git-mastery/git-mastery.github.io/lessons/trail/all.md
2026-07-07T14:11:04.310Z - [32minfo[39m: Site data built
2026-07-07T14:11:04.311Z - [32minfo[39m: Lazy website regeneration complete! Total build time: 3.394s
2026-07-07T14:11:43.471Z - [32minfo[39m: Building /Users/damithch/Repos/git-mastery/git-mastery.github.io/lessons/trail/recordingFolderHistory/index as some of its dependencies were changed since the last visit
2026-07-07T14:11:44.072Z - [36mverbose[39m: Rendering page: /Users/damithch/Repos/git-mastery/git-mastery.github.io/lessons/trail/recordingFolderHistory/index.md
2026-07-07T14:11:44.133Z - [32minfo[39m: Site data built
2026-07-07T14:11:44.133Z - [32minfo[39m: Lazy website regeneration complete! Total build time: 0.662s
